; spectre corrige
; 1) parametres globaux
; modes p : Dnu (muHz), numax (muHz), epsilon_p, d01
; modes g : DPi1 estime (s), q, epsilon_g
; fond    : cfon, expo  
; 2) spectre et spectre corrige : f, tau, p, test
; f   = frequence en muHz
; tau = echelle de temps corrigee en s
; p   = densite spectrale (seuillee et corrigee du fond), 
; le test vaut 1 pour les maxima locaux, sinon 0
;____________________________________________
  11.029 128.400   1.197   0.510
  78.800   0.143   0.000
     76.  -2.228
  100.828080     39.606014       0.00   0
  100.835951     40.376752       0.00   0
  100.843823     41.147490       0.00   0
  100.851694     41.918228       0.00   0
  100.859565     42.688966       0.00   0
  100.867436     43.459704       0.00   0
  100.875307     44.230441       0.00   0
  100.883178     45.001179       0.00   0
  100.891049     45.771917       0.00   0
  100.898920     46.542655       0.00   0
  100.906791     47.313393       0.00   0
  100.914662     48.084131       0.00   0
  100.922533     48.854868       0.00   0
  100.930404     49.625606       0.00   0
  100.938275     50.396344       0.00   0
  100.946146     51.167082       0.00   0
  100.954017     51.937820       0.00   0
  100.961888     52.708558       0.00   0
  100.969759     53.479296       0.00   0
  100.977630     54.250033       0.00   0
  100.985501     55.020771       0.00   0
  100.993372     55.791509       0.00   0
  101.001243     56.562247       0.00   0
  101.009114     57.332985       0.00   0
  101.016985     58.103723       0.00   0
  101.024857     58.874460       0.00   0
  101.032728     59.645198       0.00   0
  101.040599     60.415936       0.00   0
  101.048470     61.186674       0.00   0
  101.056341     61.957412       0.00   0
  101.064212     62.728150       0.00   0
  101.072083     63.498887       0.00   0
  101.079954     64.269625       0.00   0
  101.087825     65.040363       0.00   0
  101.095696     65.811101       0.00   0
  101.103567     66.581839       0.00   0
  101.111438     67.352577       0.00   0
  101.119309     68.123315       0.00   0
  101.127180     68.894052       0.00   0
  101.135051     69.664790       0.00   0
  101.142922     70.435528       0.00   0
  101.150793     71.206266       0.00   0
  101.158664     71.977004       0.00   0
  101.166535     72.747742       0.00   0
  101.174406     73.518479       0.00   0
  101.182277     74.289217       0.00   0
  101.190148     75.059955       0.00   0
  101.198020     75.830693       0.00   0
  101.205891     76.601431       0.00   0
  101.213762     77.372169       0.00   0
  101.221633     78.142906       0.00   0
  101.229504     78.913644       0.00   0
  101.237375     79.684382       0.00   0
  101.245246     80.455120       0.00   0
  101.253117     81.225858       0.00   0
  101.260988     81.996596       0.00   0
  101.268859     82.767334       0.00   0
  101.276730     83.538071       0.00   0
  101.284601     84.308809       0.00   0
  101.292472     85.079547       0.00   0
  101.300343     85.850285       0.00   0
  101.308214     86.621023       0.00   0
  101.316085     87.391761       0.00   0
  101.323956     88.162498       0.00   0
  101.331827     88.933236       0.00   0
  101.339698     89.703974       0.00   0
  101.347569     90.474712       0.00   0
  101.355440     91.245450       0.00   0
  101.363311     92.016188       0.00   0
  101.371182     92.786925       0.00   0
  101.379054     93.557663       0.00   0
  101.386925     94.328401       0.00   0
  101.394796     95.099139       0.00   0
  101.402667     95.869877       0.00   0
  101.410538     96.640615       0.00   0
  101.418409     97.411353       0.00   0
  101.426280     98.182090       0.00   0
  101.434151     98.952828       0.00   0
  101.442022     99.723566       0.00   0
  101.449893    100.494304       0.00   0
  101.457764    101.265042       0.00   0
  101.465635    102.035780       0.00   0
  101.473506    102.806517       0.00   0
  101.481377    103.577255       0.00   0
  101.489248    104.347993       0.00   0
  101.497119    105.118731       0.00   0
  101.504990    105.889469       0.00   0
  101.512861    106.660207       0.00   0
  101.520732    107.430944       0.00   0
  101.528603    108.201682       0.00   0
  101.536474    108.972420       0.00   0
  101.544345    109.743158       0.00   0
  101.552217    110.513896       0.00   0
  101.560088    111.284634       0.00   0
  101.567959    112.055372       0.00   0
  101.575830    112.826109       0.00   0
  101.583701    113.596847       0.00   0
  101.591572    114.367585       0.00   0
  101.599443    115.138323       0.00   0
  101.607314    115.909061       0.00   0
  101.615185    116.679799       0.00   0
  101.623056    117.450536       0.00   0
  101.630927    118.221274       0.00   0
  101.638798    118.990499       0.00   0
  101.646669    119.758808       0.00   0
  101.654540    120.527117       0.00   0
  101.662411    121.295426       0.00   0
  101.670282    122.063735       0.00   0
  101.678153    122.832044       0.00   0
  101.686024    123.600353       0.00   0
  101.693895    124.368662       0.00   0
  101.701766    125.136972       0.00   0
  101.709637    125.905281       0.00   0
  101.717508    126.673590       0.00   0
  101.725380    127.441899       0.00   0
  101.733251    128.210208       0.00   0
  101.741122    128.978517       0.00   0
  101.748993    129.746826       0.00   0
  101.756864    130.515135       0.00   0
  101.764735    131.283444       0.00   0
  101.772606    132.051754       0.00   0
  101.780477    132.820063       0.00   0
  101.788348    133.588372       0.00   0
  101.796219    134.356681       0.00   0
  101.804090    135.124990       0.00   0
  101.811961    135.893299       0.00   0
  101.819832    136.661608       0.00   0
  101.827703    137.429695       0.00   0
  101.835574    138.195565       0.00   0
  101.843445    138.961435       0.00   0
  101.851316    139.727305       0.00   0
  101.859187    140.493176       0.00   0
  101.867058    141.259046       0.00   0
  101.874929    142.024916       0.00   0
  101.882800    142.790786       0.00   0
  101.890671    143.556656       0.00   0
  101.898542    144.322527       0.00   0
  101.906414    145.088397       0.00   0
  101.914285    145.854267       0.00   0
  101.922156    146.620137       0.00   0
  101.930027    147.386008       0.00   0
  101.937898    148.151878       0.00   0
  101.945769    148.917748       0.00   0
  101.953640    149.683618       0.00   0
  101.961511    150.449488       0.00   0
  101.969382    151.215359       0.00   0
  101.977253    151.981229       0.00   0
  101.985124    152.747099       0.00   0
  101.992995    153.512969       0.00   0
  102.000866    154.278839       0.00   0
  102.008737    155.044710       0.00   0
  102.016608    155.810580       0.00   0
  102.024479    156.576450       0.00   0
  102.032350    157.341925       0.00   0
  102.040221    158.105366       0.00   0
  102.048092    158.868808       0.00   0
  102.055963    159.632249       0.00   0
  102.063834    160.395690       0.00   0
  102.071705    161.159131       0.00   0
  102.079577    161.922572       0.00   0
  102.087448    162.686013       0.00   0
  102.095319    163.449454       0.00   0
  102.103190    164.212895       0.00   0
  102.111061    164.976336       0.00   0
  102.118932    165.739778       0.00   0
  102.126803    166.503219       0.00   0
  102.134674    167.266660       0.00   0
  102.142545    168.030101       0.00   0
  102.150416    168.793542       0.00   0
  102.158287    169.556983       0.00   0
  102.166158    170.320424       0.00   0
  102.174029    171.083865       0.00   0
  102.181900    171.847306       0.00   0
  102.189771    172.610748       0.00   0
  102.197642    173.374189       0.00   0
  102.205513    174.137630       0.00   0
  102.213384    174.901071       0.00   0
  102.221255    175.664512       0.00   0
  102.229126    176.427953       0.00   0
  102.236997    177.190988       0.00   0
  102.244868    177.952010       0.00   0
  102.252739    178.713032       0.00   0
  102.260611    179.474053       0.00   0
  102.268482    180.235075       0.00   0
  102.276353    180.996097       0.00   0
  102.284224    181.757119       0.00   0
  102.292095    182.518140       0.00   0
  102.299966    183.279162       0.00   0
  102.307837    184.040184       0.00   0
  102.315708    184.801206       0.00   0
  102.323579    185.562228       0.00   0
  102.331450    186.323249       0.00   0
  102.339321    187.084271       0.00   0
  102.347192    187.845293       0.00   0
  102.355063    188.606315       0.00   0
  102.362934    189.367336       0.00   0
  102.370805    190.128358       0.00   0
  102.378676    190.889380       0.00   0
  102.386547    191.650402       0.00   0
  102.394418    192.411423       0.00   0
  102.402289    193.172445       0.00   0
  102.410160    193.933467       0.00   0
  102.418031    194.694489       0.00   0
  102.425902    195.455511       0.00   0
  102.433774    196.216532       0.00   0
  102.441645    196.976118       0.00   0
  102.449516    197.732411       0.00   0
  102.457387    198.488704       0.00   0
  102.465258    199.244997       0.00   0
  102.473129    200.001290       0.00   0
  102.481000    200.757584       0.00   0
  102.488871    201.513877       0.00   0
  102.496742    202.270170       0.00   0
  102.504613    203.026463       0.00   0
  102.512484    203.782756       0.00   0
  102.520355    204.539049       0.00   0
  102.528226    205.295342       0.00   0
  102.536097    206.051635       0.00   0
  102.543968    206.807928       0.00   0
  102.551839    207.564221       0.00   0
  102.559710    208.320514       0.00   0
  102.567581    209.076807       0.00   0
  102.575452    209.833100       0.00   0
  102.583323    210.589393       0.00   0
  102.591194    211.345686       0.00   0
  102.599065    212.101980       0.00   0
  102.606936    212.858273    1916.06   1
  102.614808    213.614566      88.62   0
  102.622679    214.370859      10.63   0
  102.630550    215.127152       0.00   0
  102.638421    215.883445       0.00   0
  102.646292    216.638624       0.00   0
  102.654163    217.392732      32.80   0
  102.662034    218.146839     457.64   0
  102.669905    218.900947       0.00   0
  102.677776    219.655055       0.00   0
  102.685647    220.409163     163.32   0
  102.693518    221.163270       0.00   0
  102.701389    221.917378       0.00   0
  102.709260    222.671486       0.00   0
  102.717131    223.425593     104.54   0
  102.725002    224.179701       0.00   0
  102.732873    224.933809       0.00   0
  102.740744    225.687917       0.00   0
  102.748615    226.442024       0.00   0
  102.756486    227.196132       0.00   0
  102.764357    227.950240     233.59   0
  102.772228    228.704348     136.19   0
  102.780099    229.458455       0.09   0
  102.787971    230.212563       0.00   0
  102.795842    230.966671       0.00   0
  102.803713    231.720779       0.00   0
  102.811584    232.474886       0.00   0
  102.819455    233.228994       0.00   0
  102.827326    233.983102       0.00   0
  102.835197    234.737209       0.00   0
  102.843068    235.491317       0.00   0
  102.850939    236.244607      55.88   0
  102.858810    236.996647       0.00   0
  102.866681    237.748687       0.00   0
  102.874552    238.500727      81.75   0
  102.882423    239.252767       0.00   0
  102.890294    240.004808     162.60   0
  102.898165    240.756848       0.00   0
  102.906036    241.508888      98.41   0
  102.913907    242.260928       0.00   0
  102.921778    243.012969       0.00   0
  102.929649    243.765009     136.81   0
  102.937520    244.517049       0.00   0
  102.945391    245.269089       0.00   0
  102.953262    246.021130       0.00   0
  102.961133    246.773170     143.42   0
  102.969005    247.525210     122.70   0
  102.976876    248.277250       0.00   0
  102.984747    249.029290     248.39   0
  102.992618    249.781331       0.00   0
  103.000489    250.533371     341.82   0
  103.008360    251.285411       0.00   0
  103.016231    252.037451     124.23   0
  103.024102    252.789492       0.00   0
  103.031973    253.541532       0.00   0
  103.039844    254.293572     684.35   0
  103.047715    255.045612       0.00   0
  103.055586    255.797258       0.00   0
  103.063457    256.547303       0.00   0
  103.071328    257.297349       0.00   0
  103.079199    258.047394     934.49   1
  103.087070    258.797440       0.00   0
  103.094941    259.547485       0.00   0
  103.102812    260.297531      26.90   0
  103.110683    261.047576       0.00   0
  103.118554    261.797622       0.00   0
  103.126425    262.547667       5.75   0
  103.134296    263.297713     237.31   0
  103.142168    264.047758      79.27   0
  103.150039    264.797804       0.00   0
  103.157910    265.547849     298.66   0
  103.165781    266.297895      17.63   0
  103.173652    267.047940     288.13   0
  103.181523    267.797986       0.00   0
  103.189394    268.548031       0.00   0
  103.197265    269.298077      32.56   0
  103.205136    270.048122       0.00   0
  103.213007    270.798168       0.00   0
  103.220878    271.548213      28.44   0
  103.228749    272.298259       0.00   0
  103.236620    273.048304       0.00   0
  103.244491    273.798350       0.00   0
  103.252362    274.548396       0.00   0
  103.260233    275.298441       0.00   0
  103.268104    276.045685       2.62   0
  103.275975    276.791951       0.00   0
  103.283846    277.538216       0.00   0
  103.291717    278.284482      79.35   0
  103.299588    279.030747       4.44   0
  103.307459    279.777013       0.00   0
  103.315330    280.523278      47.51   0
  103.323202    281.269544     101.75   0
  103.331073    282.015809       0.00   0
  103.338944    282.762075     142.79   0
  103.346815    283.508340       0.00   0
  103.354686    284.254606      97.97   0
  103.362557    285.000871     252.48   0
  103.370428    285.747137     273.99   0
  103.378299    286.493402       0.00   0
  103.386170    287.239668       0.00   0
  103.394041    287.985933      46.54   0
  103.401912    288.732199       0.00   0
  103.409783    289.478464      97.05   0
  103.417654    290.224730      32.76   0
  103.425525    290.970995     165.85   0
  103.433396    291.717261      89.02   0
  103.441267    292.463526     116.57   0
  103.449138    293.209792      88.20   0
  103.457009    293.956057     392.58   0
  103.464880    294.702323       0.00   0
  103.472751    295.447832      76.58   0
  103.480622    296.192298       0.00   0
  103.488493    296.936764       0.00   0
  103.496365    297.681230     250.81   0
  103.504236    298.425696     293.06   0
  103.512107    299.170162       0.00   0
  103.519978    299.914628       0.00   0
  103.527849    300.659094       0.00   0
  103.535720    301.403559     203.66   0
  103.543591    302.148025     248.59   0
  103.551462    302.892491     390.90   0
  103.559333    303.636957      65.32   0
  103.567204    304.381423       0.00   0
  103.575075    305.125889       0.00   0
  103.582946    305.870355       0.00   0
  103.590817    306.614821       0.00   0
  103.598688    307.359287       0.00   0
  103.606559    308.103753       0.00   0
  103.614430    308.848219       0.00   0
  103.622301    309.592685       0.00   0
  103.630172    310.337151       0.00   0
  103.638043    311.081617      49.56   0
  103.645914    311.826083     133.15   0
  103.653785    312.570549     232.94   0
  103.661656    313.315015       0.00   0
  103.669528    314.059481       0.00   0
  103.677399    314.803594       0.00   0
  103.685270    315.546260       0.00   0
  103.693141    316.288925       0.00   0
  103.701012    317.031590       0.00   0
  103.708883    317.774255       0.00   0
  103.716754    318.516921       0.00   0
  103.724625    319.259586       0.00   0
  103.732496    320.002251      64.49   0
  103.740367    320.744916     106.24   0
  103.748238    321.487582       0.00   0
  103.756109    322.230247      21.36   0
  103.763980    322.972912       0.00   0
  103.771851    323.715578     455.74   0
  103.779722    324.458243      22.09   0
  103.787593    325.200908      91.85   0
  103.795464    325.943573     753.83   1
  103.803335    326.686239       0.00   0
  103.811206    327.428904     354.19   0
  103.819077    328.171569       0.00   0
  103.826948    328.914234       0.00   0
  103.834819    329.656900     132.90   0
  103.842690    330.399565     374.18   0
  103.850562    331.142230       0.00   0
  103.858433    331.884895       0.00   0
  103.866304    332.627561       0.00   0
  103.874175    333.370226      36.07   0
  103.882046    334.112891       0.00   0
  103.889917    334.854330       0.00   0
  103.897788    335.595530       0.00   0
  103.905659    336.336731       4.65   0
  103.913530    337.077931     656.06   1
  103.921401    337.819132       0.00   0
  103.929272    338.560332     103.71   0
  103.937143    339.301532       0.00   0
  103.945014    340.042733     442.47   0
  103.952885    340.783933     357.38   0
  103.960756    341.525134      17.46   0
  103.968627    342.266334       0.00   0
  103.976498    343.007535       0.00   0
  103.984369    343.748735     191.79   0
  103.992240    344.489935     138.20   0
  104.000111    345.231136       2.13   0
  104.007982    345.972336     246.62   0
  104.015853    346.713537       0.00   0
  104.023725    347.454737       0.00   0
  104.031596    348.195938     513.95   0
  104.039467    348.937138      55.52   0
  104.047338    349.678338       0.00   0
  104.055209    350.419539       0.00   0
  104.063080    351.160739       0.00   0
  104.070951    351.901940       0.00   0
  104.078822    352.643140      18.10   0
  104.086693    353.384341     575.14   0
  104.094564    354.124945       0.00   0
  104.102435    354.864574      54.24   0
  104.110306    355.603269     163.29   0
  104.118177    356.341964     135.23   0
  104.126048    357.080659      41.97   0
  104.133919    357.819354       0.00   0
  104.141790    358.558048       0.00   0
  104.149661    359.296743     699.33   0
  104.157532    360.035438     283.24   0
  104.165403    360.774133      85.84   0
  104.173274    361.512828    1153.11   1
  104.181145    362.251523     255.67   0
  104.189016    362.990218       0.00   0
  104.196887    363.728913       0.00   0
  104.204759    364.467608       0.00   0
  104.212630    365.206303      54.37   0
  104.220501    365.944998       2.26   0
  104.228372    366.683692      56.52   0
  104.236243    367.422387       0.00   0
  104.244114    368.161082       0.00   0
  104.251985    368.899777      96.91   0
  104.259856    369.638472       0.00   0
  104.267727    370.377167      60.85   0
  104.275598    371.115862       0.00   0
  104.283469    371.854557     173.02   0
  104.291340    372.593252       0.00   0
  104.299211    373.331947       0.00   0
  104.307082    374.070582       0.00   0
  104.314953    374.808204       4.22   0
  104.322824    375.545827     147.92   0
  104.330695    376.283450      84.20   0
  104.338566    377.021072     237.72   0
  104.346437    377.758695      49.97   0
  104.354308    378.496318      57.85   0
  104.362179    379.233941       0.00   0
  104.370050    379.971563       0.00   0
  104.377922    380.709186     476.51   0
  104.385793    381.446809       0.00   0
  104.393664    382.184431      71.21   0
  104.401535    382.922054      64.78   0
  104.409406    383.659677       0.00   0
  104.417277    384.397299       0.00   0
  104.425148    385.134922       0.00   0
  104.433019    385.872545     486.70   0
  104.440890    386.610167       0.00   0
  104.448761    387.347790       0.00   0
  104.456632    388.085413       0.00   0
  104.464503    388.823036      46.18   0
  104.472374    389.560658       0.00   0
  104.480245    390.298281      43.46   0
  104.488116    391.035904       0.00   0
  104.495987    391.773526      79.22   0
  104.503858    392.511149      77.83   0
  104.511729    393.248772     184.89   0
  104.519600    393.986004       0.00   0
  104.527471    394.723081       8.56   0
  104.535342    395.460157      56.97   0
  104.543213    396.197233       0.00   0
  104.551084    396.934310     507.56   0
  104.558956    397.671386      48.19   0
  104.566827    398.408462      14.74   0
  104.574698    399.145539      94.46   0
  104.582569    399.882615       0.00   0
  104.590440    400.619691       0.00   0
  104.598311    401.356768       0.00   0
  104.606182    402.093844     207.71   0
  104.614053    402.830920       3.25   0
  104.621924    403.567997      63.94   0
  104.629795    404.305073     220.26   0
  104.637666    405.042149      33.46   0
  104.645537    405.779225      49.69   0
  104.653408    406.516302       0.00   0
  104.661279    407.253378      17.51   0
  104.669150    407.990454       0.00   0
  104.677021    408.727531     157.49   0
  104.684892    409.464607      83.05   0
  104.692763    410.201683      32.04   0
  104.700634    410.938760       0.00   0
  104.708505    411.675836      60.13   0
  104.716376    412.412912     118.42   0
  104.724247    413.149881       0.00   0
  104.732119    413.886709      34.84   0
  104.739990    414.623537       0.00   0
  104.747861    415.360365     284.57   0
  104.755732    416.097193     710.01   1
  104.763603    416.834020     109.98   0
  104.771474    417.570848      99.58   0
  104.779345    418.307676       0.00   0
  104.787216    419.044504       0.00   0
  104.795087    419.781331       0.00   0
  104.802958    420.518159       0.00   0
  104.810829    421.254987       0.00   0
  104.818700    421.991815       0.00   0
  104.826571    422.728643       0.00   0
  104.834442    423.465470     401.32   0
  104.842313    424.202298      85.78   0
  104.850184    424.939126     150.01   0
  104.858055    425.675954      19.94   0
  104.865926    426.412781     159.63   0
  104.873797    427.149609       0.00   0
  104.881668    427.886437       0.00   0
  104.889539    428.623265      43.55   0
  104.897410    429.360093       0.00   0
  104.905281    430.096920       0.00   0
  104.913153    430.833748      68.05   0
  104.921024    431.570576     186.15   0
  104.928895    432.307436     212.10   0
  104.936766    433.044629       0.00   0
  104.944637    433.781837       0.00   0
  104.952508    434.519496       0.00   0
  104.960379    435.257155     151.78   0
  104.968250    435.994815     216.07   0
  104.976121    436.732474       0.00   0
  104.983992    437.470134     194.74   0
  104.991863    438.207793       0.00   0
  104.999734    438.945453     123.51   0
  105.007605    439.683112       0.00   0
  105.015476    440.420771       0.00   0
  105.023347    441.158431     155.81   0
  105.031218    441.896090       0.00   0
  105.039089    442.633750     162.41   0
  105.046960    443.371409     232.37   0
  105.054831    444.109069       0.00   0
  105.062702    444.846728     222.10   0
  105.070573    445.584387      84.59   0
  105.078444    446.322047     181.74   0
  105.086316    447.059706       0.00   0
  105.094187    447.797366       0.00   0
  105.102058    448.535025       0.00   0
  105.109929    449.272685     302.72   0
  105.117800    450.010344     203.57   0
  105.125671    450.748003       0.00   0
  105.133542    451.485663       0.00   0
  105.141413    452.223322       0.00   0
  105.149284    452.960982     136.05   0
  105.157155    453.700026       0.00   0
  105.165026    454.439196     400.33   0
  105.172897    455.178366      68.28   0
  105.180768    455.917535     112.05   0
  105.188639    456.656705       0.00   0
  105.196510    457.395875      94.86   0
  105.204381    458.135045      54.46   0
  105.212252    458.874214     416.75   0
  105.220123    459.613384      21.93   0
  105.227994    460.352554       0.00   0
  105.235865    461.091724     156.37   0
  105.243736    461.830894       0.00   0
  105.251607    462.570063     283.81   0
  105.259478    463.309233     149.92   0
  105.267350    464.048403       0.00   0
  105.275221    464.787573      79.02   0
  105.283092    465.526742      31.03   0
  105.290963    466.265912     825.01   1
  105.298834    467.005082       0.00   0
  105.306705    467.744252       0.00   0
  105.314576    468.483422       0.00   0
  105.322447    469.222591       0.00   0
  105.330318    469.961761     107.16   0
  105.338189    470.700931     256.93   0
  105.346060    471.440101       0.00   0
  105.353931    472.179270      95.76   0
  105.361802    472.920769       0.00   0
  105.369673    473.662719     507.59   0
  105.377544    474.404669       0.00   0
  105.385415    475.146618       0.00   0
  105.393286    475.888568      13.07   0
  105.401157    476.630518      16.17   0
  105.409028    477.372468      15.75   0
  105.416899    478.114418       0.00   0
  105.424770    478.856367       0.00   0
  105.432641    479.598317       0.00   0
  105.440513    480.340267       0.00   0
  105.448384    481.082217       0.00   0
  105.456255    481.824167       0.00   0
  105.464126    482.566116       0.00   0
  105.471997    483.308066     117.71   0
  105.479868    484.050016       0.00   0
  105.487739    484.791966       0.00   0
  105.495610    485.533916      47.61   0
  105.503481    486.275865     307.82   0
  105.511352    487.017815     311.72   0
  105.519223    487.759765      21.08   0
  105.527094    488.501715      80.00   0
  105.534965    489.243665       0.00   0
  105.542836    489.985614      73.55   0
  105.550707    490.727564     121.08   0
  105.558578    491.469514     330.07   0
  105.566449    492.215575       0.00   0
  105.574320    492.962383       0.00   0
  105.582191    493.709191       0.00   0
  105.590062    494.455999       0.00   0
  105.597933    495.202807       0.00   0
  105.605804    495.949614     209.67   0
  105.613675    496.696422     240.32   0
  105.621547    497.443230       0.00   0
  105.629418    498.190038      53.57   0
  105.637289    498.936846     567.13   0
  105.645160    499.683654       0.00   0
  105.653031    500.430461     308.33   0
  105.660902    501.177269       0.00   0
  105.668773    501.924077       0.00   0
  105.676644    502.670885       0.00   0
  105.684515    503.417693     163.73   0
  105.692386    504.164500     105.07   0
  105.700257    504.911308       0.73   0
  105.708128    505.658116       0.00   0
  105.715999    506.404924     209.78   0
  105.723870    507.151732     526.09   0
  105.731741    507.898540       0.00   0
  105.739612    508.645347     291.51   0
  105.747483    509.392155       0.00   0
  105.755354    510.138963       0.00   0
  105.763225    510.885771     201.81   0
  105.771096    511.640356       0.00   0
  105.778967    512.395138       0.00   0
  105.786838    513.151321     139.41   0
  105.794710    513.914581     104.55   0
  105.802581    514.677841       0.00   0
  105.810452    515.441101      28.03   0
  105.818323    516.204361       0.00   0
  105.826194    516.967621       0.00   0
  105.834065    517.730881    1068.78   0
  105.841936    518.494141     460.27   0
  105.849807    519.257401    1099.92   1
  105.857678    520.020661       0.00   0
  105.865549    520.783922      17.37   0
  105.873420    521.547182      15.47   0
  105.881291    522.310442       0.00   0
  105.889162    523.073702       0.00   0
  105.897033    523.836962     293.54   0
  105.904904    524.600222     300.12   0
  105.912775    525.363482      19.40   0
  105.920646    526.126742      47.18   0
  105.928517    526.890002     128.02   0
  105.936388    527.653262       0.00   0
  105.944259    528.416523       0.00   0
  105.952130    529.179783     259.84   0
  105.960001    529.943043       0.00   0
  105.967873    530.706303       0.00   0
  105.975744    531.469563       0.00   0
  105.983615    532.232823       0.00   0
  105.991486    533.007410       0.00   0
  105.999357    533.783754     125.79   0
  106.007228    534.560098       0.00   0
  106.015099    535.336442     118.27   0
  106.022970    536.112786      40.80   0
  106.030841    536.889129     245.44   0
  106.038712    537.665473     290.47   0
  106.046583    538.441817     186.03   0
  106.054454    539.218161       0.00   0
  106.062325    539.994505       0.00   0
  106.070196    540.770849     124.49   0
  106.078067    541.547192     119.89   0
  106.085938    542.323536     115.75   0
  106.093809    543.099880       0.00   0
  106.101680    543.876224       0.00   0
  106.109551    544.652568       0.00   0
  106.117422    545.428912       0.00   0
  106.125293    546.205255      33.76   0
  106.133164    546.981599      11.78   0
  106.141035    547.757943     108.31   0
  106.148907    548.534287       0.00   0
  106.156778    549.310631     145.40   0
  106.164649    550.086975     264.63   0
  106.172520    550.863319       0.00   0
  106.180391    551.639662      56.55   0
  106.188262    552.434493       0.00   0
  106.196133    553.230484       0.00   0
  106.204004    554.026476       0.00   0
  106.211875    554.822467     359.39   0
  106.219746    555.618459     572.56   0
  106.227617    556.414450       0.00   0
  106.235488    557.210442       0.00   0
  106.243359    558.006433       0.00   0
  106.251230    558.802425      10.10   0
  106.259101    559.598417       0.00   0
  106.266972    560.394408     322.16   0
  106.274843    561.190400       0.00   0
  106.282714    561.986391       0.00   0
  106.290585    562.782383     544.60   0
  106.298456    563.578374       0.00   0
  106.306327    564.374366       0.00   0
  106.314198    565.170357      70.27   0
  106.322070    565.966349       0.00   0
  106.329941    566.762340     469.41   0
  106.337812    567.558332       0.00   0
  106.345683    568.354323       0.00   0
  106.353554    569.150315      28.78   0
  106.361425    569.946306      66.56   0
  106.369296    570.742298       0.00   0
  106.377167    571.556742       0.00   0
  106.385038    572.380624       0.00   0
  106.392909    573.204506       0.00   0
  106.400780    574.028388       0.00   0
  106.408651    574.852270       0.00   0
  106.416522    575.676152       0.00   0
  106.424393    576.500034      68.42   0
  106.432264    577.323916       4.44   0
  106.440135    578.147798      42.60   0
  106.448006    578.971680     242.32   0
  106.455877    579.795563       0.00   0
  106.463748    580.619445      56.62   0
  106.471619    581.443327      44.56   0
  106.479490    582.267209       0.00   0
  106.487361    583.091091       0.00   0
  106.495232    583.914973     918.69   1
  106.503104    584.738855       0.00   0
  106.510975    585.562737       0.00   0
  106.518846    586.386619       0.00   0
  106.526717    587.210501     219.91   0
  106.534588    588.034383       0.00   0
  106.542459    588.858266     281.61   0
  106.550330    589.682148     521.22   0
  106.558201    590.516718       0.00   0
  106.566072    591.376980       0.00   0
  106.573943    592.237241       0.00   0
  106.581814    593.100958     141.87   0
  106.589685    593.999222      98.26   0
  106.597556    594.897485       0.00   0
  106.605427    595.795748       5.21   0
  106.613298    596.694012     226.52   0
  106.621169    597.592275       0.00   0
  106.629040    598.490539     125.68   0
  106.636911    599.388802     165.10   0
  106.644782    600.287066     532.27   0
  106.652653    601.185329    2876.54   1
  106.660524    602.083592     102.40   0
  106.668395    602.981856     451.64   0
  106.676267    603.880119      59.70   0
  106.684138    604.778383       0.00   0
  106.692009    605.676646       0.00   0
  106.699880    606.574909       0.00   0
  106.707751    607.473173       0.00   0
  106.715622    608.371436      20.53   0
  106.723493    609.269700     213.99   0
  106.731364    610.167963      14.18   0
  106.739235    611.066226      95.41   0
  106.747106    611.964490       0.00   0
  106.754977    612.879311       0.00   0
  106.762848    613.820247       0.00   0
  106.770719    614.761183      87.42   0
  106.778590    615.702120       0.00   0
  106.786461    616.643056       0.00   0
  106.794332    617.583992     243.34   0
  106.802203    618.524928       0.00   0
  106.810074    619.465865       0.00   0
  106.817945    620.406801       0.00   0
  106.825816    621.347737     703.69   1
  106.833687    622.288673     142.73   0
  106.841558    623.229609      10.47   0
  106.849429    624.170546     328.07   0
  106.857301    625.111482       0.00   0
  106.865172    626.052418       0.00   0
  106.873043    626.993354       0.00   0
  106.880914    627.934290     335.63   0
  106.888785    628.875227       0.00   0
  106.896656    629.816163     111.86   0
  106.904527    630.757099     694.06   0
  106.912398    631.705315       0.00   0
  106.920269    632.685353     449.16   0
  106.928140    633.665391     218.27   0
  106.936011    634.645428     344.34   0
  106.943882    635.625466      59.60   0
  106.951753    636.605504    1431.96   0
  106.959624    637.585542       7.12   0
  106.967495    638.565580     450.88   0
  106.975366    639.545618     338.36   0
  106.983237    640.525656     154.81   0
  106.991108    641.505694     808.45   0
  106.998979    642.485732       0.00   0
  107.006850    643.465770    1536.57   1
  107.014721    644.445808       2.50   0
  107.022592    645.425846    1381.38   0
  107.030464    646.405884      36.88   0
  107.038335    647.385922       0.00   0
  107.046206    648.365960      32.38   0
  107.054077    649.345998     118.19   0
  107.061948    650.337240      82.03   0
  107.069819    651.342142      88.66   0
  107.077690    652.347045       0.00   0
  107.085561    653.351947       0.00   0
  107.093432    654.356849     943.31   0
  107.101303    655.361751       0.00   0
  107.109174    656.366653     267.74   0
  107.117045    657.371556     211.44   0
  107.124916    658.376458     114.40   0
  107.132787    659.381360     494.47   0
  107.140658    660.386262     625.98   0
  107.148529    661.391164    1268.71   0
  107.156400    662.396067    1467.84   1
  107.164271    663.400969       7.14   0
  107.172142    664.405871     312.21   0
  107.180013    665.410773       0.00   0
  107.187884    666.415675     232.44   0
  107.195755    667.420578       0.00   0
  107.203626    668.427181       0.00   0
  107.211498    669.434596       0.00   0
  107.219369    670.442011     364.78   0
  107.227240    671.448243      40.35   0
  107.235111    672.454131     373.50   0
  107.242982    673.460019       0.00   0
  107.250853    674.465907      95.67   0
  107.258724    675.471795      47.56   0
  107.266595    676.477683      31.89   0
  107.274466    677.483571      30.18   0
  107.282337    678.489459     201.33   0
  107.290208    679.495347     279.92   0
  107.298079    680.501236       0.00   0
  107.305950    681.507124    3315.40   0
  107.313821    682.513012    3351.48   1
  107.321692    683.518900     479.14   0
  107.329563    684.524788     223.22   0
  107.337434    685.530676    1054.68   0
  107.345305    686.536564    1582.38   0
  107.353176    687.542452     434.95   0
  107.361047    688.542185     129.00   0
  107.368918    689.523398     105.63   0
  107.376789    690.504610     366.61   0
  107.384661    691.485823      34.70   0
  107.392532    692.467035     318.41   0
  107.400403    693.448248       0.00   0
  107.408274    694.429460       0.00   0
  107.416145    695.410673     754.81   0
  107.424016    696.391885     165.24   0
  107.431887    697.373098       0.00   0
  107.439758    698.354311     104.50   0
  107.447629    699.335523     471.29   0
  107.455500    700.316736     209.43   0
  107.463371    701.297948      44.42   0
  107.471242    702.279161       0.00   0
  107.479113    703.260373      78.97   0
  107.486984    704.241586       0.00   0
  107.494855    705.222798     776.96   0
  107.502726    706.204011     328.54   0
  107.510597    707.152669     277.53   0
  107.518468    708.093096     160.67   0
  107.526339    709.033523     111.16   0
  107.534210    709.973949    1454.02   0
  107.542081    710.914376     570.45   0
  107.549952    711.854803    1806.42   0
  107.557823    712.795229      76.13   0
  107.565695    713.735656       0.00   0
  107.573566    714.676083    1174.23   0
  107.581437    715.616509      52.06   0
  107.589308    716.556936    1406.40   0
  107.597179    717.497363     993.39   0
  107.605050    718.437789    1667.75   0
  107.612921    719.378216     842.02   0
  107.620792    720.318642    1895.54   1
  107.628663    721.259069     256.07   0
  107.636534    722.199496     196.40   0
  107.644405    723.139922     729.22   0
  107.652276    724.080349    1577.32   0
  107.660147    725.020776     147.60   0
  107.668018    725.923356     503.75   0
  107.675889    726.817401     670.50   0
  107.683760    727.711447       0.00   0
  107.691631    728.605492     545.27   0
  107.699502    729.499537     108.40   0
  107.707373    730.393582     961.07   0
  107.715244    731.287627       0.00   0
  107.723115    732.181672       0.00   0
  107.730986    733.075717     824.83   0
  107.738858    733.969763    1150.60   0
  107.746729    734.863808     181.18   0
  107.754600    735.757853     329.04   0
  107.762471    736.651898     228.10   0
  107.770342    737.545943      82.26   0
  107.778213    738.439988     240.32   0
  107.786084    739.334033      19.97   0
  107.793955    740.228079       0.00   0
  107.801826    741.122124     152.59   0
  107.809697    742.016169       0.00   0
  107.817568    742.910214       0.00   0
  107.825439    743.804259      56.96   0
  107.833310    744.693422       0.00   0
  107.841181    745.544606      35.66   0
  107.849052    746.395789     577.58   0
  107.856923    747.246973       0.00   0
  107.864794    748.098157       0.00   0
  107.872665    748.914988      86.80   0
  107.880536    749.724024     686.84   0
  107.888407    750.533061     553.97   0
  107.896278    751.342098     431.36   0
  107.904149    752.151135     618.32   0
  107.912021    752.960171    1901.61   1
  107.919892    753.769208     163.61   0
  107.927763    754.578245     497.16   0
  107.935634    755.387281     779.17   0
  107.943505    756.196318     121.79   0
  107.951376    757.005355       0.00   0
  107.959247    757.814392     536.73   0
  107.967118    758.623428       0.00   0
  107.974989    759.432465       0.00   0
  107.982860    760.241502     121.89   0
  107.990731    761.050539     904.44   0
  107.998602    761.859575     171.63   0
  108.006473    762.668612      85.37   0
  108.014344    763.477649     220.35   0
  108.022215    764.286685     220.89   0
  108.030086    765.095722      49.33   0
  108.037957    765.904759       0.00   0
  108.045828    766.713796       0.00   0
  108.053699    767.505078       0.00   0
  108.061570    768.280408       1.23   0
  108.069441    769.055738      64.44   0
  108.077312    769.831068      11.70   0
  108.085183    770.606398      41.73   0
  108.093055    771.381728     203.85   0
  108.100926    772.157058     243.71   0
  108.108797    772.932388       0.00   0
  108.116668    773.707718     310.74   0
  108.124539    774.483048       0.00   0
  108.132410    775.258378       0.00   0
  108.140281    776.033708       0.00   0
  108.148152    776.809038      31.64   0
  108.156023    777.584368      11.50   0
  108.163894    778.359698     127.73   0
  108.171765    779.135028      81.00   0
  108.179636    779.910358     187.65   0
  108.187507    780.685688      83.83   0
  108.195378    781.461018     256.56   0
  108.203249    782.236348       0.00   0
  108.211120    783.011678     204.21   0
  108.218991    783.787008      64.93   0
  108.226862    784.562338      23.93   0
  108.234733    785.337668     473.04   0
  108.242604    786.110116       0.00   0
  108.250475    786.860154     479.25   0
  108.258346    787.610192       0.00   0
  108.266218    788.360230    1244.97   1
  108.274089    789.110269       0.00   0
  108.281960    789.860307     714.41   0
  108.289831    790.610345     625.57   0
  108.297702    791.360383     116.23   0
  108.305573    792.110421     319.42   0
  108.313444    792.860459      76.53   0
  108.321315    793.610497       7.63   0
  108.329186    794.360535       0.00   0
  108.337057    795.110574     242.71   0
  108.344928    795.860612       0.00   0
  108.352799    796.610650       0.00   0
  108.360670    797.360688       0.00   0
  108.368541    798.110726     287.75   0
  108.376412    798.860764       0.00   0
  108.384283    799.610802      29.45   0
  108.392154    800.360841      81.04   0
  108.400025    801.110879       0.00   0
  108.407896    801.860917       0.00   0
  108.415767    802.610955      26.93   0
  108.423638    803.360993      96.74   0
  108.431509    804.111031     153.09   0
  108.439380    804.861069       0.00   0
  108.447252    805.596851       0.00   0
  108.455123    806.328527     200.62   0
  108.462994    807.060203       0.00   0
  108.470865    807.791880     142.63   0
  108.478736    808.523556     467.21   0
  108.486607    809.255233    1443.72   1
  108.494478    809.986909      63.60   0
  108.502349    810.718586     109.90   0
  108.510220    811.450262       0.00   0
  108.518091    812.181939     242.97   0
  108.525962    812.913615     244.31   0
  108.533833    813.645292      70.67   0
  108.541704    814.376968       0.00   0
  108.549575    815.108645       0.00   0
  108.557446    815.840321       0.00   0
  108.565317    816.571997     219.36   0
  108.573188    817.303674       0.00   0
  108.581059    818.035350       0.00   0
  108.588930    818.767027       0.00   0
  108.596801    819.498703     156.49   0
  108.604672    820.230380       0.00   0
  108.612543    820.962056       0.00   0
  108.620415    821.693733       0.00   0
  108.628286    822.425409     137.11   0
  108.636157    823.157086      11.93   0
  108.644028    823.888762       0.00   0
  108.651899    824.609716       0.00   0
  108.659770    825.327976       0.00   0
  108.667641    826.046237       0.00   0
  108.675512    826.764497       0.00   0
  108.683383    827.482757     436.45   0
  108.691254    828.201018       0.00   0
  108.699125    828.907334     519.57   0
  108.706996    829.612849     859.14   1
  108.714867    830.318364       0.00   0
  108.722738    831.023879     208.62   0
  108.730609    831.729394       0.00   0
  108.738480    832.434909       0.00   0
  108.746351    833.140425       0.00   0
  108.754222    833.845940       0.00   0
  108.762093    834.551455       0.00   0
  108.769964    835.256970       0.85   0
  108.777835    835.962485       0.00   0
  108.785706    836.668000     276.47   0
  108.793577    837.373516       0.00   0
  108.801449    838.079031     229.78   0
  108.809320    838.784546       0.00   0
  108.817191    839.490061      79.61   0
  108.825062    840.195576       0.00   0
  108.832933    840.901092       0.00   0
  108.840804    841.606607     102.38   0
  108.848675    842.312122       0.00   0
  108.856546    843.017637      34.26   0
  108.864417    843.723152     144.13   0
  108.872288    844.428667     302.35   0
  108.880159    845.134183       0.00   0
  108.888030    845.839698      83.38   0
  108.895901    846.545213     162.31   0
  108.903772    847.245243      46.33   0
  108.911643    847.941134      29.06   0
  108.919514    848.637024     126.29   0
  108.927385    849.332915       0.00   0
  108.935256    850.028805       0.00   0
  108.943127    850.724696       0.00   0
  108.950998    851.420586      65.11   0
  108.958869    852.116477      31.79   0
  108.966740    852.812367       0.00   0
  108.974612    853.508258       0.00   0
  108.982483    854.204149     142.31   0
  108.990354    854.900039      65.19   0
  108.998225    855.595930     123.25   0
  109.006096    856.291820      51.84   0
  109.013967    856.987711       0.00   0
  109.021838    857.683601       0.00   0
  109.029709    858.379492       0.00   0
  109.037580    859.075382       0.00   0
  109.045451    859.771273       0.00   0
  109.053322    860.467164       0.00   0
  109.061193    861.163054       0.00   0
  109.069064    861.858945       0.00   0
  109.076935    862.554835       0.00   0
  109.084806    863.250726       0.00   0
  109.092677    863.946616      57.52   0
  109.100548    864.642507      74.26   0
  109.108419    865.338397      94.15   0
  109.116290    866.028039       9.07   0
  109.124161    866.716424     224.53   0
  109.132032    867.404809     383.09   0
  109.139903    868.093194    1193.93   1
  109.147774    868.781579     319.99   0
  109.155646    869.469964       0.00   0
  109.163517    870.158349     276.41   0
  109.171388    870.846734       1.67   0
  109.179259    871.535119       0.00   0
  109.187130    872.223504     239.21   0
  109.195001    872.911889     216.58   0
  109.202872    873.600274       0.00   0
  109.210743    874.288659       0.00   0
  109.218614    874.977044       0.00   0
  109.226485    875.665429      76.89   0
  109.234356    876.353814      41.47   0
  109.242227    877.042199       0.00   0
  109.250098    877.730584       0.00   0
  109.257969    878.418969      26.63   0
  109.265840    879.107354     135.21   0
  109.273711    879.795739       0.00   0
  109.281582    880.484124     179.53   0
  109.289453    881.172509       0.00   0
  109.297324    881.860894       0.00   0
  109.305195    882.549278       0.00   0
  109.313066    883.237663       0.00   0
  109.320937    883.926048       0.00   0
  109.328809    884.609744     115.72   0
  109.336680    885.292068       0.00   0
  109.344551    885.974392       0.00   0
  109.352422    886.656716       0.00   0
  109.360293    887.339040      81.71   0
  109.368164    888.021363     132.49   0
  109.376035    888.703687     675.12   1
  109.383906    889.386011       0.00   0
  109.391777    890.068335       0.00   0
  109.399648    890.750659      11.55   0
  109.407519    891.432983       0.00   0
  109.415390    892.115307       0.00   0
  109.423261    892.797631     258.43   0
  109.431132    893.479954     103.13   0
  109.439003    894.162278     178.18   0
  109.446874    894.844602       0.00   0
  109.454745    895.526926      60.64   0
  109.462616    896.209250      54.69   0
  109.470487    896.891574       0.00   0
  109.478358    897.573898       0.00   0
  109.486229    898.256222     101.58   0
  109.494100    898.938545     100.47   0
  109.501971    899.620869      59.09   0
  109.509843    900.303193       0.00   0
  109.517714    900.985517       0.00   0
  109.525585    901.667841       0.00   0
  109.533456    902.350165     211.27   0
  109.541327    903.030092       0.00   0
  109.549198    903.707275      72.13   0
  109.557069    904.384459     368.48   0
  109.564940    905.061643     582.70   1
  109.572811    905.738827       0.00   0
  109.580682    906.416011       0.00   0
  109.588553    907.093195       0.00   0
  109.596424    907.768548      21.79   0
  109.604295    908.440806     184.64   0
  109.612166    909.113064     146.83   0
  109.620037    909.785322      21.18   0
  109.627908    910.457580     246.48   0
  109.635779    911.129838       0.00   0
  109.643650    911.802096       0.00   0
  109.651521    912.474354     171.31   0
  109.659392    913.146612      76.32   0
  109.667263    913.818870       0.00   0
  109.675134    914.491128       0.00   0
  109.683006    915.163386       0.00   0
  109.690877    915.835644       0.00   0
  109.698748    916.507902      42.99   0
  109.706619    917.180160       0.00   0
  109.714490    917.852418       0.00   0
  109.722361    918.524676       0.00   0
  109.730232    919.196934       0.00   0
  109.738103    919.869192       0.00   0
  109.745974    920.541450       6.02   0
  109.753845    921.213708       0.00   0
  109.761716    921.885966       0.00   0
  109.769587    922.558224       0.00   0
  109.777458    923.230482       0.00   0
  109.785329    923.902740       0.00   0
  109.793200    924.574998       0.00   0
  109.801071    925.247256       0.00   0
  109.808942    925.919508      94.02   0
  109.816813    926.587492       0.00   0
  109.824684    927.255476     116.27   0
  109.832555    927.923460      19.80   0
  109.840426    928.591444       0.00   0
  109.848297    929.259427     189.54   0
  109.856169    929.927411       0.00   0
  109.864040    930.595395     123.75   0
  109.871911    931.263379       0.00   0
  109.879782    931.931363      38.01   0
  109.887653    932.599347       0.00   0
  109.895524    933.267331      17.58   0
  109.903395    933.935314       0.00   0
  109.911266    934.603298     216.77   0
  109.919137    935.271282     209.83   0
  109.927008    935.939266      68.34   0
  109.934879    936.607250       0.00   0
  109.942750    937.275234       0.00   0
  109.950621    937.943218     116.70   0
  109.958492    938.611201       0.00   0
  109.966363    939.279185     411.97   0
  109.974234    939.947169       0.00   0
  109.982105    940.615153       0.00   0
  109.989976    941.283137      17.27   0
  109.997847    941.951121       0.00   0
  110.005718    942.619105       0.00   0
  110.013589    943.287088     101.61   0
  110.021460    943.955072       0.00   0
  110.029331    944.621421     233.94   0
  110.037203    945.285617      42.20   0
  110.045074    945.949814       0.00   0
  110.052945    946.614010       0.00   0
  110.060816    947.278206     602.30   1
  110.068687    947.942402       0.00   0
  110.076558    948.606598       0.00   0
  110.084429    949.270794       0.00   0
  110.092300    949.934991       0.00   0
  110.100171    950.599187       0.00   0
  110.108042    951.263383     424.84   0
  110.115913    951.927579       0.00   0
  110.123784    952.591775       0.00   0
  110.131655    953.255971     467.58   0
  110.139526    953.920167       0.00   0
  110.147397    954.584364      40.58   0
  110.155268    955.248560      90.20   0
  110.163139    955.912756     301.00   0
  110.171010    956.576952      23.38   0
  110.178881    957.241148     317.99   0
  110.186752    957.905344     424.61   0
  110.194623    958.569540       0.00   0
  110.202494    959.233737     392.86   0
  110.210366    959.897933      18.25   0
  110.218237    960.562129       0.00   0
  110.226108    961.226325       0.00   0
  110.233979    961.890521       6.94   0
  110.241850    962.554717       0.00   0
  110.249721    963.216413     308.86   0
  110.257592    963.877103       0.00   0
  110.265463    964.537793       0.00   0
  110.273334    965.198483     790.52   1
  110.281205    965.859172      38.28   0
  110.289076    966.519862       0.00   0
  110.296947    967.180552     279.83   0
  110.304818    967.841242     316.37   0
  110.312689    968.501932     228.36   0
  110.320560    969.162622       0.00   0
  110.328431    969.823312       0.00   0
  110.336302    970.484002       0.00   0
  110.344173    971.144692     299.07   0
  110.352044    971.805381      28.66   0
  110.359915    972.466071       0.00   0
  110.367786    973.126761       0.00   0
  110.375657    973.787451     590.37   1
  110.383528    974.448141       0.00   0
  110.391400    975.108831       0.00   0
  110.399271    975.769521       0.00   0
  110.407142    976.430211       0.00   0
  110.415013    977.090901      73.83   0
  110.422884    977.751591       0.00   0
  110.430755    978.412280       0.00   0
  110.438626    979.072970     415.88   0
  110.446497    979.733660     136.56   0
  110.454368    980.394350       0.00   0
  110.462239    981.055040       1.72   0
  110.470110    981.713313     281.35   0
  110.477981    982.370827     146.57   0
  110.485852    983.028340       0.00   0
  110.493723    983.685853      83.52   0
  110.501594    984.343366     198.18   0
  110.509465    985.000880     231.57   0
  110.517336    985.658393       0.00   0
  110.525207    986.315906     466.22   0
  110.533078    986.971606     312.44   0
  110.540949    987.625910     368.41   0
  110.548820    988.280213      12.01   0
  110.556691    988.934517      59.58   0
  110.564563    989.588820      70.75   0
  110.572434    990.243124       0.00   0
  110.580305    990.897428       0.00   0
  110.588176    991.551731     119.95   0
  110.596047    992.206035     100.42   0
  110.603918    992.860338     635.23   1
  110.611789    993.514642       0.00   0
  110.619660    994.168946       0.00   0
  110.627531    994.823249       0.00   0
  110.635402    995.477553       0.00   0
  110.643273    996.131856      36.68   0
  110.651144    996.786160       0.00   0
  110.659015    997.440464     326.14   0
  110.666886    998.094767       0.00   0
  110.674757    998.749071       0.00   0
  110.682628    999.403374       0.00   0
  110.690499   1000.057678       0.00   0
  110.698370   1000.711982       0.00   0
  110.706241   1001.366285     151.29   0
  110.714112   1002.020589       0.00   0
  110.721983   1002.674892       0.00   0
  110.729854   1003.329196       0.00   0
  110.737725   1003.983499       0.00   0
  110.745597   1004.637803       0.00   0
  110.753468   1005.289998       0.00   0
  110.761339   1005.941279       0.00   0
  110.769210   1006.592559       0.00   0
  110.777081   1007.243840       0.00   0
  110.784952   1007.895120       0.00   0
  110.792823   1008.546401       0.00   0
  110.800694   1009.197681       0.00   0
  110.808565   1009.848962       0.00   0
  110.816436   1010.500242       0.00   0
  110.824307   1011.151523       0.00   0
  110.832178   1011.802803       0.00   0
  110.840049   1012.454084       0.00   0
  110.847920   1013.105364       0.00   0
  110.855791   1013.756645       0.00   0
  110.863662   1014.407925       0.00   0
  110.871533   1015.059206       0.00   0
  110.879404   1015.710486       0.00   0
  110.887275   1016.361767       0.00   0
  110.895146   1017.013047       0.00   0
  110.903017   1017.664328       0.00   0
  110.910888   1018.315608       0.00   0
  110.918760   1018.966889       0.00   0
  110.926631   1019.618170       0.00   0
  110.934502   1020.269450       0.00   0
  110.942373   1020.920731       0.00   0
  110.950244   1021.572011       0.00   0
  110.958115   1022.223292       0.00   0
  110.965986   1022.874572       0.00   0
  110.973857   1023.523901       0.00   0
  110.981728   1024.172299       0.00   0
  110.989599   1024.820696       0.00   0
  110.997470   1025.469094       0.00   0
  111.005341   1026.117492       0.00   0
  111.013212   1026.765890       0.00   0
  111.021083   1027.414288       0.00   0
  111.028954   1028.062686       0.00   0
  111.036825   1028.711083       0.00   0
  111.044696   1029.359481       0.00   0
  111.052567   1030.007879       0.00   0
  111.060438   1030.656277       0.00   0
  111.068309   1031.304675       0.00   0
  111.076180   1031.953072       0.00   0
  111.084051   1032.601470       0.00   0
  111.091922   1033.249868       0.00   0
  111.099794   1033.898266       0.00   0
  111.107665   1034.546664       0.00   0
  111.115536   1035.195061       0.00   0
  111.123407   1035.843459       0.00   0
  111.131278   1036.491857       0.00   0
  111.139149   1037.140255       0.00   0
  111.147020   1037.788653       0.00   0
  111.154891   1038.437050       0.00   0
  111.162762   1039.085448       0.00   0
  111.170633   1039.733846       0.00   0
  111.178504   1040.382244       0.00   0
  111.186375   1041.030642       0.00   0
  111.194246   1041.677641       0.00   0
  111.202117   1042.323311       0.00   0
  111.209988   1042.968981       0.00   0
  111.217859   1043.614651       0.00   0
  111.225730   1044.260321       0.00   0
  111.233601   1044.905990       0.00   0
  111.241472   1045.551660       0.00   0
  111.249343   1046.197330       0.00   0
  111.257214   1046.843000       0.00   0
  111.265085   1047.488670       0.00   0
  111.272957   1048.134340       0.00   0
  111.280828   1048.780010       0.00   0
  111.288699   1049.425680       0.00   0
  111.296570   1050.071350       0.00   0
  111.304441   1050.717020       0.00   0
  111.312312   1051.362690       0.00   0
  111.320183   1052.008360       0.00   0
  111.328054   1052.654030       0.00   0
  111.335925   1053.299699       0.00   0
  111.343796   1053.945369       0.00   0
  111.351667   1054.591039       0.00   0
  111.359538   1055.236709       0.00   0
  111.367409   1055.882379       0.00   0
  111.375280   1056.528049       0.00   0
  111.383151   1057.173719       0.00   0
  111.391022   1057.819389       0.00   0
  111.398893   1058.465059       0.00   0
  111.406764   1059.110729       0.00   0
  111.414635   1059.755935       0.00   0
  111.422506   1060.399027       0.00   0
  111.430377   1061.042120       0.00   0
  111.438248   1061.685212       0.00   0
  111.446119   1062.328304       0.00   0
  111.453991   1062.971396       0.00   0
  111.461862   1063.614488       0.00   0
  111.469733   1064.257580       0.00   0
  111.477604   1064.900672       0.00   0
  111.485475   1065.543765       0.00   0
  111.493346   1066.184742       0.00   0
  111.501217   1066.825259       0.00   0
  111.509088   1067.465777       0.00   0
  111.516959   1068.106294       0.00   0
  111.524830   1068.746811       0.00   0
  111.532701   1069.387329       0.00   0
  111.540572   1070.027846       0.00   0
  111.548443   1070.668363       0.00   0
  111.556314   1071.308881       0.00   0
  111.564185   1071.949398       0.00   0
  111.572056   1072.589915       0.00   0
  111.579927   1073.230433       0.00   0
  111.587798   1073.870950       0.00   0
  111.595669   1074.511468       0.00   0
  111.603540   1075.151985       0.00   0
  111.611411   1075.792502       0.00   0
  111.619282   1076.433020       0.00   0
  111.627154   1077.073537       0.00   0
  111.635025   1077.714054       0.00   0
  111.642896   1078.354572       0.00   0
  111.650767   1078.995089       0.00   0
  111.658638   1079.635607       0.00   0
  111.666509   1080.276124       0.00   0
  111.674380   1080.916641       0.00   0
  111.682251   1081.557159       0.00   0
  111.690122   1082.197676       0.00   0
  111.697993   1082.838193       0.00   0
  111.705864   1083.478711       0.00   0
  111.713735   1084.117752       0.00   0
  111.721606   1084.755819       0.00   0
  111.729477   1085.393886       0.00   0
  111.737348   1086.031953       0.00   0
  111.745219   1086.670020       0.00   0
  111.753090   1087.308086       0.00   0
  111.760961   1087.946153       0.00   0
  111.768832   1088.584220       0.00   0
  111.776703   1089.222287       0.00   0
  111.784574   1089.860354       0.00   0
  111.792445   1090.498421       0.00   0
  111.800316   1091.136487       0.00   0
  111.808188   1091.774554       0.00   0
  111.816059   1092.412621       0.00   0
  111.823930   1093.050688       0.00   0
  111.831801   1093.688755       0.00   0
  111.839672   1094.326821       0.00   0
  111.847543   1094.964888       0.00   0
  111.855414   1095.602955       0.00   0
  111.863285   1096.241022       0.00   0
  111.871156   1096.879089       0.00   0
  111.879027   1097.517155       0.00   0
  111.886898   1098.155222       0.00   0
  111.894769   1098.793289       0.00   0
  111.902640   1099.431356       0.00   0
  111.910511   1100.069423       0.00   0
  111.918382   1100.707490       0.00   0
  111.926253   1101.345556       0.00   0
  111.934124   1101.983070       0.00   0
  111.941995   1102.618812       0.00   0
  111.949866   1103.254553       0.00   0
  111.957737   1103.890294       0.00   0
  111.965608   1104.526036       0.00   0
  111.973479   1105.161777       0.00   0
  111.981351   1105.797519       0.00   0
  111.989222   1106.433260       0.00   0
  111.997093   1107.069002       0.00   0
  112.004964   1107.704743       0.00   0
  112.012835   1108.340484       0.00   0
  112.020706   1108.976226       0.00   0
  112.028577   1109.611967       0.00   0
  112.036448   1110.247709       0.00   0
  112.044319   1110.883450       0.00   0
  112.052190   1111.519192       0.00   0
  112.060061   1112.154933       0.00   0
  112.067932   1112.790674       0.00   0
  112.075803   1113.426416       0.00   0
  112.083674   1114.062157       0.00   0
  112.091545   1114.697899       0.00   0
  112.099416   1115.333640       0.00   0
  112.107287   1115.969382       0.00   0
  112.115158   1116.605123       0.00   0
  112.123029   1117.240864       0.00   0
  112.130900   1117.876606       0.00   0
  112.138771   1118.512347       0.00   0
  112.146642   1119.148089       0.00   0
  112.154514   1119.783830       0.00   0
  112.162385   1120.417917       0.00   0
  112.170256   1121.051453       0.00   0
  112.178127   1121.684989       0.00   0
  112.185998   1122.318525       0.00   0
  112.193869   1122.952061       0.00   0
  112.201740   1123.585597       0.00   0
  112.209611   1124.219133       0.00   0
  112.217482   1124.852669       0.00   0
  112.225353   1125.486206       0.00   0
  112.233224   1126.119742       0.00   0
  112.241095   1126.753278       0.00   0
  112.248966   1127.386814       0.00   0
  112.256837   1128.020350       0.00   0
  112.264708   1128.653886       0.00   0
  112.272579   1129.287422       0.00   0
  112.280450   1129.920958       0.00   0
  112.288321   1130.554494       0.00   0
  112.296192   1131.188030       0.00   0
  112.304063   1131.821567       0.00   0
  112.311934   1132.455103       0.00   0
  112.319805   1133.088639       0.00   0
  112.327676   1133.722175       0.00   0
  112.335548   1134.355711       0.00   0
  112.343419   1134.989247       0.00   0
  112.351290   1135.622783       0.00   0
  112.359161   1136.256319       0.00   0
  112.367032   1136.889855       0.00   0
  112.374903   1137.523391       0.00   0
  112.382774   1138.156585       0.00   0
  112.390645   1138.787980       0.00   0
  112.398516   1139.419376       0.00   0
  112.406387   1140.050772       0.00   0
  112.414258   1140.682167       0.00   0
  112.422129   1141.313563       0.00   0
  112.430000   1141.944959       0.00   0
  112.437871   1142.576354       0.00   0
  112.445742   1143.207750       0.00   0
  112.453613   1143.839146       0.00   0
  112.461484   1144.470541       0.00   0
  112.469355   1145.100577       0.00   0
  112.477226   1145.729760       0.00   0
  112.485097   1146.358943       0.00   0
  112.492968   1146.988126       0.00   0
  112.500839   1147.617309       0.00   0
  112.508711   1148.246492       0.00   0
  112.516582   1148.875675       0.00   0
  112.524453   1149.504858       0.00   0
  112.532324   1150.134041       0.00   0
  112.540195   1150.763224       0.00   0
  112.548066   1151.392407       0.00   0
  112.555937   1152.021590       0.00   0
  112.563808   1152.650773       0.00   0
  112.571679   1153.279955       0.00   0
  112.579550   1153.909138       0.00   0
  112.587421   1154.538321       0.00   0
  112.595292   1155.167504       0.00   0
  112.603163   1155.796687       0.00   0
  112.611034   1156.425870       0.00   0
  112.618905   1157.055053       0.00   0
  112.626776   1157.684236       0.00   0
  112.634647   1158.313419       0.00   0
  112.642518   1158.942602       0.00   0
  112.650389   1159.571785       0.00   0
  112.658260   1160.200968       0.00   0
  112.666131   1160.830151       0.00   0
  112.674002   1161.459334       0.00   0
  112.681873   1162.088517       0.00   0
  112.689745   1162.717377       0.00   0
  112.697616   1163.344356       0.00   0
  112.705487   1163.971336       0.00   0
  112.713358   1164.598315       0.00   0
  112.721229   1165.225294       0.00   0
  112.729100   1165.852273       0.00   0
  112.736971   1166.479252       0.00   0
  112.744842   1167.106231       0.00   0
  112.752713   1167.733211       0.00   0
  112.760584   1168.360190       0.00   0
  112.768455   1168.987169       0.00   0
  112.776326   1169.614148       0.00   0
  112.784197   1170.241127       0.00   0
  112.792068   1170.868106       0.00   0
  112.799939   1171.495086       0.00   0
  112.807810   1172.122065       0.00   0
  112.815681   1172.749044       0.00   0
  112.823552   1173.376023       0.00   0
  112.831423   1174.003002       0.00   0
  112.839294   1174.629981       0.00   0
  112.847165   1175.256961       0.00   0
  112.855036   1175.883940       0.00   0
  112.862908   1176.510919       0.00   0
  112.870779   1177.137898       0.00   0
  112.878650   1177.764877       0.00   0
  112.886521   1178.391856       0.00   0
  112.894392   1179.018836       0.00   0
  112.902263   1179.645815       0.00   0
  112.910134   1180.272794       0.00   0
  112.918005   1180.898580       0.00   0
  112.925876   1181.523364       0.00   0
  112.933747   1182.148148       0.00   0
  112.941618   1182.772932       0.00   0
  112.949489   1183.397717       0.00   0
  112.957360   1184.022501       0.00   0
  112.965231   1184.647285       0.00   0
  112.973102   1185.272069       0.00   0
  112.980973   1185.896853       0.00   0
  112.988844   1186.521637       0.00   0
  112.996715   1187.146422       0.00   0
  113.004586   1187.771206       0.00   0
  113.012457   1188.395990       0.00   0
  113.020328   1189.020774       0.00   0
  113.028199   1189.645558       0.00   0
  113.036070   1190.270342       0.00   0
  113.043942   1190.895127       0.00   0
  113.051813   1191.519911       0.00   0
  113.059684   1192.144695       0.00   0
  113.067555   1192.769479       0.00   0
  113.075426   1193.394263       0.00   0
  113.083297   1194.019047       0.00   0
  113.091168   1194.643832       0.00   0
  113.099039   1195.268616       0.00   0
  113.106910   1195.893400       0.00   0
  113.114781   1196.518184       0.00   0
  113.122652   1197.142968       0.00   0
  113.130523   1197.767753       0.00   0
  113.138394   1198.392537       0.00   0
  113.146265   1199.015494       0.00   0
  113.154136   1199.638092       0.00   0
  113.162007   1200.260690       0.00   0
  113.169878   1200.883288       0.00   0
  113.177749   1201.505886       0.00   0
  113.185620   1202.128484       0.00   0
  113.193491   1202.751082       0.00   0
  113.201362   1203.373680       0.00   0
  113.209233   1203.996278       0.00   0
  113.217105   1204.618876       0.00   0
  113.224976   1205.241474       0.00   0
  113.232847   1205.864072       0.00   0
  113.240718   1206.486670       0.00   0
  113.248589   1207.109268       0.00   0
  113.256460   1207.731866       0.00   0
  113.264331   1208.354464       0.00   0
  113.272202   1208.977062       0.00   0
  113.280073   1209.599660       0.00   0
  113.287944   1210.222258       0.00   0
  113.295815   1210.844856       0.00   0
  113.303686   1211.467454       0.00   0
  113.311557   1212.090052       0.00   0
  113.319428   1212.712650     504.78   1
  113.327299   1213.335248       9.66   0
  113.335170   1213.957846       0.00   0
  113.343041   1214.580444       0.00   0
  113.350912   1215.203042       0.00   0
  113.358783   1215.825640      86.49   0
  113.366654   1216.448152       0.00   0
  113.374525   1217.068573       0.00   0
  113.382396   1217.688994       0.00   0
  113.390267   1218.309414     232.45   0
  113.398139   1218.929835       0.00   0
  113.406010   1219.550255     429.80   0
  113.413881   1220.170676      68.81   0
  113.421752   1220.791097     102.85   0
  113.429623   1221.411517       0.00   0
  113.437494   1222.031938       0.00   0
  113.445365   1222.652359       0.00   0
  113.453236   1223.272779       0.00   0
  113.461107   1223.892787     189.07   0
  113.468978   1224.511250     284.49   0
  113.476849   1225.129712      24.99   0
  113.484720   1225.748175     281.54   0
  113.492591   1226.366637      92.76   0
  113.500462   1226.985100     261.40   0
  113.508333   1227.603563       0.00   0
  113.516204   1228.222025       0.00   0
  113.524075   1228.840488       0.00   0
  113.531946   1229.458950     192.86   0
  113.539817   1230.077413     171.29   0
  113.547688   1230.695875       0.00   0
  113.555559   1231.314338       0.00   0
  113.563430   1231.932800       0.00   0
  113.571302   1232.551263       0.00   0
  113.579173   1233.169725       0.00   0
  113.587044   1233.788188     147.33   0
  113.594915   1234.406650     172.50   0
  113.602786   1235.025113      82.33   0
  113.610657   1235.643575       0.00   0
  113.618528   1236.262038       0.00   0
  113.626399   1236.880501     382.58   0
  113.634270   1237.498963     137.91   0
  113.642141   1238.117426       0.00   0
  113.650012   1238.735888       0.00   0
  113.657883   1239.354351       0.00   0
  113.665754   1239.972813     263.72   0
  113.673625   1240.591276       0.00   0
  113.681496   1241.209738       0.00   0
  113.689367   1241.827306      25.17   0
  113.697238   1242.443939       0.00   0
  113.705109   1243.060572       0.00   0
  113.712980   1243.677205     322.96   0
  113.720851   1244.293838       0.00   0
  113.728722   1244.910471      45.40   0
  113.736593   1245.527104      48.98   0
  113.744464   1246.143736      48.30   0
  113.752336   1246.760369     184.96   0
  113.760207   1247.377002       0.00   0
  113.768078   1247.993635       0.00   0
  113.775949   1248.610268      59.76   0
  113.783820   1249.226901       0.00   0
  113.791691   1249.843534       0.00   0
  113.799562   1250.460167       0.00   0
  113.807433   1251.076799       0.00   0
  113.815304   1251.693432       0.00   0
  113.823175   1252.310065       0.00   0
  113.831046   1252.926698     213.34   0
  113.838917   1253.543331     240.08   0
  113.846788   1254.159964      76.79   0
  113.854659   1254.776597       0.00   0
  113.862530   1255.393230       0.00   0
  113.870401   1256.009862       0.00   0
  113.878272   1256.626495      44.10   0
  113.886143   1257.243128     161.43   0
  113.894014   1257.859761       0.00   0
  113.901885   1258.476394     775.44   1
  113.909756   1259.093027       0.00   0
  113.917627   1259.708593       0.00   0
  113.925499   1260.323567      93.60   0
  113.933370   1260.938542       0.00   0
  113.941241   1261.553516     100.98   0
  113.949112   1262.168491       0.00   0
  113.956983   1262.783465     154.40   0
  113.964854   1263.398440      17.37   0
  113.972725   1264.013414      44.28   0
  113.980596   1264.628389       0.00   0
  113.988467   1265.243363      72.54   0
  113.996338   1265.858338     717.06   1
  114.004209   1266.473312       0.00   0
  114.012080   1267.088287       4.95   0
  114.019951   1267.703261       0.00   0
  114.027822   1268.318236      62.74   0
  114.035693   1268.933210       0.00   0
  114.043564   1269.548185       0.00   0
  114.051435   1270.163159       0.00   0
  114.059306   1270.778134       0.00   0
  114.067177   1271.393108       0.00   0
  114.075048   1272.008083     139.72   0
  114.082919   1272.623057       0.00   0
  114.090790   1273.238031      65.87   0
  114.098662   1273.853006     222.07   0
  114.106533   1274.467980     289.92   0
  114.114404   1275.082955     372.95   0
  114.122275   1275.697929       0.00   0
  114.130146   1276.312904     117.99   0
  114.138017   1276.927878       0.00   0
  114.145888   1277.541785       0.00   0
  114.153759   1278.155258       0.00   0
  114.161630   1278.768731     167.78   0
  114.169501   1279.382204       0.00   0
  114.177372   1279.995678       0.00   0
  114.185243   1280.609151       0.00   0
  114.193114   1281.222624      22.97   0
  114.200985   1281.836097      86.89   0
  114.208856   1282.449570      66.54   0
  114.216727   1283.063043      21.16   0
  114.224598   1283.676517      12.71   0
  114.232469   1284.289990     380.39   0
  114.240340   1284.903463     207.42   0
  114.248211   1285.516936       0.00   0
  114.256082   1286.130409       0.00   0
  114.263953   1286.743883      85.69   0
  114.271824   1287.357356      78.76   0
  114.279696   1287.970829       0.00   0
  114.287567   1288.584302     312.28   0
  114.295438   1289.197775     319.73   0
  114.303309   1289.811249       0.00   0
  114.311180   1290.424722      32.47   0
  114.319051   1291.038195     142.61   0
  114.326922   1291.651668      55.86   0
  114.334793   1292.265141      62.56   0
  114.342664   1292.878615     146.17   0
  114.350535   1293.492088     229.86   0
  114.358406   1294.105561      64.56   0
  114.366277   1294.719034       0.00   0
  114.374148   1295.331549       0.00   0
  114.382019   1295.943665      91.95   0
  114.389890   1296.555781       0.00   0
  114.397761   1297.167898     168.48   0
  114.405632   1297.780014       0.00   0
  114.413503   1298.392130       0.00   0
  114.421374   1299.004246       0.00   0
  114.429245   1299.616362       0.95   0
  114.437116   1300.228479      30.25   0
  114.444987   1300.840595       0.00   0
  114.452859   1301.452711       0.00   0
  114.460730   1302.064827       0.00   0
  114.468601   1302.676944      96.09   0
  114.476472   1303.287967     821.48   1
  114.484343   1303.898710     187.32   0
  114.492214   1304.509453      77.44   0
  114.500085   1305.120196       0.00   0
  114.507956   1305.730939     227.23   0
  114.515827   1306.341682      62.84   0
  114.523698   1306.952425      84.51   0
  114.531569   1307.563168      27.50   0
  114.539440   1308.173911     104.13   0
  114.547311   1308.784654       0.00   0
  114.555182   1309.395398       0.00   0
  114.563053   1310.006141       0.00   0
  114.570924   1310.616884     276.67   0
  114.578795   1311.227627      25.11   0
  114.586666   1311.838370     147.31   0
  114.594537   1312.449113       0.00   0
  114.602408   1313.059856       0.00   0
  114.610279   1313.670599       0.00   0
  114.618150   1314.281342       0.00   0
  114.626021   1314.892085     428.62   0
  114.633893   1315.502828     137.89   0
  114.641764   1316.113571       0.00   0
  114.649635   1316.724314       0.00   0
  114.657506   1317.335057     112.22   0
  114.665377   1317.945800     188.30   0
  114.673248   1318.556543     200.03   0
  114.681119   1319.167286       0.00   0
  114.688990   1319.778029     214.01   0
  114.696861   1320.388772       0.00   0
  114.704732   1320.998396       0.00   0
  114.712603   1321.607951      62.78   0
  114.720474   1322.217506       0.00   0
  114.728345   1322.827062       0.00   0
  114.736216   1323.436617       0.00   0
  114.744087   1324.046172       0.00   0
  114.751958   1324.655728     338.82   0
  114.759829   1325.265283       9.90   0
  114.767700   1325.874838       0.00   0
  114.775571   1326.484394       0.00   0
  114.783442   1327.093949     130.87   0
  114.791313   1327.703504     241.56   0
  114.799184   1328.313060     729.07   1
  114.807056   1328.922615     144.23   0
  114.814927   1329.532170      83.85   0
  114.822798   1330.141726      70.51   0
  114.830669   1330.751281       0.00   0
  114.838540   1331.360836     332.67   0
  114.846411   1331.970392     170.36   0
  114.854282   1332.579947     302.43   0
  114.862153   1333.189502      68.23   0
  114.870024   1333.799058      86.65   0
  114.877895   1334.408613       0.00   0
  114.885766   1335.018168       0.00   0
  114.893637   1335.627724       0.00   0
  114.901508   1336.237279       9.42   0
  114.909379   1336.846834       0.00   0
  114.917250   1337.456390      60.67   0
  114.925121   1338.065923      74.91   0
  114.932992   1338.674530       0.00   0
  114.940863   1339.283138      38.62   0
  114.948734   1339.891745       0.00   0
  114.956605   1340.500353       0.00   0
  114.964476   1341.108961     268.41   0
  114.972347   1341.717568       0.00   0
  114.980218   1342.326176      84.08   0
  114.988090   1342.934783       0.00   0
  114.995961   1343.543391       0.00   0
  115.003832   1344.151999       0.00   0
  115.011703   1344.760606      37.78   0
  115.019574   1345.369214     138.87   0
  115.027445   1345.977821       0.00   0
  115.035316   1346.586429     185.46   0
  115.043187   1347.195037     197.53   0
  115.051058   1347.803644       0.00   0
  115.058929   1348.412252       0.00   0
  115.066800   1349.020859       7.16   0
  115.074671   1349.629467       0.00   0
  115.082542   1350.238075       0.00   0
  115.090413   1350.846682       0.00   0
  115.098284   1351.455290       0.00   0
  115.106155   1352.063897       0.00   0
  115.114026   1352.672505       0.00   0
  115.121897   1353.281113       0.00   0
  115.129768   1353.889720       0.00   0
  115.137639   1354.498328       0.00   0
  115.145510   1355.106935      54.25   0
  115.153381   1355.715528      95.23   0
  115.161253   1356.323529       0.00   0
  115.169124   1356.931529       0.00   0
  115.176995   1357.539530      96.18   0
  115.184866   1358.147530       1.55   0
  115.192737   1358.755530       0.00   0
  115.200608   1359.363531      52.05   0
  115.208479   1359.971531     597.91   0
  115.216350   1360.579532       0.00   0
  115.224221   1361.187532       0.00   0
  115.232092   1361.795533      15.54   0
  115.239963   1362.403533       0.00   0
  115.247834   1363.011533     178.91   0
  115.255705   1363.619534     605.23   1
  115.263576   1364.227534     220.98   0
  115.271447   1364.835535       0.00   0
  115.279318   1365.443535     142.56   0
  115.287189   1366.051536      77.88   0
  115.295060   1366.659536       0.00   0
  115.302931   1367.267536      63.46   0
  115.310802   1367.875537       0.00   0
  115.318673   1368.483537       0.00   0
  115.326544   1369.091538       0.00   0
  115.334415   1369.699538       0.00   0
  115.342287   1370.307539       0.00   0
  115.350158   1370.915539       0.00   0
  115.358029   1371.523539      29.94   0
  115.365900   1372.131540       0.00   0
  115.373771   1372.739540       0.00   0
  115.381642   1373.347541     583.27   1
  115.389513   1373.955460       3.45   0
  115.397384   1374.563376     346.67   0
  115.405255   1375.171291      17.98   0
  115.413126   1375.779207      14.05   0
  115.420997   1376.387122       0.00   0
  115.428868   1376.995038      64.04   0
  115.436739   1377.602954     119.83   0
  115.444610   1378.210869       0.00   0
  115.452481   1378.818785       0.00   0
  115.460352   1379.426700     134.50   0
  115.468223   1380.034616       8.63   0
  115.476094   1380.642531     131.75   0
  115.483965   1381.250447     200.30   0
  115.491836   1381.858363       0.00   0
  115.499707   1382.466474       9.03   0
  115.507578   1383.074600       0.00   0
  115.515450   1383.682726       0.00   0
  115.523321   1384.290852     171.10   0
  115.531192   1384.898977       0.00   0
  115.539063   1385.507103      77.74   0
  115.546934   1386.115229       1.12   0
  115.554805   1386.723355      37.94   0
  115.562676   1387.331481       0.00   0
  115.570547   1387.939606     147.22   0
  115.578418   1388.547732     217.69   0
  115.586289   1389.155858     356.79   0
  115.594160   1389.763984       0.00   0
  115.602031   1390.372110       0.00   0
  115.609902   1390.980236       0.00   0
  115.617773   1391.588361      95.04   0
  115.625644   1392.196487       0.00   0
  115.633515   1392.804613     260.49   0
  115.641386   1393.412739      15.55   0
  115.649257   1394.020865     159.17   0
  115.657128   1394.628990      30.37   0
  115.664999   1395.237116      22.89   0
  115.672870   1395.845242       0.00   0
  115.680741   1396.453368       0.00   0
  115.688612   1397.061494     472.12   0
  115.696484   1397.669619       0.00   0
  115.704355   1398.277745     789.65   1
  115.712226   1398.885871       0.00   0
  115.720097   1399.494137     227.21   0
  115.727968   1400.103256       0.00   0
  115.735839   1400.712375      21.09   0
  115.743710   1401.321494       0.00   0
  115.751581   1401.930614      93.21   0
  115.759452   1402.539733       0.00   0
  115.767323   1403.148852       0.00   0
  115.775194   1403.757971       0.00   0
  115.783065   1404.367091     196.29   0
  115.790936   1404.976210       0.00   0
  115.798807   1405.585329       0.00   0
  115.806678   1406.194448     105.59   0
  115.814549   1406.803568     329.40   0
  115.822420   1407.412687       0.00   0
  115.830291   1408.021806      57.56   0
  115.838162   1408.630926       0.00   0
  115.846033   1409.240045      64.94   0
  115.853904   1409.849164       0.00   0
  115.861775   1410.458283      41.13   0
  115.869647   1411.067403      29.55   0
  115.877518   1411.676522      54.52   0
  115.885389   1412.285641       0.00   0
  115.893260   1412.894760     211.42   0
  115.901131   1413.503880       0.00   0
  115.909002   1414.112999       0.00   0
  115.916873   1414.722118      97.46   0
  115.924744   1415.331237     146.79   0
  115.932615   1415.940357      61.73   0
  115.940486   1416.549476     145.73   0
  115.948357   1417.159420       0.00   0
  115.956228   1417.770600     117.62   0
  115.964099   1418.381780       0.00   0
  115.971970   1418.992960       0.00   0
  115.979841   1419.604140      46.33   0
  115.987712   1420.215320       0.00   0
  115.995583   1420.826500       0.00   0
  116.003454   1421.437679     355.70   0
  116.011325   1422.048859      68.52   0
  116.019196   1422.660039      39.38   0
  116.027067   1423.271219      74.68   0
  116.034938   1423.882399       0.00   0
  116.042810   1424.493579       0.00   0
  116.050681   1425.104759     265.63   0
  116.058552   1425.715939    1717.63   1
  116.066423   1426.327119       0.00   0
  116.074294   1426.938298      20.71   0
  116.082165   1427.549478     450.96   0
  116.090036   1428.160658     107.53   0
  116.097907   1428.771838       0.00   0
  116.105778   1429.383018       0.00   0
  116.113649   1429.994198      83.07   0
  116.121520   1430.605378      18.49   0
  116.129391   1431.216558       0.00   0
  116.137262   1431.827738       0.00   0
  116.145133   1432.438917       0.00   0
  116.153004   1433.050097     127.08   0
  116.160875   1433.661277       0.00   0
  116.168746   1434.272457     112.08   0
  116.176617   1434.886189       0.00   0
  116.184488   1435.501048      66.97   0
  116.192359   1436.115907       0.00   0
  116.200230   1436.730767       0.00   0
  116.208101   1437.345626      80.98   0
  116.215972   1437.960485      42.92   0
  116.223844   1438.575344     150.37   0
  116.231715   1439.190203      18.76   0
  116.239586   1439.805062      25.27   0
  116.247457   1440.419921       0.00   0
  116.255328   1441.034780       0.00   0
  116.263199   1441.649640       4.10   0
  116.271070   1442.264499     124.28   0
  116.278941   1442.879358     261.09   0
  116.286812   1443.494217    1055.68   1
  116.294683   1444.109076     657.74   0
  116.302554   1444.723935       0.00   0
  116.310425   1445.338794       0.00   0
  116.318296   1445.953653       0.00   0
  116.326167   1446.568513       0.00   0
  116.334038   1447.183372       0.00   0
  116.341909   1447.798231     104.55   0
  116.349780   1448.413090       0.00   0
  116.357651   1449.027949       0.00   0
  116.365522   1449.642808       0.00   0
  116.373393   1450.257667     180.93   0
  116.381264   1450.872526       0.00   0
  116.389135   1451.487386       0.00   0
  116.397007   1452.102932     102.91   0
  116.404878   1452.723866     210.22   0
  116.412749   1453.344801      13.65   0
  116.420620   1453.965736       0.00   0
  116.428491   1454.586671       0.00   0
  116.436362   1455.207606     393.17   0
  116.444233   1455.828541     147.90   0
  116.452104   1456.449476       0.00   0
  116.459975   1457.070411      95.25   0
  116.467846   1457.691346       0.00   0
  116.475717   1458.312280       0.00   0
  116.483588   1458.933215       0.00   0
  116.491459   1459.554150       0.00   0
  116.499330   1460.175085       0.00   0
  116.507201   1460.796020      58.28   0
  116.515072   1461.419279       0.00   0
  116.522943   1462.048150    2476.69   1
  116.530814   1462.677021     811.94   0
  116.538685   1463.305892     311.60   0
  116.546556   1463.934764       0.00   0
  116.554427   1464.563635       0.00   0
  116.562298   1465.192506     162.61   0
  116.570169   1465.821377     242.27   0
  116.578041   1466.450249       0.00   0
  116.585912   1467.079120       0.00   0
  116.593783   1467.707991       0.00   0
  116.601654   1468.336862      67.24   0
  116.609525   1468.965734       0.00   0
  116.617396   1469.594605       0.00   0
  116.625267   1470.223476     154.37   0
  116.633138   1470.852347      60.99   0
  116.641009   1471.481219     221.98   0
  116.648880   1472.110090       0.00   0
  116.656751   1472.738961       0.00   0
  116.664622   1473.367832     180.52   0
  116.672493   1473.996704      70.64   0
  116.680364   1474.625575     234.68   0
  116.688235   1475.254446       0.00   0
  116.696106   1475.883317       0.00   0
  116.703977   1476.512189       0.00   0
  116.711848   1477.141060      81.49   0
  116.719719   1477.769931      98.70   0
  116.727590   1478.398802       0.00   0
  116.735461   1479.032523     332.90   0
  116.743332   1479.673801       0.00   0
  116.751204   1480.315079       0.00   0
  116.759075   1480.956356      38.34   0
  116.766946   1481.597634       0.00   0
  116.774817   1482.238912      33.43   0
  116.782688   1482.880189     804.67   1
  116.790559   1483.521467       0.00   0
  116.798430   1484.162745       0.00   0
  116.806301   1484.804022       0.00   0
  116.814172   1485.445300      44.10   0
  116.822043   1486.086578     291.61   0
  116.829914   1486.727855       0.00   0
  116.837785   1487.369133       0.00   0
  116.845656   1488.010411     191.42   0
  116.853527   1488.651688       0.00   0
  116.861398   1489.292966       0.00   0
  116.869269   1489.934243     520.32   0
  116.877140   1490.575521       0.00   0
  116.885011   1491.216799     310.45   0
  116.892882   1491.858076     274.24   0
  116.900753   1492.499354       8.43   0
  116.908624   1493.140632       0.00   0
  116.916495   1493.781909       0.00   0
  116.924366   1494.423187       0.00   0
  116.932238   1495.064465       0.00   0
  116.940109   1495.705742     160.25   0
  116.947980   1496.347020       0.00   0
  116.955851   1497.005938     333.01   0
  116.963722   1497.665989       0.00   0
  116.971593   1498.326041       0.00   0
  116.979464   1498.986092      35.09   0
  116.987335   1499.646143     158.84   0
  116.995206   1500.306194       0.00   0
  117.003077   1500.966246       0.00   0
  117.010948   1501.626297     165.28   0
  117.018819   1502.286348       0.00   0
  117.026690   1502.946399       0.00   0
  117.034561   1503.606451     233.12   0
  117.042432   1504.266502       0.00   0
  117.050303   1504.926553       0.00   0
  117.058174   1505.586604       0.00   0
  117.066045   1506.246655     778.36   0
  117.073916   1506.906707      52.10   0
  117.081787   1507.566758    1089.85   1
  117.089658   1508.226809      81.81   0
  117.097529   1508.886860       0.00   0
  117.105401   1509.546912       0.00   0
  117.113272   1510.206963       0.00   0
  117.121143   1510.867014     142.10   0
  117.129014   1511.527065      28.32   0
  117.136885   1512.187117     141.80   0
  117.144756   1512.847168     237.51   0
  117.152627   1513.507219       1.97   0
  117.160498   1514.171722       0.00   0
  117.168369   1514.858789       0.00   0
  117.176240   1515.545855      26.42   0
  117.184111   1516.232922      14.79   0
  117.191982   1516.919988      52.81   0
  117.199853   1517.607054       0.00   0
  117.207724   1518.294121       5.78   0
  117.215595   1518.981187       0.00   0
  117.223466   1519.668254       0.00   0
  117.231337   1520.355320       0.00   0
  117.239208   1521.042387      34.47   0
  117.247079   1521.729453       0.00   0
  117.254950   1522.416520     307.85   0
  117.262821   1523.103586       0.00   0
  117.270692   1523.790652      11.34   0
  117.278563   1524.477719     577.81   1
  117.286435   1525.164785       0.00   0
  117.294306   1525.851852       0.00   0
  117.302177   1526.538918     367.00   0
  117.310048   1527.225985      12.69   0
  117.317919   1527.913051       0.00   0
  117.325790   1528.600118     271.87   0
  117.333661   1529.287184     109.02   0
  117.341532   1529.974250     483.43   0
  117.349403   1530.661317     129.78   0
  117.357274   1531.348383     126.40   0
  117.365145   1532.049793      31.71   0
  117.373016   1532.772913      72.00   0
  117.380887   1533.496033      14.39   0
  117.388758   1534.219152       0.00   0
  117.396629   1534.942272     237.02   0
  117.404500   1535.665392     156.19   0
  117.412371   1536.388512       0.00   0
  117.420242   1537.111631      10.71   0
  117.428113   1537.834751       0.00   0
  117.435984   1538.557871     129.35   0
  117.443855   1539.280991       0.00   0
  117.451726   1540.004111       0.00   0
  117.459598   1540.727230     287.68   0
  117.467469   1541.450350      29.35   0
  117.475340   1542.197092      81.07   0
  117.483211   1542.961271      32.58   0
  117.491082   1543.725451       0.00   0
  117.498953   1544.489631     315.59   0
  117.506824   1545.253810    1898.98   0
  117.514695   1546.017990    1020.53   0
  117.522566   1546.782170    4924.93   1
  117.530437   1547.546349     523.45   0
  117.538308   1548.310529       0.00   0
  117.546179   1549.074709       0.00   0
  117.554050   1549.838888     689.58   0
  117.561921   1550.603068      79.62   0
  117.569792   1551.367248      96.88   0
  117.577663   1552.131427       0.00   0
  117.585534   1552.895607       0.00   0
  117.593405   1553.659787       0.00   0
  117.601276   1554.423966       0.00   0
  117.609147   1555.188146     165.63   0
  117.617018   1555.952325       0.00   0
  117.624889   1556.716505       0.00   0
  117.632760   1557.480685     228.01   0
  117.640632   1558.244864       0.00   0
  117.648503   1559.009044     304.57   0
  117.656374   1559.794717       0.00   0
  117.664245   1560.603810       0.00   0
  117.672116   1561.412903     353.11   0
  117.679987   1562.221996      10.99   0
  117.687858   1563.031089     303.43   0
  117.695729   1563.840182     196.42   0
  117.703600   1564.649276       0.00   0
  117.711471   1565.458369       0.00   0
  117.719342   1566.267462     312.07   0
  117.727213   1567.076555       0.00   0
  117.735084   1567.885648       0.00   0
  117.742955   1568.694741       0.00   0
  117.750826   1569.503834       0.00   0
  117.758697   1570.312927      37.26   0
  117.766568   1571.122020      24.84   0
  117.774439   1571.931113     330.88   0
  117.782310   1572.740206      24.06   0
  117.790181   1573.549299     146.67   0
  117.798052   1574.358392       0.00   0
  117.805923   1575.167485     383.85   0
  117.813795   1575.976578      24.59   0
  117.821666   1576.797480       0.00   0
  117.829537   1577.646550       0.00   0
  117.837408   1578.495620       0.00   0
  117.845279   1579.344691       0.00   0
  117.853150   1580.193761      60.42   0
  117.861021   1581.042831     287.26   0
  117.868892   1581.891901      82.37   0
  117.876763   1582.740971      43.20   0
  117.884634   1583.590041     456.40   0
  117.892505   1584.439111     605.26   0
  117.900376   1585.288182     116.73   0
  117.908247   1586.137252     927.52   0
  117.916118   1586.986322     376.19   0
  117.923989   1587.835392    1671.53   0
  117.931860   1588.684462     298.31   0
  117.939731   1589.533532     410.93   0
  117.947602   1590.382603     960.86   0
  117.955473   1591.231673     755.74   0
  117.963344   1592.080743    1092.05   0
  117.971215   1592.929813    1756.77   0
  117.979086   1593.801500    2669.16   0
  117.986957   1594.675166    2904.28   1
  117.994829   1595.548832    1112.70   0
  118.002700   1596.422498     214.73   0
  118.010571   1597.296164     870.33   0
  118.018442   1598.169830    1528.84   0
  118.026313   1599.043496      13.57   0
  118.034184   1599.917162     234.25   0
  118.042055   1600.790828     422.40   0
  118.049926   1601.664494     266.67   0
  118.057797   1602.538160       0.00   0
  118.065668   1603.411826     846.09   0
  118.073539   1604.285492     300.67   0
  118.081410   1605.159158     469.30   0
  118.089281   1606.032824    3425.30   0
  118.097152   1606.906490     237.51   0
  118.105023   1607.780156    1329.38   0
  118.112894   1608.653822       0.00   0
  118.120765   1609.528794    2916.22   0
  118.128636   1610.404360    5291.57   0
  118.136507   1611.279926    8305.63   1
  118.144378   1612.155491     827.08   0
  118.152249   1613.031057    1429.34   0
  118.160120   1613.906623     255.61   0
  118.167992   1614.782188    4121.10   0
  118.175863   1615.657754     924.53   0
  118.183734   1616.533320    2967.83   0
  118.191605   1617.408885    1367.96   0
  118.199476   1618.283260     198.89   0
  118.207347   1619.146368     496.22   0
  118.215218   1620.009476       0.00   0
  118.223089   1620.872584       0.00   0
  118.230960   1621.735693     582.59   0
  118.238831   1622.598801      23.13   0
  118.246702   1623.461909      66.41   0
  118.254573   1624.325017    2656.04   0
  118.262444   1625.188126    1067.74   0
  118.270315   1626.051234    3005.92   0
  118.278186   1626.914342    6279.26   1
  118.286057   1627.777450     371.74   0
  118.293928   1628.640558     755.96   0
  118.301799   1629.503667    3065.66   0
  118.309670   1630.366775       0.00   0
  118.317541   1631.229883     475.53   0
  118.325412   1632.092991     466.60   0
  118.333283   1632.956099    1650.32   0
  118.341155   1633.819208      28.63   0
  118.349026   1634.656839     472.32   0
  118.356897   1635.486518     115.68   0
  118.364768   1636.316196    1018.55   0
  118.372639   1637.145875       0.00   0
  118.380510   1637.975553       0.00   0
  118.388381   1638.805232       0.00   0
  118.396252   1639.634911    1172.62   0
  118.404123   1640.464589     154.69   0
  118.411994   1641.294268    1156.25   0
  118.419865   1642.123946       0.00   0
  118.427736   1642.953625      90.00   0
  118.435607   1643.783304       0.00   0
  118.443478   1644.612982      26.09   0
  118.451349   1645.442661     396.35   0
  118.459220   1646.272339     289.65   0
  118.467091   1647.102018      38.64   0
  118.474962   1647.931696      61.90   0
  118.482833   1648.761375       0.00   0
  118.490704   1649.591054     300.10   0
  118.498575   1650.420732       0.00   0
  118.506446   1651.208390       0.00   0
  118.514317   1651.992316      21.62   0
  118.522189   1652.776242      92.01   0
  118.530060   1653.560167       4.94   0
  118.537931   1654.344093     205.58   0
  118.545802   1655.128019     310.47   0
  118.553673   1655.911945     190.31   0
  118.561544   1656.695871     551.42   0
  118.569415   1657.479796     367.26   0
  118.577286   1658.263722     290.06   0
  118.585157   1659.047648     481.69   0
  118.593028   1659.831574     266.07   0
  118.600899   1660.615499       0.00   0
  118.608770   1661.399425    3358.70   0
  118.616641   1662.183351     900.36   0
  118.624512   1662.967277    1294.56   0
  118.632383   1663.751203    2253.81   0
  118.640254   1664.535128     289.77   0
  118.648125   1665.319054   12830.45   1
  118.655996   1666.102980       0.00   0
  118.663867   1666.886906      67.41   0
  118.671738   1667.668962     502.12   0
  118.679609   1668.405144     122.74   0
  118.687480   1669.141326     135.70   0
  118.695352   1669.877509       0.00   0
  118.703223   1670.613691    1839.87   0
  118.711094   1671.349873     858.25   0
  118.718965   1672.086056       0.00   0
  118.726836   1672.822238     699.41   0
  118.734707   1673.558420     179.48   0
  118.742578   1674.294602     264.82   0
  118.750449   1675.030785      26.68   0
  118.758320   1675.766967       0.00   0
  118.766191   1676.503149       0.00   0
  118.774062   1677.239332     634.96   0
  118.781933   1677.975514      67.19   0
  118.789804   1678.711696     361.16   0
  118.797675   1679.447879     773.09   0
  118.805546   1680.184061     263.87   0
  118.813417   1680.920243    5895.41   1
  118.821288   1681.656425     846.03   0
  118.829159   1682.392608     329.11   0
  118.837030   1683.128790       0.00   0
  118.844901   1683.864972     349.61   0
  118.852772   1684.601155     499.69   0
  118.860643   1685.334191     296.73   0
  118.868514   1686.028377      62.03   0
  118.876386   1686.722562     539.34   0
  118.884257   1687.416747       0.00   0
  118.892128   1688.110932       0.00   0
  118.899999   1688.805117     416.63   0
  118.907870   1689.499303      48.98   0
  118.915741   1690.193488     679.62   0
  118.923612   1690.887673      74.27   0
  118.931483   1691.581858       0.00   0
  118.939354   1692.276044      28.72   0
  118.947225   1692.970229       0.00   0
  118.955096   1693.664414       0.00   0
  118.962967   1694.358599     381.57   0
  118.970838   1695.052784     752.77   0
  118.978709   1695.746970     425.26   0
  118.986580   1696.428293     467.99   0
  118.994451   1697.085334   13844.31   1
  119.002322   1697.742376    1845.29   0
  119.010193   1698.399418     153.18   0
  119.018064   1699.056460       2.51   0
  119.025935   1699.713501     343.08   0
  119.033806   1700.370543    1063.65   0
  119.041677   1701.027585    1259.21   0
  119.049549   1701.684627       0.00   0
  119.057420   1702.341669       0.00   0
  119.065291   1702.998710      96.55   0
  119.073162   1703.655752       0.00   0
  119.081033   1704.312794     114.45   0
  119.088904   1704.969836     335.66   0
  119.096775   1705.626877       0.00   0
  119.104646   1706.283919       0.00   0
  119.112517   1706.940961     417.72   0
  119.120388   1707.598003      52.62   0
  119.128259   1708.255044     188.83   0
  119.136130   1708.912086     112.35   0
  119.144001   1709.569128     214.82   0
  119.151872   1710.226170      73.97   0
  119.159743   1710.883211       0.00   0
  119.167614   1711.540253       3.95   0
  119.175485   1712.197295       0.00   0
  119.183356   1712.854337       0.00   0
  119.191227   1713.510842      22.46   0
  119.199098   1714.139789       3.34   0
  119.206969   1714.768736     100.08   0
  119.214840   1715.397683     150.38   0
  119.222711   1716.026631      31.76   0
  119.230583   1716.655578       0.00   0
  119.238454   1717.284525     106.71   0
  119.246325   1717.913472      68.05   0
  119.254196   1718.542419      33.33   0
  119.262067   1719.171366     298.54   0
  119.269938   1719.800313      14.18   0
  119.277809   1720.429260       8.20   0
  119.285680   1721.058207      14.68   0
  119.293551   1721.687155     445.28   0
  119.301422   1722.316102     137.23   0
  119.309293   1722.945049       0.00   0
  119.317164   1723.573996       0.00   0
  119.325035   1724.202943       0.00   0
  119.332906   1724.831890      75.09   0
  119.340777   1725.460837     498.95   0
  119.348648   1726.089784      66.23   0
  119.356519   1726.718732       6.32   0
  119.364390   1727.347679     810.63   1
  119.372261   1727.976626       0.00   0
  119.380132   1728.605573      78.24   0
  119.388003   1729.234520     498.67   0
  119.395874   1729.863467       0.00   0
  119.403746   1730.492414      18.39   0
  119.411617   1731.109228     279.07   0
  119.419488   1731.717718       0.00   0
  119.427359   1732.326209     225.07   0
  119.435230   1732.934699      64.54   0
  119.443101   1733.543190       0.00   0
  119.450972   1734.151680     219.07   0
  119.458843   1734.760171       0.00   0
  119.466714   1735.368661     102.99   0
  119.474585   1735.977151      62.16   0
  119.482456   1736.585642     287.70   0
  119.490327   1737.194132       0.00   0
  119.498198   1737.802623      51.48   0
  119.506069   1738.411113      41.99   0
  119.513940   1739.019604       0.00   0
  119.521811   1739.628094     227.60   0
  119.529682   1740.236585    1378.53   0
  119.537553   1740.845075    1152.05   0
  119.545424   1741.453565    2004.76   1
  119.553295   1742.062056      74.26   0
  119.561166   1742.670546       0.00   0
  119.569037   1743.279037     153.41   0
  119.576908   1743.887527     391.39   0
  119.584780   1744.496018      45.84   0
  119.592651   1745.104508       0.00   0
  119.600522   1745.712999     242.79   0
  119.608393   1746.321489     102.99   0
  119.616264   1746.929979      18.15   0
  119.624135   1747.538470       0.00   0
  119.632006   1748.142963       0.00   0
  119.639877   1748.736799       0.00   0
  119.647748   1749.330634     150.96   0
  119.655619   1749.924469     143.81   0
  119.663490   1750.518304      55.75   0
  119.671361   1751.112139       0.00   0
  119.679232   1751.705974       0.00   0
  119.687103   1752.299810       0.00   0
  119.694974   1752.893645       0.00   0
  119.702845   1753.487480       0.00   0
  119.710716   1754.081315       0.00   0
  119.718587   1754.675150       0.00   0
  119.726458   1755.268986      86.10   0
  119.734329   1755.862821      54.64   0
  119.742200   1756.456656      60.13   0
  119.750071   1757.050491    1017.75   0
  119.757943   1757.644326    4022.60   1
  119.765814   1758.238161     781.16   0
  119.773685   1758.831997     215.75   0
  119.781556   1759.425832     198.86   0
  119.789427   1760.019667     235.66   0
  119.797298   1760.613502       0.00   0
  119.805169   1761.207337       0.00   0
  119.813040   1761.801173       0.00   0
  119.820911   1762.395008       0.00   0
  119.828782   1762.988843     118.49   0
  119.836653   1763.582678       4.13   0
  119.844524   1764.176513       0.00   0
  119.852395   1764.770349     372.90   0
  119.860266   1765.360450     110.65   0
  119.868137   1765.943585      48.57   0
  119.876008   1766.526719     292.66   0
  119.883879   1767.109854       0.00   0
  119.891750   1767.692988       0.00   0
  119.899621   1768.276123       0.00   0
  119.907492   1768.859257       0.00   0
  119.915363   1769.442392       0.00   0
  119.923234   1770.025526      30.38   0
  119.931105   1770.608661       0.00   0
  119.938977   1771.191795       0.00   0
  119.946848   1771.774930     258.07   0
  119.954719   1772.358064      62.69   0
  119.962590   1772.941199      33.54   0
  119.970461   1773.524333     304.30   0
  119.978332   1774.107468       0.00   0
  119.986203   1774.690603    1462.39   0
  119.994074   1775.273737    2183.18   1
  120.001945   1775.856872     391.24   0
  120.009816   1776.439459       0.00   0
  120.017687   1777.013569     278.63   0
  120.025558   1777.587678      46.46   0
  120.033429   1778.161788       0.00   0
  120.041300   1778.735898      12.64   0
  120.049171   1779.310008       0.00   0
  120.057042   1779.884118       0.00   0
  120.064913   1780.458228       0.00   0
  120.072784   1781.032338       0.00   0
  120.080655   1781.606448     265.75   0
  120.088526   1782.180558       0.00   0
  120.096397   1782.754668      14.82   0
  120.104268   1783.328778     317.72   0
  120.112140   1783.902887       0.00   0
  120.120011   1784.476997     334.37   0
  120.127882   1785.051107      45.25   0
  120.135753   1785.625217      48.11   0
  120.143624   1786.199327       0.83   0
  120.151495   1786.773437     317.61   0
  120.159366   1787.347547       0.00   0
  120.167237   1787.921657     190.23   0
  120.175108   1788.495767      32.92   0
  120.182979   1789.069877     246.92   0
  120.190850   1789.643987      54.45   0
  120.198721   1790.218096       0.00   0
  120.206592   1790.792206       0.00   0
  120.214463   1791.366316       0.00   0
  120.222334   1791.940426      81.61   0
  120.230205   1792.514536      30.19   0
  120.238076   1793.088646     100.65   0
  120.245947   1793.657874       0.00   0
  120.253818   1794.224956      84.40   0
  120.261689   1794.792037       0.00   0
  120.269560   1795.359118       0.00   0
  120.277431   1795.926199       0.00   0
  120.285303   1796.493280      80.75   0
  120.293174   1797.060361      20.94   0
  120.301045   1797.627442       0.00   0
  120.308916   1798.194523       0.00   0
  120.316787   1798.761604       8.82   0
  120.324658   1799.328686     553.16   1
  120.332529   1799.895767     212.29   0
  120.340400   1800.462848       0.00   0
  120.348271   1801.029929      52.88   0
  120.356142   1801.597010       0.00   0
  120.364013   1802.164091       0.00   0
  120.371884   1802.731172       0.00   0
  120.379755   1803.298253       0.00   0
  120.387626   1803.865334       0.00   0
  120.395497   1804.432416     256.57   0
  120.403368   1804.999497     197.16   0
  120.411239   1805.566578     332.25   0
  120.419110   1806.133659       0.00   0
  120.426981   1806.700740     727.76   1
  120.434852   1807.267821       0.00   0
  120.442723   1807.834902       0.00   0
  120.450594   1808.401983       0.00   0
  120.458465   1808.969064       0.00   0
  120.466337   1809.536146     204.91   0
  120.474208   1810.103227       0.00   0
  120.482079   1810.665035     247.76   0
  120.489950   1811.226512      23.00   0
  120.497821   1811.787989     127.95   0
  120.505692   1812.349466       0.00   0
  120.513563   1812.910944       0.94   0
  120.521434   1813.472421       0.00   0
  120.529305   1814.033898      60.53   0
  120.537176   1814.595376       0.00   0
  120.545047   1815.156853       0.00   0
  120.552918   1815.718330      93.96   0
  120.560789   1816.279807       0.00   0
  120.568660   1816.841285       0.00   0
  120.576531   1817.402762       0.00   0
  120.584402   1817.964239      93.58   0
  120.592273   1818.525717       0.00   0
  120.600144   1819.087194      80.34   0
  120.608015   1819.648671      86.30   0
  120.615886   1820.210148    3766.43   1
  120.623757   1820.771626     353.53   0
  120.631628   1821.333103       0.00   0
  120.639500   1821.894580     357.35   0
  120.647371   1822.456058       0.00   0
  120.655242   1823.017535      60.06   0
  120.663113   1823.579012       0.00   0
  120.670984   1824.140490       0.00   0
  120.678855   1824.701967       0.00   0
  120.686726   1825.263444       5.72   0
  120.694597   1825.824921       0.00   0
  120.702468   1826.386399     155.61   0
  120.710339   1826.947876     189.84   0
  120.718210   1827.505138       0.00   0
  120.726081   1828.061957     354.87   0
  120.733952   1828.618775       7.83   0
  120.741823   1829.175593     398.58   0
  120.749694   1829.732411       0.00   0
  120.757565   1830.289229     168.27   0
  120.765436   1830.846047     126.08   0
  120.773307   1831.402865      61.61   0
  120.781178   1831.959684     404.23   0
  120.789049   1832.516502     161.65   0
  120.796920   1833.073320      84.00   0
  120.804791   1833.630138     247.41   0
  120.812662   1834.186956       0.00   0
  120.820534   1834.743774       0.00   0
  120.828405   1835.300592     122.10   0
  120.836276   1835.857411      85.43   0
  120.844147   1836.414229       0.00   0
  120.852018   1836.971047       0.00   0
  120.859889   1837.527865       0.00   0
  120.867760   1838.084683     255.04   0
  120.875631   1838.641501       0.00   0
  120.883502   1839.198319       0.00   0
  120.891373   1839.755138       0.00   0
  120.899244   1840.311956       0.00   0
  120.907115   1840.868774     166.54   0
  120.914986   1841.425592       0.00   0
  120.922857   1841.982410       0.00   0
  120.930728   1842.539228       0.00   0
  120.938599   1843.096047       0.00   0
  120.946470   1843.652865     676.34   1
  120.954341   1844.207174       0.00   0
  120.962212   1844.759984     194.30   0
  120.970083   1845.312794       0.00   0
  120.977954   1845.865604       0.00   0
  120.985825   1846.418414      29.72   0
  120.993697   1846.971224       0.00   0
  121.001568   1847.524034       0.00   0
  121.009439   1848.076844      80.83   0
  121.017310   1848.629654      92.65   0
  121.025181   1849.182464       0.00   0
  121.033052   1849.735274      60.64   0
  121.040923   1850.288084       0.00   0
  121.048794   1850.840894       0.00   0
  121.056665   1851.393704      92.06   0
  121.064536   1851.946514       0.00   0
  121.072407   1852.499324     160.00   0
  121.080278   1853.052134       0.00   0
  121.088149   1853.604944    6645.85   1
  121.096020   1854.157754       0.00   0
  121.103891   1854.710564     190.14   0
  121.111762   1855.263373       0.00   0
  121.119633   1855.815043      75.61   0
  121.127504   1856.364124      72.56   0
  121.135375   1856.913205     159.74   0
  121.143246   1857.462286      37.87   0
  121.151117   1858.011367       0.00   0
  121.158988   1858.560448       0.00   0
  121.166859   1859.109529       0.00   0
  121.174731   1859.658610      28.44   0
  121.182602   1860.207690     120.67   0
  121.190473   1860.756771       0.00   0
  121.198344   1861.305852       0.00   0
  121.206215   1861.854933      93.60   0
  121.214086   1862.404014       0.00   0
  121.221957   1862.953095     652.66   1
  121.229828   1863.502176      73.43   0
  121.237699   1864.051257     189.30   0
  121.245570   1864.600338     260.75   0
  121.253441   1865.149419       0.00   0
  121.261312   1865.698500       0.00   0
  121.269183   1866.247581       0.00   0
  121.277054   1866.796662      30.27   0
  121.284925   1867.345742       0.00   0
  121.292796   1867.894823     402.37   0
  121.300667   1868.443904      89.50   0
  121.308538   1868.992985       0.00   0
  121.316409   1869.542066     251.39   0
  121.324280   1870.091147     105.92   0
  121.332151   1870.640228     382.87   0
  121.340022   1871.189309     112.13   0
  121.347894   1871.738390       0.00   0
  121.355765   1872.287471       0.00   0
  121.363636   1872.833402      30.87   0
  121.371507   1873.379168      59.85   0
  121.379378   1873.924933      20.54   0
  121.387249   1874.470699      18.73   0
  121.395120   1875.016465     275.15   0
  121.402991   1875.562230       0.00   0
  121.410862   1876.107996     143.43   0
  121.418733   1876.653762       0.00   0
  121.426604   1877.199528       0.00   0
  121.434475   1877.745293     204.87   0
  121.442346   1878.291059       0.00   0
  121.450217   1878.836825      28.80   0
  121.458088   1879.382590      57.28   0
  121.465959   1879.928356      16.40   0
  121.473830   1880.474122      76.49   0
  121.481701   1881.019888       0.00   0
  121.489572   1881.565653    1183.15   1
  121.497443   1882.111419     508.30   0
  121.505314   1882.657185       0.00   0
  121.513185   1883.202951       0.00   0
  121.521056   1883.748716     477.13   0
  121.528928   1884.294482       0.00   0
  121.536799   1884.840248       0.00   0
  121.544670   1885.386013       0.00   0
  121.552541   1885.931779       0.00   0
  121.560412   1886.477545       0.00   0
  121.568283   1887.023311       0.00   0
  121.576154   1887.569076       0.00   0
  121.584025   1888.114842       0.00   0
  121.591896   1888.660608       0.00   0
  121.599767   1889.205143       0.00   0
  121.607638   1889.747885       0.00   0
  121.615509   1890.290627       0.00   0
  121.623380   1890.833369       0.00   0
  121.631251   1891.376110       0.00   0
  121.639122   1891.918852       0.00   0
  121.646993   1892.461594       0.00   0
  121.654864   1893.004336       0.00   0
  121.662735   1893.547078       0.00   0
  121.670606   1894.089820       0.00   0
  121.678477   1894.632562       0.00   0
  121.686348   1895.175304       0.00   0
  121.694219   1895.718045       0.00   0
  121.702091   1896.260787       0.00   0
  121.709962   1896.803529       0.00   0
  121.717833   1897.346271       0.00   0
  121.725704   1897.889013       0.00   0
  121.733575   1898.431755       0.00   0
  121.741446   1898.974497       0.00   0
  121.749317   1899.517239       0.00   0
  121.757188   1900.059981       0.00   0
  121.765059   1900.602722       0.00   0
  121.772930   1901.145464       0.00   0
  121.780801   1901.688206       0.00   0
  121.788672   1902.230948       0.00   0
  121.796543   1902.773690       0.00   0
  121.804414   1903.316432       0.00   0
  121.812285   1903.859174       0.00   0
  121.820156   1904.401916       0.00   0
  121.828027   1904.944657       0.00   0
  121.835898   1905.487399       0.00   0
  121.843769   1906.028157       0.00   0
  121.851640   1906.568077       0.00   0
  121.859511   1907.107998       0.00   0
  121.867382   1907.647919       0.00   0
  121.875253   1908.187839       0.00   0
  121.883125   1908.727760       0.00   0
  121.890996   1909.267681       0.00   0
  121.898867   1909.807601       0.00   0
  121.906738   1910.347522       0.00   0
  121.914609   1910.887443       0.00   0
  121.922480   1911.427363       0.00   0
  121.930351   1911.967284       0.00   0
  121.938222   1912.507205       0.00   0
  121.946093   1913.047126       0.00   0
  121.953964   1913.587046       0.00   0
  121.961835   1914.126967       0.00   0
  121.969706   1914.666888       0.00   0
  121.977577   1915.206808       0.00   0
  121.985448   1915.746729       0.00   0
  121.993319   1916.286650       0.00   0
  122.001190   1916.826570       0.00   0
  122.009061   1917.366491       0.00   0
  122.016932   1917.906412       0.00   0
  122.024803   1918.446332       0.00   0
  122.032674   1918.986253       0.00   0
  122.040545   1919.526174       0.00   0
  122.048416   1920.066094       0.00   0
  122.056288   1920.606015       0.00   0
  122.064159   1921.145936       0.00   0
  122.072030   1921.685856       0.00   0
  122.079901   1922.225777       0.00   0
  122.087772   1922.763591       0.00   0
  122.095643   1923.300888       0.00   0
  122.103514   1923.838185       0.00   0
  122.111385   1924.375482       0.00   0
  122.119256   1924.912779       0.00   0
  122.127127   1925.450076       0.00   0
  122.134998   1925.987373       0.00   0
  122.142869   1926.524670       0.00   0
  122.150740   1927.061967       0.00   0
  122.158611   1927.599264       0.00   0
  122.166482   1928.136561       0.00   0
  122.174353   1928.673858       0.00   0
  122.182224   1929.211155       0.00   0
  122.190095   1929.748452       0.00   0
  122.197966   1930.285749       0.00   0
  122.205837   1930.823046       0.00   0
  122.213708   1931.360343       0.00   0
  122.221579   1931.897640       0.00   0
  122.229451   1932.434937       0.00   0
  122.237322   1932.972234       0.00   0
  122.245193   1933.509531       0.00   0
  122.253064   1934.046828       0.00   0
  122.260935   1934.584125       0.00   0
  122.268806   1935.119593       0.00   0
  122.276677   1935.654338       0.00   0
  122.284548   1936.189083       0.00   0
  122.292419   1936.723828       0.00   0
  122.300290   1937.258573       0.00   0
  122.308161   1937.793318       0.00   0
  122.316032   1938.328063       0.00   0
  122.323903   1938.862808       0.00   0
  122.331774   1939.397553       0.00   0
  122.339645   1939.932297       0.00   0
  122.347516   1940.467042       0.00   0
  122.355387   1941.001787       0.00   0
  122.363258   1941.536532       0.00   0
  122.371129   1942.071277       0.00   0
  122.379000   1942.606022       0.00   0
  122.386871   1943.140767       0.00   0
  122.394742   1943.675512       0.00   0
  122.402613   1944.210257       0.00   0
  122.410485   1944.745002       0.00   0
  122.418356   1945.279747       0.00   0
  122.426227   1945.814492       0.00   0
  122.434098   1946.349237       0.00   0
  122.441969   1946.883982       0.00   0
  122.449840   1947.418727       0.00   0
  122.457711   1947.953472       0.00   0
  122.465582   1948.488217       0.00   0
  122.473453   1949.022962       0.00   0
  122.481324   1949.557707       0.00   0
  122.489195   1950.092452       0.00   0
  122.497066   1950.627197       0.00   0
  122.504937   1951.161942       0.00   0
  122.512808   1951.694660       0.00   0
  122.520679   1952.227032       0.00   0
  122.528550   1952.759405       0.00   0
  122.536421   1953.291777       0.00   0
  122.544292   1953.824149       0.00   0
  122.552163   1954.356521       0.00   0
  122.560034   1954.888893       0.00   0
  122.567905   1955.421265       0.00   0
  122.575776   1955.953637       0.00   0
  122.583648   1956.486010       0.00   0
  122.591519   1957.018382       0.00   0
  122.599390   1957.550754       0.00   0
  122.607261   1958.083126       0.00   0
  122.615132   1958.615498       0.00   0
  122.623003   1959.147870       0.00   0
  122.630874   1959.680243       0.00   0
  122.638745   1960.212615       0.00   0
  122.646616   1960.744987       0.00   0
  122.654487   1961.277359       0.00   0
  122.662358   1961.809731       0.00   0
  122.670229   1962.342103       0.00   0
  122.678100   1962.874476       0.00   0
  122.685971   1963.406848       0.00   0
  122.693842   1963.939220       0.00   0
  122.701713   1964.471592       0.00   0
  122.709584   1965.003964       0.00   0
  122.717455   1965.536336       0.00   0
  122.725326   1966.068709       0.00   0
  122.733197   1966.601081       0.00   0
  122.741068   1967.133453       0.00   0
  122.748939   1967.665825       0.00   0
  122.756810   1968.196277       0.00   0
  122.764682   1968.726420       0.00   0
  122.772553   1969.256562       0.00   0
  122.780424   1969.786704       0.00   0
  122.788295   1970.316847       0.00   0
  122.796166   1970.846989       0.00   0
  122.804037   1971.377131       0.00   0
  122.811908   1971.907273       0.00   0
  122.819779   1972.437416       0.00   0
  122.827650   1972.967558       0.00   0
  122.835521   1973.497700       0.00   0
  122.843392   1974.027843       0.00   0
  122.851263   1974.557985       0.00   0
  122.859134   1975.088127       0.00   0
  122.867005   1975.618270       0.00   0
  122.874876   1976.148412       0.00   0
  122.882747   1976.678554       0.00   0
  122.890618   1977.208697       0.00   0
  122.898489   1977.738839       0.00   0
  122.906360   1978.268981       0.00   0
  122.914231   1978.799124       0.00   0
  122.922102   1979.329266       0.00   0
  122.929973   1979.859408       0.00   0
  122.937845   1980.389551       0.00   0
  122.945716   1980.919693       0.00   0
  122.953587   1981.449835       0.00   0
  122.961458   1981.979978       0.00   0
  122.969329   1982.510120       0.00   0
  122.977200   1983.040262       0.00   0
  122.985071   1983.570405       0.00   0
  122.992942   1984.100547       0.00   0
  123.000813   1984.629103       0.00   0
  123.008684   1985.157051       0.00   0
  123.016555   1985.684998       0.00   0
  123.024426   1986.212946       0.00   0
  123.032297   1986.740894       0.00   0
  123.040168   1987.268842       0.00   0
  123.048039   1987.796789       0.00   0
  123.055910   1988.324737       0.00   0
  123.063781   1988.852685       0.00   0
  123.071652   1989.380633       0.00   0
  123.079523   1989.908581       0.00   0
  123.087394   1990.436528       0.00   0
  123.095265   1990.964476       0.00   0
  123.103136   1991.492424       0.00   0
  123.111007   1992.020372       0.00   0
  123.118879   1992.548319       0.00   0
  123.126750   1993.076267       0.00   0
  123.134621   1993.604215       0.00   0
  123.142492   1994.132163       0.00   0
  123.150363   1994.660111       0.00   0
  123.158234   1995.188058       0.00   0
  123.166105   1995.716006       0.00   0
  123.173976   1996.243954       0.00   0
  123.181847   1996.771902       0.00   0
  123.189718   1997.299850       0.00   0
  123.197589   1997.827797       0.00   0
  123.205460   1998.355745       0.00   0
  123.213331   1998.883693       0.00   0
  123.221202   1999.411641       0.00   0
  123.229073   1999.939588       0.00   0
  123.236944   2000.467536       0.00   0
  123.244815   2000.994572       0.00   0
  123.252686   2001.520417       0.00   0
  123.260557   2002.046262       0.00   0
  123.268428   2002.572107       0.00   0
  123.276299   2003.097953       0.00   0
  123.284170   2003.623798       0.00   0
  123.292042   2004.149643       0.00   0
  123.299913   2004.675488       0.00   0
  123.307784   2005.201333       0.00   0
  123.315655   2005.727178       0.00   0
  123.323526   2006.253023       0.00   0
  123.331397   2006.778868       0.00   0
  123.339268   2007.304713       0.00   0
  123.347139   2007.830558       0.00   0
  123.355010   2008.356403       0.00   0
  123.362881   2008.882249       0.00   0
  123.370752   2009.408094       0.00   0
  123.378623   2009.933939       0.00   0
  123.386494   2010.459784       0.00   0
  123.394365   2010.985629       0.00   0
  123.402236   2011.511474       0.00   0
  123.410107   2012.037319       0.00   0
  123.417978   2012.563164       0.00   0
  123.425849   2013.089009       0.00   0
  123.433720   2013.614854       0.00   0
  123.441591   2014.139443       0.00   0
  123.449462   2014.663272       0.00   0
  123.457333   2015.187101       0.00   0
  123.465204   2015.710930       0.00   0
  123.473076   2016.234759       0.00   0
  123.480947   2016.758588       0.00   0
  123.488818   2017.282417       0.00   0
  123.496689   2017.806246       0.00   0
  123.504560   2018.330075       0.00   0
  123.512431   2018.853905       0.00   0
  123.520302   2019.377734       0.00   0
  123.528173   2019.901563       0.00   0
  123.536044   2020.425392       0.00   0
  123.543915   2020.949221       0.00   0
  123.551786   2021.473050       0.00   0
  123.559657   2021.996879       0.00   0
  123.567528   2022.520708       0.00   0
  123.575399   2023.044537       0.00   0
  123.583270   2023.568366       0.00   0
  123.591141   2024.092195       0.00   0
  123.599012   2024.616025       0.00   0
  123.606883   2025.139854       0.00   0
  123.614754   2025.663683       0.00   0
  123.622625   2026.187512       0.00   0
  123.630496   2026.711341       0.00   0
  123.638367   2027.235170       0.00   0
  123.646239   2027.758999       0.00   0
  123.654110   2028.282828       0.00   0
  123.661981   2028.806657       0.00   0
  123.669852   2029.330486       0.00   0
  123.677723   2029.854316       0.00   0
  123.685594   2030.377190       0.00   0
  123.693465   2030.899011       0.00   0
  123.701336   2031.420832       0.00   0
  123.709207   2031.942653       0.00   0
  123.717078   2032.464474       0.00   0
  123.724949   2032.986296       0.00   0
  123.732820   2033.508117       0.00   0
  123.740691   2034.029938       0.00   0
  123.748562   2034.551759       0.00   0
  123.756433   2035.073580       0.00   0
  123.764304   2035.595401       0.00   0
  123.772175   2036.117222       0.00   0
  123.780046   2036.639044       0.00   0
  123.787917   2037.160865       0.00   0
  123.795788   2037.682686       0.00   0
  123.803659   2038.204507       0.00   0
  123.811530   2038.726328       0.00   0
  123.819401   2039.248149       0.00   0
  123.827273   2039.769971       0.00   0
  123.835144   2040.291792       0.00   0
  123.843015   2040.813613       0.00   0
  123.850886   2041.335434       0.00   0
  123.858757   2041.857255       0.00   0
  123.866628   2042.379076       0.00   0
  123.874499   2042.900897       0.00   0
  123.882370   2043.422719       0.00   0
  123.890241   2043.944540       0.00   0
  123.898112   2044.466361       0.00   0
  123.905983   2044.988182       0.00   0
  123.913854   2045.510003       0.00   0
  123.921725   2046.031824       0.00   0
  123.929596   2046.553227       0.00   0
  123.937467   2047.073049       0.00   0
  123.945338   2047.592870       0.00   0
  123.953209   2048.112691       0.00   0
  123.961080   2048.632512       0.00   0
  123.968951   2049.152333       0.00   0
  123.976822   2049.672155       0.00   0
  123.984693   2050.191976       0.00   0
  123.992564   2050.711797       0.00   0
  124.000436   2051.231618       0.00   0
  124.008307   2051.751440       0.00   0
  124.016178   2052.271261       0.00   0
  124.024049   2052.791082       0.00   0
  124.031920   2053.310903       0.00   0
  124.039791   2053.830725       0.00   0
  124.047662   2054.350546       0.00   0
  124.055533   2054.870367       0.00   0
  124.063404   2055.390188       0.00   0
  124.071275   2055.910010       0.00   0
  124.079146   2056.429831       0.00   0
  124.087017   2056.949652       0.00   0
  124.094888   2057.469473       0.00   0
  124.102759   2057.989295       0.00   0
  124.110630   2058.509116       0.00   0
  124.118501   2059.028937       0.00   0
  124.126372   2059.548758       0.00   0
  124.134243   2060.068580       0.00   0
  124.142114   2060.588401       0.00   0
  124.149985   2061.108222       0.00   0
  124.157856   2061.628043       0.00   0
  124.165727   2062.147865       0.00   0
  124.173599   2062.667686       0.00   0
  124.181470   2063.186329       0.00   0
  124.189341   2063.704371      80.93   0
  124.197212   2064.222413     136.77   0
  124.205083   2064.740455       0.00   0
  124.212954   2065.258497       2.54   0
  124.220825   2065.776539       0.00   0
  124.228696   2066.294580       0.00   0
  124.236567   2066.812622      29.33   0
  124.244438   2067.330664      32.38   0
  124.252309   2067.848706       0.00   0
  124.260180   2068.366748     153.42   0
  124.268051   2068.884789       0.00   0
  124.275922   2069.402831       0.00   0
  124.283793   2069.920873      42.82   0
  124.291664   2070.438915      26.60   0
  124.299535   2070.956957     351.83   0
  124.307406   2071.474998       0.00   0
  124.315277   2071.993040     552.30   0
  124.323148   2072.511082       0.00   0
  124.331019   2073.029124     298.90   0
  124.338890   2073.547166       0.00   0
  124.346761   2074.065208       0.00   0
  124.354633   2074.583249    1012.65   1
  124.362504   2075.101291       5.41   0
  124.370375   2075.619333       6.87   0
  124.378246   2076.137375     139.70   0
  124.386117   2076.655417     563.60   0
  124.393988   2077.173458       0.00   0
  124.401859   2077.691500     110.74   0
  124.409730   2078.209542     394.40   0
  124.417601   2078.727584       0.00   0
  124.425472   2079.245470      51.18   0
  124.433343   2079.761843      33.60   0
  124.441214   2080.278216     137.62   0
  124.449085   2080.794589     440.81   0
  124.456956   2081.310962       0.00   0
  124.464827   2081.827335       0.00   0
  124.472698   2082.343708      83.38   0
  124.480569   2082.860081     223.99   0
  124.488440   2083.376454       0.00   0
  124.496311   2083.892827       0.00   0
  124.504182   2084.409200       0.00   0
  124.512053   2084.925573      66.14   0
  124.519924   2085.441947       0.00   0
  124.527796   2085.958320       0.00   0
  124.535667   2086.474693      23.09   0
  124.543538   2086.991066       0.00   0
  124.551409   2087.507439       0.00   0
  124.559280   2088.023812      39.90   0
  124.567151   2088.540185       0.00   0
  124.575022   2089.056558      92.07   0
  124.582893   2089.572931     204.03   0
  124.590764   2090.089304     418.57   1
  124.598635   2090.605677     207.42   0
  124.606506   2091.122050       0.00   0
  124.614377   2091.638423     103.65   0
  124.622248   2092.154796      75.61   0
  124.630119   2092.671169      72.01   0
  124.637990   2093.186525       0.00   0
  124.645861   2093.701308       0.00   0
  124.653732   2094.216092       0.00   0
  124.661603   2094.730876       0.00   0
  124.669474   2095.245660      16.92   0
  124.677345   2095.760443      85.57   0
  124.685216   2096.275227       0.00   0
  124.693087   2096.790011     412.87   1
  124.700958   2097.304795     161.04   0
  124.708830   2097.819578       0.00   0
  124.716701   2098.334362       0.00   0
  124.724572   2098.849146      17.75   0
  124.732443   2099.363930       0.00   0
  124.740314   2099.878713       0.00   0
  124.748185   2100.393497       0.00   0
  124.756056   2100.908281     257.61   0
  124.763927   2101.423065       0.00   0
  124.771798   2101.937848     116.17   0
  124.779669   2102.452632     220.44   0
  124.787540   2102.967416       0.00   0
  124.795411   2103.482200       0.00   0
  124.803282   2103.996983     316.81   0
  124.811153   2104.511767       1.60   0
  124.819024   2105.026551       0.00   0
  124.826895   2105.541335       0.00   0
  124.834766   2106.056118      23.01   0
  124.842637   2106.570902       0.00   0
  124.850508   2107.085686       0.00   0
  124.858379   2107.600470       0.00   0
  124.866250   2108.115253     103.94   0
  124.874121   2108.630037      39.35   0
  124.881993   2109.144531     223.45   0
  124.889864   2109.657877      33.62   0
  124.897735   2110.171223       0.00   0
  124.905606   2110.684570       0.00   0
  124.913477   2111.197916       0.00   0
  124.921348   2111.711262       0.00   0
  124.929219   2112.224609       0.00   0
  124.937090   2112.737955       0.00   0
  124.944961   2113.251301      37.93   0
  124.952832   2113.764648      14.70   0
  124.960703   2114.277994       0.00   0
  124.968574   2114.791340       0.00   0
  124.976445   2115.304687       0.00   0
  124.984316   2115.818033       0.00   0
  124.992187   2116.331379      74.05   0
  125.000058   2116.844726       0.00   0
  125.007929   2117.358072      19.64   0
  125.015800   2117.871418      98.72   0
  125.023671   2118.384765     112.23   0
  125.031542   2118.898111      56.37   0
  125.039413   2119.411457       0.00   0
  125.047284   2119.924804       0.00   0
  125.055155   2120.438150      58.67   0
  125.063027   2120.951496       0.00   0
  125.070898   2121.464843       0.00   0
  125.078769   2121.978189       0.00   0
  125.086640   2122.491535       0.00   0
  125.094511   2123.004882       0.00   0
  125.102382   2123.518228       0.00   0
  125.110253   2124.031574       0.00   0
  125.118124   2124.544921       0.00   0
  125.125995   2125.058267       0.00   0
  125.133866   2125.570805     361.09   0
  125.141737   2126.082922       0.00   0
  125.149608   2126.595038       0.00   0
  125.157479   2127.107155       0.00   0
  125.165350   2127.619271      78.79   0
  125.173221   2128.131388      82.18   0
  125.181092   2128.643505       0.00   0
  125.188963   2129.155621       0.00   0
  125.196834   2129.667738     122.95   0
  125.204705   2130.179854     123.34   0
  125.212576   2130.691971       0.00   0
  125.220447   2131.204087       0.00   0
  125.228318   2131.716204       0.00   0
  125.236190   2132.228320      31.36   0
  125.244061   2132.740437     270.26   0
  125.251932   2133.252554     298.12   0
  125.259803   2133.764670     104.90   0
  125.267674   2134.276787     507.25   0
  125.275545   2134.788903       8.64   0
  125.283416   2135.301020      78.16   0
  125.291287   2135.813136       0.00   0
  125.299158   2136.325253      75.87   0
  125.307029   2136.837369      32.49   0
  125.314900   2137.349486       0.00   0
  125.322771   2137.861603     834.63   0
  125.330642   2138.373719    2634.70   1
  125.338513   2138.885836     142.33   0
  125.346384   2139.397952    1029.76   0
  125.354255   2139.910069     350.71   0
  125.362126   2140.422185       0.00   0
  125.369997   2140.934302       0.00   0
  125.377868   2141.446412     237.33   0
  125.385739   2141.957464       0.00   0
  125.393610   2142.468516       0.00   0
  125.401481   2142.979569     102.31   0
  125.409352   2143.490621       0.00   0
  125.417224   2144.001673       0.00   0
  125.425095   2144.512725       0.00   0
  125.432966   2145.023778       0.00   0
  125.440837   2145.534830       0.00   0
  125.448708   2146.045882      89.22   0
  125.456579   2146.556935     334.48   0
  125.464450   2147.067987      17.36   0
  125.472321   2147.579039       0.00   0
  125.480192   2148.090091      38.28   0
  125.488063   2148.601144       0.00   0
  125.495934   2149.112196      33.19   0
  125.503805   2149.623248       0.00   0
  125.511676   2150.134301      30.13   0
  125.519547   2150.645353     361.86   0
  125.527418   2151.156405      71.64   0
  125.535289   2151.667458       0.00   0
  125.543160   2152.178510       0.00   0
  125.551031   2152.689562      53.30   0
  125.558902   2153.200614     223.56   0
  125.566773   2153.711667    1494.28   1
  125.574644   2154.222719     363.32   0
  125.582515   2154.733771       0.00   0
  125.590387   2155.244824      75.44   0
  125.598258   2155.755876      58.86   0
  125.606129   2156.266928      90.54   0
  125.614000   2156.777980     537.46   0
  125.621871   2157.289033       0.00   0
  125.629742   2157.799834       0.00   0
  125.637613   2158.310071       0.00   0
  125.645484   2158.820308       0.00   0
  125.653355   2159.330545       0.00   0
  125.661226   2159.840783     276.66   0
  125.669097   2160.351020       0.00   0
  125.676968   2160.861257       0.00   0
  125.684839   2161.371494    1150.10   1
  125.692710   2161.881732     238.85   0
  125.700581   2162.391969      22.69   0
  125.708452   2162.902206     297.81   0
  125.716323   2163.412443     150.78   0
  125.724194   2163.922680       0.00   0
  125.732065   2164.432918     213.14   0
  125.739936   2164.943155       0.00   0
  125.747807   2165.453392     191.49   0
  125.755678   2165.963629       0.00   0
  125.763549   2166.473867     388.71   0
  125.771421   2166.984104       0.00   0
  125.779292   2167.494341       0.00   0
  125.787163   2168.004578    2255.50   0
  125.795034   2168.514816    5268.21   1
  125.802905   2169.025053     492.72   0
  125.810776   2169.535290    4108.62   0
  125.818647   2170.045527    1891.03   0
  125.826518   2170.555764      29.05   0
  125.834389   2171.066002    1132.05   0
  125.842260   2171.576239       0.00   0
  125.850131   2172.086313    1403.41   0
  125.858002   2172.596002     391.31   0
  125.865873   2173.105692    1835.20   0
  125.873744   2173.615381     452.72   0
  125.881615   2174.125071    2345.07   0
  125.889486   2174.634761     162.61   0
  125.897357   2175.144450     799.98   0
  125.905228   2175.654140     772.94   0
  125.913099   2176.163829     287.26   0
  125.920970   2176.673519     592.41   0
  125.928841   2177.183209     590.74   0
  125.936712   2177.692898      58.31   0
  125.944584   2178.202588       0.00   0
  125.952455   2178.712277      56.01   0
  125.960326   2179.221967     102.28   0
  125.968197   2179.731657     102.59   0
  125.976068   2180.241346     150.49   0
  125.983939   2180.751036       0.00   0
  125.991810   2181.260725     399.28   0
  125.999681   2181.770415      57.85   0
  126.007552   2182.280105      12.16   0
  126.015423   2182.789794       0.00   0
  126.023294   2183.299484      40.78   0
  126.031165   2183.809173     575.28   1
  126.039036   2184.318863       0.00   0
  126.046907   2184.828553     317.91   0
  126.054778   2185.338242     202.28   0
  126.062649   2185.847932       0.00   0
  126.070520   2186.357622       0.00   0
  126.078391   2186.867311     214.22   0
  126.086262   2187.377001      45.79   0
  126.094133   2187.886690      83.95   0
  126.102004   2188.396339       0.00   0
  126.109875   2188.905976     183.82   0
  126.117746   2189.415614       0.00   0
  126.125618   2189.925251       0.00   0
  126.133489   2190.434889       0.00   0
  126.141360   2190.944526       0.00   0
  126.149231   2191.454164       0.00   0
  126.157102   2191.963801       0.00   0
  126.164973   2192.473439     153.32   0
  126.172844   2192.983076      21.57   0
  126.180715   2193.492714     177.14   0
  126.188586   2194.002351       0.00   0
  126.196457   2194.511989       0.00   0
  126.204328   2195.021626      78.11   0
  126.212199   2195.531263       0.00   0
  126.220070   2196.040901       0.00   0
  126.227941   2196.550538       0.00   0
  126.235812   2197.060176     230.73   0
  126.243683   2197.569813      15.39   0
  126.251554   2198.079451       0.00   0
  126.259425   2198.589088     171.29   0
  126.267296   2199.098726       0.00   0
  126.275167   2199.608363       0.00   0
  126.283038   2200.118001      42.65   0
  126.290909   2200.627638       3.41   0
  126.298781   2201.137276     180.74   0
  126.306652   2201.646913      27.96   0
  126.314523   2202.156551       0.00   0
  126.322394   2202.666188      33.10   0
  126.330265   2203.175825      58.98   0
  126.338136   2203.685463     175.42   0
  126.346007   2204.195248       1.75   0
  126.353878   2204.705440     181.13   0
  126.361749   2205.215632     618.03   1
  126.369620   2205.725825      53.89   0
  126.377491   2206.236017       0.00   0
  126.385362   2206.746209     139.20   0
  126.393233   2207.256401       0.00   0
  126.401104   2207.766594       0.00   0
  126.408975   2208.276786     215.23   0
  126.416846   2208.786978      36.49   0
  126.424717   2209.297171       0.00   0
  126.432588   2209.807363     107.51   0
  126.440459   2210.317555       0.00   0
  126.448330   2210.827747      97.63   0
  126.456201   2211.337940       0.00   0
  126.464072   2211.848132      54.38   0
  126.471944   2212.358324      88.91   0
  126.479815   2212.868517     179.46   0
  126.487686   2213.378709      67.20   0
  126.495557   2213.888901       0.00   0
  126.503428   2214.399094     185.43   0
  126.511299   2214.909286     553.09   0
  126.519170   2215.419478      77.85   0
  126.527041   2215.929670      72.70   0
  126.534912   2216.439863       0.00   0
  126.542783   2216.950055     376.91   0
  126.550654   2217.460247     430.42   0
  126.558525   2217.970440    1908.91   1
  126.566396   2218.480632     819.27   0
  126.574267   2218.990824     238.50   0
  126.582138   2219.501016     168.04   0
  126.590009   2220.011209       0.00   0
  126.597880   2220.522466       0.00   0
  126.605751   2221.034066       0.00   0
  126.613622   2221.545666      84.24   0
  126.621493   2222.057267       0.00   0
  126.629364   2222.568867       0.00   0
  126.637235   2223.080468     228.73   0
  126.645106   2223.592068     200.23   0
  126.652978   2224.103668       7.24   0
  126.660849   2224.615269       0.00   0
  126.668720   2225.126869       0.00   0
  126.676591   2225.638470     172.19   0
  126.684462   2226.150070       0.00   0
  126.692333   2226.661671       0.00   0
  126.700204   2227.173271       3.02   0
  126.708075   2227.684871       0.00   0
  126.715946   2228.196472       0.00   0
  126.723817   2228.708072       0.00   0
  126.731688   2229.219673      73.76   0
  126.739559   2229.731273       0.00   0
  126.747430   2230.242873      13.46   0
  126.755301   2230.754474       0.00   0
  126.763172   2231.266074      17.09   0
  126.771043   2231.777675     237.70   0
  126.778914   2232.289275       0.00   0
  126.786785   2232.800876       0.00   0
  126.794656   2233.312476    2096.45   0
  126.802527   2233.824076    2719.69   1
  126.810398   2234.335677      38.07   0
  126.818269   2234.847277      34.77   0
  126.826141   2235.358878       0.00   0
  126.834012   2235.870478       0.00   0
  126.841883   2236.382883      45.63   0
  126.849754   2236.897163     183.02   0
  126.857625   2237.411443       2.40   0
  126.865496   2237.925722       0.00   0
  126.873367   2238.440002     191.75   0
  126.881238   2238.954282       0.00   0
  126.889109   2239.468562       3.20   0
  126.896980   2239.982841       0.00   0
  126.904851   2240.497121     270.87   0
  126.912722   2241.011401       0.00   0
  126.920593   2241.525681      11.98   0
  126.928464   2242.039960     180.81   0
  126.936335   2242.554240     205.78   0
  126.944206   2243.068520       0.00   0
  126.952077   2243.582800       0.00   0
  126.959948   2244.097079     115.05   0
  126.967819   2244.611359       0.00   0
  126.975690   2245.125639       0.00   0
  126.983561   2245.639918       0.00   0
  126.991432   2246.154198     738.72   0
  126.999303   2246.668478      26.46   0
  127.007175   2247.182758       0.00   0
  127.015046   2247.697037       0.00   0
  127.022917   2248.211317     142.69   0
  127.030788   2248.725597    5205.46   1
  127.038659   2249.239877    1324.23   0
  127.046530   2249.754156      78.32   0
  127.054401   2250.268436     261.39   0
  127.062272   2250.782716     160.32   0
  127.070143   2251.297586      64.39   0
  127.078014   2251.816494      68.91   0
  127.085885   2252.335403      77.15   0
  127.093756   2252.854311     295.10   0
  127.101627   2253.373219      13.96   0
  127.109498   2253.892127      56.71   0
  127.117369   2254.411036     136.14   0
  127.125240   2254.929944       0.00   0
  127.133111   2255.448852     241.03   0
  127.140982   2255.967761     291.66   0
  127.148853   2256.486669      14.58   0
  127.156724   2257.005577     137.13   0
  127.164595   2257.524486       0.00   0
  127.172466   2258.043394       2.58   0
  127.180338   2258.562302     536.36   1
  127.188209   2259.081210       0.00   0
  127.196080   2259.600119       0.00   0
  127.203951   2260.119027     118.62   0
  127.211822   2260.637935       9.98   0
  127.219693   2261.156844       0.00   0
  127.227564   2261.675752       0.00   0
  127.235435   2262.194660      66.65   0
  127.243306   2262.713568       0.00   0
  127.251177   2263.232477       0.00   0
  127.259048   2263.751385       0.00   0
  127.266919   2264.270293     178.16   0
  127.274790   2264.789202     406.68   1
  127.282661   2265.308110       0.00   0
  127.290532   2265.827018      16.63   0
  127.298403   2266.345926     164.84   0
  127.306274   2266.864835      32.71   0
  127.314145   2267.385904       0.00   0
  127.322016   2267.912242       0.00   0
  127.329887   2268.438580       0.00   0
  127.337758   2268.964917     119.64   0
  127.345629   2269.491255       0.00   0
  127.353500   2270.017593     176.65   0
  127.361372   2270.543930      24.01   0
  127.369243   2271.070268       0.00   0
  127.377114   2271.596605       0.00   0
  127.384985   2272.122943       3.32   0
  127.392856   2272.649281       0.00   0
  127.400727   2273.175618       0.00   0
  127.408598   2273.701956     103.22   0
  127.416469   2274.228294       0.00   0
  127.424340   2274.754631       0.00   0
  127.432211   2275.280969       0.00   0
  127.440082   2275.807307     324.90   0
  127.447953   2276.333644       0.00   0
  127.455824   2276.859982     159.26   0
  127.463695   2277.386319      30.82   0
  127.471566   2277.912657       0.00   0
  127.479437   2278.438995     133.40   0
  127.487308   2278.965332      88.52   0
  127.495179   2279.491670       0.00   0
  127.503050   2280.018008       0.00   0
  127.510921   2280.544345      33.15   0
  127.518792   2281.070683      67.72   0
  127.526663   2281.597020       0.00   0
  127.534535   2282.123358       0.00   0
  127.542406   2282.649696       0.00   0
  127.550277   2283.176033     434.16   0
  127.558148   2283.710685      82.85   0
  127.566019   2284.248741      40.98   0
  127.573890   2284.786798       0.00   0
  127.581761   2285.324854     766.99   1
  127.589632   2285.862911      27.48   0
  127.597503   2286.400968       1.23   0
  127.605374   2286.939024       0.00   0
  127.613245   2287.477081      88.96   0
  127.621116   2288.015137      71.67   0
  127.628987   2288.553194      72.13   0
  127.636858   2289.091250     355.94   0
  127.644729   2289.629307      76.72   0
  127.652600   2290.167363      41.09   0
  127.660471   2290.705420       0.00   0
  127.668342   2291.243477     170.28   0
  127.676213   2291.781533       1.69   0
  127.684084   2292.319590       0.00   0
  127.691955   2292.857646       0.00   0
  127.699826   2293.395703      77.69   0
  127.707697   2293.933759       0.00   0
  127.715569   2294.471816       0.00   0
  127.723440   2295.009872      47.43   0
  127.731311   2295.547929       0.00   0
  127.739182   2296.085986       0.00   0
  127.747053   2296.624042      68.20   0
  127.754924   2297.162099       0.00   0
  127.762795   2297.700155       0.00   0
  127.770666   2298.238212     134.84   0
  127.778537   2298.776268     944.47   0
  127.786408   2299.314325    2377.76   1
  127.794279   2299.863250     907.08   0
  127.802150   2300.419157     740.18   0
  127.810021   2300.975064     236.99   0
  127.817892   2301.530970     367.46   0
  127.825763   2302.086877    1032.34   0
  127.833634   2302.642783     117.12   0
  127.841505   2303.198690     289.94   0
  127.849376   2303.754597     270.15   0
  127.857247   2304.310503       0.00   0
  127.865118   2304.866410     141.84   0
  127.872989   2305.422316     108.19   0
  127.880860   2305.978223       0.00   0
  127.888732   2306.534130     209.07   0
  127.896603   2307.090036      12.26   0
  127.904474   2307.645943     261.44   0
  127.912345   2308.201849       0.00   0
  127.920216   2308.757756       0.00   0
  127.928087   2309.313663      34.69   0
  127.935958   2309.869569       0.00   0
  127.943829   2310.425476       0.00   0
  127.951700   2310.981382     140.24   0
  127.959571   2311.537289       0.00   0
  127.967442   2312.093196       0.00   0
  127.975313   2312.649102     336.64   0
  127.983184   2313.205009       5.35   0
  127.991055   2313.760915       0.00   0
  127.998926   2314.316822     185.19   0
  128.006797   2314.872729       0.00   0
  128.014668   2315.428635    1364.50   1
  128.022539   2315.990794      97.33   0
  128.030410   2316.572616     502.60   0
  128.038281   2317.154438     207.25   0
  128.046152   2317.736260       0.00   0
  128.054023   2318.318082     136.56   0
  128.061894   2318.899903      92.23   0
  128.069766   2319.481725      10.03   0
  128.077637   2320.063547       0.00   0
  128.085508   2320.645369     504.15   0
  128.093379   2321.227190      71.33   0
  128.101250   2321.809012      37.38   0
  128.109121   2322.390834     258.26   0
  128.116992   2322.972656     128.39   0
  128.124863   2323.554477       0.00   0
  128.132734   2324.136299     299.51   0
  128.140605   2324.718121     202.75   0
  128.148476   2325.299943     120.63   0
  128.156347   2325.881765     145.53   0
  128.164218   2326.463586     554.08   0
  128.172089   2327.045408      11.60   0
  128.179960   2327.627230       0.00   0
  128.187831   2328.209052      17.64   0
  128.195702   2328.790873     648.82   0
  128.203573   2329.372695     101.36   0
  128.211444   2329.954517     120.78   0
  128.219315   2330.536339      19.98   0
  128.227186   2331.118160    6978.47   1
  128.235057   2331.699982    1404.64   0
  128.242929   2332.306582    1404.18   0
  128.250800   2332.923796     542.64   0
  128.258671   2333.541010     109.56   0
  128.266542   2334.158224     645.45   0
  128.274413   2334.775439       6.02   0
  128.282284   2335.392653       0.00   0
  128.290155   2336.009867     345.51   0
  128.298026   2336.627081     205.02   0
  128.305897   2337.244295       0.00   0
  128.313768   2337.861509     141.13   0
  128.321639   2338.478723       0.00   0
  128.329510   2339.095937      19.20   0
  128.337381   2339.713151     158.60   0
  128.345252   2340.330365      66.55   0
  128.353123   2340.947579       0.00   0
  128.360994   2341.564793      45.71   0
  128.368865   2342.182007     361.85   0
  128.376736   2342.799221     370.55   0
  128.384607   2343.416435      76.03   0
  128.392478   2344.033649       0.00   0
  128.400349   2344.650864       5.61   0
  128.408220   2345.268078      28.68   0
  128.416092   2345.885292       0.00   0
  128.423963   2346.502506     197.98   0
  128.431834   2347.119720     134.09   0
  128.439705   2347.736934     235.49   0
  128.447576   2348.366028     157.17   0
  128.455447   2349.026576       0.00   0
  128.463318   2349.687125       7.70   0
  128.471189   2350.347674       0.00   0
  128.479060   2351.008223       0.00   0
  128.486931   2351.668771       0.00   0
  128.494802   2352.329320     106.13   0
  128.502673   2352.989869      36.90   0
  128.510544   2353.650418      67.86   0
  128.518415   2354.310967       5.64   0
  128.526286   2354.971515       0.00   0
  128.534157   2355.632064      18.95   0
  128.542028   2356.292613      15.07   0
  128.549899   2356.953162      19.12   0
  128.557770   2357.613710     114.07   0
  128.565641   2358.274259     197.46   0
  128.573512   2358.934808     829.75   0
  128.581383   2359.595357      25.65   0
  128.589254   2360.255906      83.72   0
  128.597126   2360.916454      11.80   0
  128.604997   2361.577003     386.29   0
  128.612868   2362.237552      55.54   0
  128.620739   2362.898101      22.32   0
  128.628610   2363.558649     843.02   0
  128.636481   2364.219198     773.05   0
  128.644352   2364.921422      15.49   0
  128.652223   2365.628065       0.00   0
  128.660094   2366.334708      40.90   0
  128.667965   2367.041350     298.77   0
  128.675836   2367.747993       0.00   0
  128.683707   2368.454636     643.61   0
  128.691578   2369.161278     231.84   0
  128.699449   2369.867921     916.06   0
  128.707320   2370.574564       0.00   0
  128.715191   2371.281206      50.58   0
  128.723062   2371.987849    1420.13   0
  128.730933   2372.694492      73.39   0
  128.738804   2373.401134       0.00   0
  128.746675   2374.107777     205.00   0
  128.754546   2374.814420     105.23   0
  128.762417   2375.521062       0.00   0
  128.770289   2376.227705     191.63   0
  128.778160   2376.934348    1430.90   0
  128.786031   2377.640990     168.49   0
  128.793902   2378.347633      60.99   0
  128.801773   2379.054276     101.58   0
  128.809644   2379.760918     306.55   0
  128.817515   2380.502736     165.83   0
  128.825386   2381.249146     962.00   0
  128.833257   2381.995555     612.15   0
  128.841128   2382.741965     950.95   0
  128.848999   2383.488375     394.65   0
  128.856870   2384.234784    1135.66   0
  128.864741   2384.981194    5666.33   0
  128.872612   2385.727604    9902.68   1
  128.880483   2386.474014    1989.05   0
  128.888354   2387.220423     316.40   0
  128.896225   2387.966833    1537.37   0
  128.904096   2388.713243    2048.02   0
  128.911967   2389.459652     466.95   0
  128.919838   2390.206062     315.30   0
  128.927709   2390.952472     418.23   0
  128.935580   2391.698881    1256.15   0
  128.943451   2392.445291       0.00   0
  128.951323   2393.191701     782.39   0
  128.959194   2393.938110     161.10   0
  128.967065   2394.684572     191.88   0
  128.974936   2395.454592       0.00   0
  128.982807   2396.224612     228.03   0
  128.990678   2396.994632    2504.37   0
  128.998549   2397.764651     547.79   0
  129.006420   2398.534671    1686.04   0
  129.014291   2399.304691    1969.19   0
  129.022162   2400.074711    6825.01   1
  129.030033   2400.844730    3612.87   0
  129.037904   2401.614750    1145.56   0
  129.045775   2402.384770    5036.23   0
  129.053646   2403.154790    4922.70   0
  129.061517   2403.924809    1775.73   0
  129.069388   2404.694829       0.00   0
  129.077259   2405.464849     132.57   0
  129.085130   2406.234869    1160.61   0
  129.093001   2407.004888       0.00   0
  129.100872   2407.774908     761.80   0
  129.108743   2408.544928     321.24   0
  129.116614   2409.315230    1516.05   0
  129.124486   2410.086209     187.24   0
  129.132357   2410.857188    1264.84   0
  129.140228   2411.628167    3175.97   0
  129.148099   2412.399147    4547.76   0
  129.155970   2413.170126     649.66   0
  129.163841   2413.941105    2642.44   0
  129.171712   2414.712084    9717.96   1
  129.179583   2415.483063    2017.50   0
  129.187454   2416.254042     796.28   0
  129.195325   2417.025021    1451.49   0
  129.203196   2417.796000    2454.88   0
  129.211067   2418.566980    2587.35   0
  129.218938   2419.337959       0.00   0
  129.226809   2420.108938     495.39   0
  129.234680   2420.879917     458.59   0
  129.242551   2421.650896     314.79   0
  129.250422   2422.421875     893.47   0
  129.258293   2423.191084     224.36   0
  129.266164   2423.940065      52.23   0
  129.274035   2424.689047     138.08   0
  129.281906   2425.438029     331.22   0
  129.289777   2426.187011     321.08   0
  129.297648   2426.935992     154.01   0
  129.305520   2427.684974      92.85   0
  129.313391   2428.433956     407.27   0
  129.321262   2429.182938     104.85   0
  129.329133   2429.931919       0.00   0
  129.337004   2430.680901       0.00   0
  129.344875   2431.429883      92.49   0
  129.352746   2432.178865       0.00   0
  129.360617   2432.927846       0.00   0
  129.368488   2433.676828      47.10   0
  129.376359   2434.425810       0.00   0
  129.384230   2435.174792       8.43   0
  129.392101   2435.923773     147.16   0
  129.399972   2436.672755      62.04   0
  129.407843   2437.421737       0.00   0
  129.415714   2438.142250       0.00   0
  129.423585   2438.851358      18.91   0
  129.431456   2439.560465     286.82   0
  129.439327   2440.269573       5.39   0
  129.447198   2440.978680     222.26   0
  129.455069   2441.687788       0.00   0
  129.462940   2442.396895       0.00   0
  129.470811   2443.106003     224.52   0
  129.478683   2443.815110      40.05   0
  129.486554   2444.524217     313.00   0
  129.494425   2445.233325      50.92   0
  129.502296   2445.942432       0.00   0
  129.510167   2446.651540    1258.56   0
  129.518038   2447.360647     524.23   0
  129.525909   2448.069755     178.18   0
  129.533780   2448.778862     102.56   0
  129.541651   2449.487970     195.31   0
  129.549522   2450.197077      76.74   0
  129.557393   2450.906184     304.75   0
  129.565264   2451.615292    1879.26   0
  129.573135   2452.324399    1988.55   0
  129.581006   2453.022620      22.79   0
  129.588877   2453.683271     757.76   0
  129.596748   2454.343921   11634.62   1
  129.604619   2455.004572      58.17   0
  129.612490   2455.665223    1441.96   0
  129.620361   2456.325873    2332.14   0
  129.628232   2456.986524    2789.49   0
  129.636103   2457.647175    1302.21   0
  129.643974   2458.307825    1412.01   0
  129.651845   2458.968476     687.68   0
  129.659717   2459.629127    2150.84   0
  129.667588   2460.289777     886.96   0
  129.675459   2460.950428     573.83   0
  129.683330   2461.611079     389.04   0
  129.691201   2462.271729     227.96   0
  129.699072   2462.932380     173.88   0
  129.706943   2463.593031     119.87   0
  129.714814   2464.253681     236.58   0
  129.722685   2464.914332    1807.37   0
  129.730556   2465.574983     594.01   0
  129.738427   2466.235633    1136.82   0
  129.746298   2466.896284     282.24   0
  129.754169   2467.556935     118.31   0
  129.762040   2468.217585    6420.30   0
  129.769911   2468.868991   19077.94   1
  129.777782   2469.482221       9.39   0
  129.785653   2470.095451    2098.50   0
  129.793524   2470.708681     713.89   0
  129.801395   2471.321911    1952.42   0
  129.809266   2471.935141    1575.44   0
  129.817137   2472.548371     112.70   0
  129.825008   2473.161602    1184.09   0
  129.832880   2473.774832       0.00   0
  129.840751   2474.388062     210.62   0
  129.848622   2475.001292       0.00   0
  129.856493   2475.614522     648.24   0
  129.864364   2476.227752     333.78   0
  129.872235   2476.840982       0.00   0
  129.880106   2477.454212       3.48   0
  129.887977   2478.067442      52.50   0
  129.895848   2478.680672     403.91   0
  129.903719   2479.293903      41.35   0
  129.911590   2479.907133     964.24   0
  129.919461   2480.520363     223.48   0
  129.927332   2481.133593     231.35   0
  129.935203   2481.746823    1139.38   0
  129.943074   2482.360053     363.09   0
  129.950945   2482.973283   16688.99   1
  129.958816   2483.586513   12651.48   0
  129.966687   2484.199743     643.74   0
  129.974558   2484.812974     384.44   0
  129.982429   2485.426204     802.11   0
  129.990300   2486.013700     421.47   0
  129.998171   2486.586531     809.40   0
  130.006042   2487.159361     216.94   0
  130.013914   2487.732191     357.74   0
  130.021785   2488.305021     107.32   0
  130.029656   2488.877852     170.50   0
  130.037527   2489.450682    1049.05   0
  130.045398   2490.023512      39.05   0
  130.053269   2490.596342     232.82   0
  130.061140   2491.169173      14.80   0
  130.069011   2491.742003      85.46   0
  130.076882   2492.314833     189.86   0
  130.084753   2492.887663       0.00   0
  130.092624   2493.460494     204.25   0
  130.100495   2494.033324      79.53   0
  130.108366   2494.606154     157.57   0
  130.116237   2495.178984     113.82   0
  130.124108   2495.751815     331.58   0
  130.131979   2496.324645       0.00   0
  130.139850   2496.897475       0.00   0
  130.147721   2497.470306      49.70   0
  130.155592   2498.043136       0.00   0
  130.163463   2498.615966     364.84   0
  130.171334   2499.188796       0.00   0
  130.179205   2499.761627       0.00   0
  130.187077   2500.334457      35.68   0
  130.194948   2500.907287     309.24   0
  130.202819   2501.480117     155.60   0
  130.210690   2502.035999      26.87   0
  130.218561   2502.577604     323.97   0
  130.226432   2503.119209       0.00   0
  130.234303   2503.660814       0.00   0
  130.242174   2504.202419     791.74   1
  130.250045   2504.744024     102.84   0
  130.257916   2505.285629      11.50   0
  130.265787   2505.827234       0.00   0
  130.273658   2506.368839      15.67   0
  130.281529   2506.910444       0.00   0
  130.289400   2507.452049      49.40   0
  130.297271   2507.993654       0.00   0
  130.305142   2508.535259       0.00   0
  130.313013   2509.076864       0.00   0
  130.320884   2509.618469      80.56   0
  130.328755   2510.160074      17.92   0
  130.336626   2510.701679       0.00   0
  130.344497   2511.243284       0.00   0
  130.352368   2511.784889      61.24   0
  130.360240   2512.326494       0.00   0
  130.368111   2512.868098      23.53   0
  130.375982   2513.409703       0.00   0
  130.383853   2513.951308      36.72   0
  130.391724   2514.492913      38.23   0
  130.399595   2515.034518      37.79   0
  130.407466   2515.576123       2.64   0
  130.415337   2516.117728      19.01   0
  130.423208   2516.659333      74.83   0
  130.431079   2517.200938      66.52   0
  130.438950   2517.742011     464.42   0
  130.446821   2518.260793       0.00   0
  130.454692   2518.779575       0.00   0
  130.462563   2519.298357       0.00   0
  130.470434   2519.817139     137.88   0
  130.478305   2520.335921       0.00   0
  130.486176   2520.854703     591.36   1
  130.494047   2521.373485      21.79   0
  130.501918   2521.892267       0.00   0
  130.509789   2522.411049       0.00   0
  130.517660   2522.929831       0.00   0
  130.525531   2523.448613      65.43   0
  130.533402   2523.967395      44.97   0
  130.541274   2524.486176     144.97   0
  130.549145   2525.004958     198.38   0
  130.557016   2525.523740       0.00   0
  130.564887   2526.042522       0.00   0
  130.572758   2526.561304      91.64   0
  130.580629   2527.080086       0.00   0
  130.588500   2527.598868      97.42   0
  130.596371   2528.117650       7.46   0
  130.604242   2528.636432      26.26   0
  130.612113   2529.155214       0.00   0
  130.619984   2529.673996      35.14   0
  130.627855   2530.192778     188.76   0
  130.635726   2530.711560      85.87   0
  130.643597   2531.230342     266.06   0
  130.651468   2531.749124     281.73   0
  130.659339   2532.267906      12.37   0
  130.667210   2532.786688    4011.18   1
  130.675081   2533.305470    2004.63   0
  130.682952   2533.816516    1559.13   0
  130.690823   2534.318971       0.00   0
  130.698694   2534.821426      85.04   0
  130.706565   2535.323881       0.00   0
  130.714437   2535.826336      95.76   0
  130.722308   2536.328791       0.00   0
  130.730179   2536.831246       1.56   0
  130.738050   2537.333701      51.04   0
  130.745921   2537.836156       0.00   0
  130.753792   2538.338611       0.00   0
  130.761663   2538.841066       0.00   0
  130.769534   2539.343521     504.87   0
  130.777405   2539.845976     179.69   0
  130.785276   2540.348431     202.16   0
  130.793147   2540.850885       0.00   0
  130.801018   2541.353340      55.58   0
  130.808889   2541.855795       0.00   0
  130.816760   2542.358250      48.39   0
  130.824631   2542.860705     103.06   0
  130.832502   2543.363160       0.00   0
  130.840373   2543.865615     226.99   0
  130.848244   2544.368070      74.58   0
  130.856115   2544.870525      19.14   0
  130.863986   2545.372980      64.65   0
  130.871857   2545.875435     269.52   0
  130.879728   2546.377890       0.00   0
  130.887599   2546.880345     358.85   0
  130.895471   2547.382800    6947.10   1
  130.903342   2547.885255     637.91   0
  130.911213   2548.387710      66.84   0
  130.919084   2548.890165     528.64   0
  130.926955   2549.391470       0.00   0
  130.934826   2549.882263      99.63   0
  130.942697   2550.373056       5.21   0
  130.950568   2550.863849       0.00   0
  130.958439   2551.354642     173.16   0
  130.966310   2551.845436       0.00   0
  130.974181   2552.336229       0.00   0
  130.982052   2552.827022      35.95   0
  130.989923   2553.317815       0.00   0
  130.997794   2553.808608      14.10   0
  131.005665   2554.299401      64.13   0
  131.013536   2554.790194     609.34   0
  131.021407   2555.280987     125.78   0
  131.029278   2555.771780      70.47   0
  131.037149   2556.262573       0.00   0
  131.045020   2556.753367       0.00   0
  131.052891   2557.244160      21.57   0
  131.060762   2557.734953       0.00   0
  131.068634   2558.225746     131.27   0
  131.076505   2558.716539       0.00   0
  131.084376   2559.207332     625.96   0
  131.092247   2559.698125      13.60   0
  131.100118   2560.188918     112.94   0
  131.107989   2560.679711     909.92   0
  131.115860   2561.170504    2577.41   0
  131.123731   2561.661298   10503.29   1
  131.131602   2562.152091    1395.19   0
  131.139473   2562.642884       0.00   0
  131.147344   2563.133677      53.07   0
  131.155215   2563.624470     252.64   0
  131.163086   2564.115263     304.80   0
  131.170957   2564.606056     169.22   0
  131.178828   2565.096849       0.00   0
  131.186699   2565.587642      33.60   0
  131.194570   2566.078435     242.35   0
  131.202441   2566.566277      70.08   0
  131.210312   2567.048510       0.00   0
  131.218183   2567.530742       0.00   0
  131.226054   2568.012975       0.00   0
  131.233925   2568.495208      23.60   0
  131.241796   2568.977440       0.00   0
  131.249668   2569.459673       0.00   0
  131.257539   2569.941905       0.00   0
  131.265410   2570.424138     214.93   0
  131.273281   2570.906371       0.00   0
  131.281152   2571.388603       0.00   0
  131.289023   2571.870836     593.12   1
  131.296894   2572.353069       0.00   0
  131.304765   2572.835301      97.23   0
  131.312636   2573.317534     136.55   0
  131.320507   2573.799767       0.00   0
  131.328378   2574.281999       9.94   0
  131.336249   2574.764232       9.60   0
  131.344120   2575.246465       0.00   0
  131.351991   2575.728697       0.00   0
  131.359862   2576.210930       3.98   0
  131.367733   2576.693162     153.03   0
  131.375604   2577.175395      91.84   0
  131.383475   2577.657628      98.53   0
  131.391346   2578.139860     127.91   0
  131.399217   2578.622093      77.67   0
  131.407088   2579.104326       0.00   0
  131.414959   2579.586558       0.00   0
  131.422831   2580.068791      34.16   0
  131.430702   2580.551024      40.03   0
  131.438573   2581.033256     227.27   0
  131.446444   2581.515489     321.03   0
  131.454315   2581.996177      98.93   0
  131.462186   2582.471872      56.68   0
  131.470057   2582.947566       0.00   0
  131.477928   2583.423261       0.00   0
  131.485799   2583.898956     197.13   0
  131.493670   2584.374650     540.82   1
  131.501541   2584.850345     301.95   0
  131.509412   2585.326040       0.00   0
  131.517283   2585.801734       0.00   0
  131.525154   2586.277429     217.61   0
  131.533025   2586.753124     435.31   0
  131.540896   2587.228819       0.00   0
  131.548767   2587.704513       4.94   0
  131.556638   2588.180208     193.02   0
  131.564509   2588.655903       0.00   0
  131.572380   2589.131597       0.00   0
  131.580251   2589.607292      54.56   0
  131.588122   2590.082987      53.81   0
  131.595993   2590.558681      39.82   0
  131.603865   2591.034376       0.00   0
  131.611736   2591.510071      91.60   0
  131.619607   2591.985765     170.55   0
  131.627478   2592.461460      24.78   0
  131.635349   2592.937155      35.52   0
  131.643220   2593.412850       0.00   0
  131.651091   2593.888544       0.00   0
  131.658962   2594.364239       0.00   0
  131.666833   2594.839934     155.82   0
  131.674704   2595.315628      89.92   0
  131.682575   2595.791323      53.11   0
  131.690446   2596.267018       0.00   0
  131.698317   2596.742712     339.87   0
  131.706188   2597.218407     101.90   0
  131.714059   2597.689985       0.00   0
  131.721930   2598.160441      59.45   0
  131.729801   2598.630896     166.08   0
  131.737672   2599.101352       0.00   0
  131.745543   2599.571808       0.00   0
  131.753414   2600.042264       0.00   0
  131.761285   2600.512720     270.36   0
  131.769156   2600.983176     108.45   0
  131.777028   2601.453632      18.43   0
  131.784899   2601.924088       0.00   0
  131.792770   2602.394543      14.06   0
  131.800641   2602.864999      16.05   0
  131.808512   2603.335455      40.88   0
  131.816383   2603.805911     166.77   0
  131.824254   2604.276367      91.13   0
  131.832125   2604.746823     220.69   0
  131.839996   2605.217279       0.00   0
  131.847867   2605.687734       7.91   0
  131.855738   2606.158190       0.00   0
  131.863609   2606.628646     132.42   0
  131.871480   2607.099102      25.46   0
  131.879351   2607.569558      95.94   0
  131.887222   2608.040014     137.84   0
  131.895093   2608.510470       0.00   0
  131.902964   2608.980925       0.00   0
  131.910835   2609.451381       0.00   0
  131.918706   2609.921837      90.18   0
  131.926577   2610.392293      60.74   0
  131.934448   2610.862749       0.00   0
  131.942319   2611.333205     629.83   0
  131.950190   2611.803661       0.00   0
  131.958062   2612.274117    1347.85   1
  131.965933   2612.744572    1226.59   0
  131.973804   2613.210804    1229.66   0
  131.981675   2613.676952      32.05   0
  131.989546   2614.143100    1111.30   0
  131.997417   2614.609248     205.69   0
  132.005288   2615.075396      98.47   0
  132.013159   2615.541544       0.00   0
  132.021030   2616.007692      36.31   0
  132.028901   2616.473840     205.92   0
  132.036772   2616.939987      68.21   0
  132.044643   2617.406135      18.21   0
  132.052514   2617.872283      25.24   0
  132.060385   2618.338431       0.00   0
  132.068256   2618.804579       0.00   0
  132.076127   2619.270727       0.00   0
  132.083998   2619.736875      15.36   0
  132.091869   2620.203023       0.00   0
  132.099740   2620.669171      78.53   0
  132.107611   2621.135319      79.09   0
  132.115482   2621.601467     103.18   0
  132.123353   2622.067615      26.84   0
  132.131225   2622.533762     599.75   1
  132.139096   2622.999910       0.00   0
  132.146967   2623.466058      34.26   0
  132.154838   2623.932206       0.00   0
  132.162709   2624.398354      67.81   0
  132.170580   2624.864502       0.00   0
  132.178451   2625.330650      89.72   0
  132.186322   2625.796798       0.00   0
  132.194193   2626.262946     459.35   0
  132.202064   2626.729094     157.52   0
  132.209935   2627.195242     285.98   0
  132.217806   2627.661390       0.00   0
  132.225677   2628.127538     128.00   0
  132.233548   2628.590223       0.00   0
  132.241419   2629.052660       0.00   0
  132.249290   2629.515097       0.00   0
  132.257161   2629.977534     250.36   0
  132.265032   2630.439972       0.00   0
  132.272903   2630.902409       0.00   0
  132.280774   2631.364846       0.00   0
  132.288645   2631.827283       0.00   0
  132.296516   2632.289720       0.00   0
  132.304387   2632.752158       2.06   0
  132.312259   2633.214595     139.97   0
  132.320130   2633.677032       0.00   0
  132.328001   2634.139469     251.42   0
  132.335872   2634.601907       0.00   0
  132.343743   2635.064344     146.31   0
  132.351614   2635.526781      34.87   0
  132.359485   2635.989218     679.46   0
  132.367356   2636.451655     293.34   0
  132.375227   2636.914093       0.00   0
  132.383098   2637.376530       0.00   0
  132.390969   2637.838967       0.00   0
  132.398840   2638.301404      64.90   0
  132.406711   2638.763842     420.16   0
  132.414582   2639.226279      11.53   0
  132.422453   2639.688716     113.74   0
  132.430324   2640.151153       0.00   0
  132.438195   2640.613590       0.00   0
  132.446066   2641.076028     707.49   1
  132.453937   2641.538465      62.39   0
  132.461808   2642.000902     278.60   0
  132.469679   2642.463339       0.00   0
  132.477550   2642.925777     123.76   0
  132.485422   2643.388214     125.69   0
  132.493293   2643.850651      40.51   0
  132.501164   2644.313088       3.94   0
  132.509035   2644.775525      49.92   0
  132.516906   2645.237963     104.98   0
  132.524777   2645.700400      13.77   0
  132.532648   2646.159660     224.68   0
  132.540519   2646.618872      31.52   0
  132.548390   2647.078085     203.38   0
  132.556261   2647.537298       0.00   0
  132.564132   2647.996511       0.00   0
  132.572003   2648.455724       0.00   0
  132.579874   2648.914937       0.00   0
  132.587745   2649.374150       0.00   0
  132.595616   2649.833363       0.00   0
  132.603487   2650.292576       0.00   0
  132.611358   2650.751789       0.00   0
  132.619229   2651.211002       0.00   0
  132.627100   2651.670215       0.00   0
  132.634971   2652.129428       0.00   0
  132.642842   2652.588641       0.00   0
  132.650713   2653.047853       0.00   0
  132.658585   2653.507066       0.00   0
  132.666456   2653.966279       0.00   0
  132.674327   2654.425492       0.00   0
  132.682198   2654.884705       0.00   0
  132.690069   2655.343918       0.00   0
  132.697940   2655.803131       0.00   0
  132.705811   2656.262344       0.00   0
  132.713682   2656.721557       0.00   0
  132.721553   2657.180770       0.00   0
  132.729424   2657.639983       0.00   0
  132.737295   2658.099196       0.00   0
  132.745166   2658.558409       0.00   0
  132.753037   2659.017622       0.00   0
  132.760908   2659.476835       0.00   0
  132.768779   2659.936047       0.00   0
  132.776650   2660.395260       0.00   0
  132.784521   2660.854473       0.00   0
  132.792392   2661.311242       0.00   0
  132.800263   2661.767454       0.00   0
  132.808134   2662.223666       0.00   0
  132.816005   2662.679879       0.00   0
  132.823876   2663.136091       0.00   0
  132.831747   2663.592303       0.00   0
  132.839619   2664.048516       0.00   0
  132.847490   2664.504728       0.00   0
  132.855361   2664.960940       0.00   0
  132.863232   2665.417152       0.00   0
  132.871103   2665.873365       0.00   0
  132.878974   2666.329577       0.00   0
  132.886845   2666.785789       0.00   0
  132.894716   2667.242002       0.00   0
  132.902587   2667.698214       0.00   0
  132.910458   2668.154426       0.00   0
  132.918329   2668.610638       0.00   0
  132.926200   2669.066851       0.00   0
  132.934071   2669.523063       0.00   0
  132.941942   2669.979275       0.00   0
  132.949813   2670.435488       0.00   0
  132.957684   2670.891700       0.00   0
  132.965555   2671.347912       0.00   0
  132.973426   2671.804124       0.00   0
  132.981297   2672.260337       0.00   0
  132.989168   2672.716549       0.00   0
  132.997039   2673.172761       0.00   0
  133.004910   2673.628974       0.00   0
  133.012782   2674.085186       0.00   0
  133.020653   2674.541398       0.00   0
  133.028524   2674.997610       0.00   0
  133.036395   2675.453823       0.00   0
  133.044266   2675.910035       0.00   0
  133.052137   2676.365159       0.00   0
  133.060008   2676.818698       0.00   0
  133.067879   2677.272238       0.00   0
  133.075750   2677.725777       0.00   0
  133.083621   2678.179317       0.00   0
  133.091492   2678.632857       0.00   0
  133.099363   2679.086396       0.00   0
  133.107234   2679.539936       0.00   0
  133.115105   2679.993476       0.00   0
  133.122976   2680.447015       0.00   0
  133.130847   2680.900555       0.00   0
  133.138718   2681.354094       0.00   0
  133.146589   2681.807634       0.00   0
  133.154460   2682.261174       0.00   0
  133.162331   2682.714713       0.00   0
  133.170202   2683.168253       0.00   0
  133.178073   2683.621792       0.00   0
  133.185944   2684.075332       0.00   0
  133.193816   2684.528872       0.00   0
  133.201687   2684.982411       0.00   0
  133.209558   2685.435951       0.00   0
  133.217429   2685.889490       0.00   0
  133.225300   2686.343030       0.00   0
  133.233171   2686.796570       0.00   0
  133.241042   2687.250109       0.00   0
  133.248913   2687.703649       0.00   0
  133.256784   2688.157188       0.00   0
  133.264655   2688.610728       0.00   0
  133.272526   2689.064268       0.00   0
  133.280397   2689.517807       0.00   0
  133.288268   2689.971347       0.00   0
  133.296139   2690.424887       0.00   0
  133.304010   2690.878426       0.00   0
  133.311881   2691.331966       0.00   0
  133.319752   2691.783534       0.00   0
  133.327623   2692.234653       0.00   0
  133.335494   2692.685772       0.00   0
  133.343365   2693.136892       0.00   0
  133.351236   2693.588011       0.00   0
  133.359107   2694.039130       0.00   0
  133.366979   2694.490250       0.00   0
  133.374850   2694.941369       0.00   0
  133.382721   2695.392488       0.00   0
  133.390592   2695.843607       0.00   0
  133.398463   2696.294727       0.00   0
  133.406334   2696.745846       0.00   0
  133.414205   2697.196965       0.00   0
  133.422076   2697.648084       0.00   0
  133.429947   2698.099204       0.00   0
  133.437818   2698.550323       0.00   0
  133.445689   2699.001442       0.00   0
  133.453560   2699.452561       0.00   0
  133.461431   2699.903681       0.00   0
  133.469302   2700.354800       0.00   0
  133.477173   2700.805919       0.00   0
  133.485044   2701.257039       0.00   0
  133.492915   2701.708158       0.00   0
  133.500786   2702.159277       0.00   0
  133.508657   2702.610396       0.00   0
  133.516528   2703.061516       0.00   0
  133.524399   2703.512635       0.00   0
  133.532270   2703.963754       0.00   0
  133.540141   2704.414873       0.00   0
  133.548013   2704.865993       0.00   0
  133.555884   2705.317112       0.00   0
  133.563755   2705.768231       0.00   0
  133.571626   2706.219351       0.00   0
  133.579497   2706.670358       0.00   0
  133.587368   2707.119220       0.00   0
  133.595239   2707.568082       0.00   0
  133.603110   2708.016944       0.00   0
  133.610981   2708.465806       0.00   0
  133.618852   2708.914668       0.00   0
  133.626723   2709.363530       0.00   0
  133.634594   2709.812392       0.00   0
  133.642465   2710.261254       0.00   0
  133.650336   2710.710116       0.00   0
  133.658207   2711.158978       0.00   0
  133.666078   2711.607840       0.00   0
  133.673949   2712.056703       0.00   0
  133.681820   2712.505565       0.00   0
  133.689691   2712.954427       0.00   0
  133.697562   2713.403289       0.00   0
  133.705433   2713.852151       0.00   0
  133.713304   2714.301013       0.00   0
  133.721176   2714.749875       0.00   0
  133.729047   2715.198737       0.00   0
  133.736918   2715.647599       0.00   0
  133.744789   2716.096461       0.00   0
  133.752660   2716.545323       0.00   0
  133.760531   2716.994185       0.00   0
  133.768402   2717.443047       0.00   0
  133.776273   2717.891909       0.00   0
  133.784144   2718.340771       0.00   0
  133.792015   2718.789633       0.00   0
  133.799886   2719.238495       0.00   0
  133.807757   2719.687357       0.00   0
  133.815628   2720.136219       0.00   0
  133.823499   2720.585081       0.00   0
  133.831370   2721.033943       0.00   0
  133.839241   2721.482805       0.00   0
  133.847112   2721.931667       0.00   0
  133.854983   2722.380529       0.00   0
  133.862854   2722.829392       0.00   0
  133.870725   2723.278254       0.00   0
  133.878596   2723.727116       0.00   0
  133.886467   2724.175978       0.00   0
  133.894338   2724.624840       0.00   0
  133.902210   2725.072335       0.00   0
  133.910081   2725.519059       0.00   0
  133.917952   2725.965783       0.00   0
  133.925823   2726.412507       0.00   0
  133.933694   2726.859230       0.00   0
  133.941565   2727.305954       0.00   0
  133.949436   2727.752678       0.00   0
  133.957307   2728.199402       0.00   0
  133.965178   2728.646126       0.00   0
  133.973049   2729.092850       0.00   0
  133.980920   2729.539574       0.00   0
  133.988791   2729.986297       0.00   0
  133.996662   2730.433021       0.00   0
  134.004533   2730.879745       0.00   0
  134.012404   2731.326469       0.00   0
  134.020275   2731.773193       0.00   0
  134.028146   2732.219917       0.00   0
  134.036017   2732.666641       0.00   0
  134.043888   2733.113364       0.00   0
  134.051759   2733.560088       0.00   0
  134.059630   2734.006812       0.00   0
  134.067501   2734.453536       0.00   0
  134.075373   2734.900260       0.00   0
  134.083244   2735.346984       0.00   0
  134.091115   2735.793708       0.00   0
  134.098986   2736.240431       0.00   0
  134.106857   2736.687155       0.00   0
  134.114728   2737.133879       0.00   0
  134.122599   2737.580603       0.00   0
  134.130470   2738.027327       0.00   0
  134.138341   2738.474051       0.00   0
  134.146212   2738.920774       0.00   0
  134.154083   2739.367498       0.00   0
  134.161954   2739.814222       0.00   0
  134.169825   2740.259555       0.00   0
  134.177696   2740.704427       0.00   0
  134.185567   2741.149300       0.00   0
  134.193438   2741.594173       0.00   0
  134.201309   2742.039046       0.00   0
  134.209180   2742.483919       0.00   0
  134.217051   2742.928791       0.00   0
  134.224922   2743.373664       0.00   0
  134.232793   2743.818537       0.00   0
  134.240664   2744.263410       0.00   0
  134.248535   2744.708282       0.00   0
  134.256407   2745.153155       0.00   0
  134.264278   2745.598028       0.00   0
  134.272149   2746.042901       0.00   0
  134.280020   2746.487774       0.00   0
  134.287891   2746.932646       0.00   0
  134.295762   2747.377519       0.00   0
  134.303633   2747.822392       0.00   0
  134.311504   2748.267265       0.00   0
  134.319375   2748.712138       0.00   0
  134.327246   2749.157010       0.00   0
  134.335117   2749.601883       0.00   0
  134.342988   2750.046756       0.00   0
  134.350859   2750.491629       0.00   0
  134.358730   2750.936501       0.00   0
  134.366601   2751.381374       0.00   0
  134.374472   2751.826247       0.00   0
  134.382343   2752.271120       0.00   0
  134.390214   2752.715993       0.00   0
  134.398085   2753.160865       0.00   0
  134.405956   2753.605738       0.00   0
  134.413827   2754.050611       0.00   0
  134.421698   2754.495484       0.00   0
  134.429570   2754.940357       0.00   0
  134.437441   2755.383470       0.00   0
  134.445312   2755.826499       0.00   0
  134.453183   2756.269529       0.00   0
  134.461054   2756.712558       0.00   0
  134.468925   2757.155587       0.00   0
  134.476796   2757.598616       0.00   0
  134.484667   2758.041645       0.00   0
  134.492538   2758.484674       0.00   0
  134.500409   2758.927703       0.00   0
  134.508280   2759.370732       0.00   0
  134.516151   2759.813761       0.00   0
  134.524022   2760.256791       0.00   0
  134.531893   2760.699820       0.00   0
  134.539764   2761.142849       0.00   0
  134.547635   2761.585878       0.00   0
  134.555506   2762.028907       0.00   0
  134.563377   2762.471936       0.00   0
  134.571248   2762.914965       0.00   0
  134.579119   2763.357994       0.00   0
  134.586990   2763.801024       0.00   0
  134.594861   2764.244053       0.00   0
  134.602733   2764.687082       0.00   0
  134.610604   2765.130111       0.00   0
  134.618475   2765.573140       0.00   0
  134.626346   2766.016169       0.00   0
  134.634217   2766.459198       0.00   0
  134.642088   2766.902227       0.00   0
  134.649959   2767.345256       0.00   0
  134.657830   2767.788286       0.00   0
  134.665701   2768.231315       0.00   0
  134.673572   2768.674344       0.00   0
  134.681443   2769.117373       0.00   0
  134.689314   2769.560402       0.00   0
  134.697185   2770.003407       0.00   0
  134.705056   2770.444600       0.00   0
  134.712927   2770.885793       0.00   0
  134.720798   2771.326985       0.00   0
  134.728669   2771.768178       0.00   0
  134.736540   2772.209371       0.00   0
  134.744411   2772.650564       0.00   0
  134.752282   2773.091757       0.00   0
  134.760153   2773.532950       0.00   0
  134.768024   2773.974142       0.00   0
  134.775895   2774.415335       0.00   0
  134.783767   2774.856528       0.00   0
  134.791638   2775.297721       0.00   0
  134.799509   2775.738914       0.00   0
  134.807380   2776.180107       0.00   0
  134.815251   2776.621299       0.00   0
  134.823122   2777.062492       0.00   0
  134.830993   2777.503685       0.00   0
  134.838864   2777.944878       0.00   0
  134.846735   2778.386071       0.00   0
  134.854606   2778.827264       0.00   0
  134.862477   2779.268456       0.00   0
  134.870348   2779.709649       0.00   0
  134.878219   2780.150842       0.00   0
  134.886090   2780.592035       0.00   0
  134.893961   2781.033228       0.00   0
  134.901832   2781.474421       0.00   0
  134.909703   2781.915613       0.00   0
  134.917574   2782.356806       0.00   0
  134.925445   2782.797999       0.00   0
  134.933316   2783.239192       0.00   0
  134.941187   2783.680385       0.00   0
  134.949058   2784.121578       0.00   0
  134.956930   2784.562770       0.00   0
  134.964801   2785.003963       0.00   0
  134.972672   2785.443797       0.00   0
  134.980543   2785.883302       0.00   0
  134.988414   2786.322806       0.00   0
  134.996285   2786.762311       0.00   0
  135.004156   2787.201815       0.00   0
  135.012027   2787.641320       0.00   0
  135.019898   2788.080824       0.00   0
  135.027769   2788.520329       0.00   0
  135.035640   2788.959833       0.00   0
  135.043511   2789.399338       0.00   0
  135.051382   2789.838842       0.00   0
  135.059253   2790.278347       0.00   0
  135.067124   2790.717851       0.00   0
  135.074995   2791.157356       0.00   0
  135.082866   2791.596861       0.00   0
  135.090737   2792.036365       0.00   0
  135.098608   2792.475870       0.00   0
  135.106479   2792.915374       0.00   0
  135.114350   2793.354879       0.00   0
  135.122221   2793.794383       0.00   0
  135.130092   2794.233888       0.00   0
  135.137964   2794.673392       0.00   0
  135.145835   2795.112897       0.00   0
  135.153706   2795.552401       0.00   0
  135.161577   2795.991906       0.00   0
  135.169448   2796.431410       0.00   0
  135.177319   2796.870915       0.00   0
  135.185190   2797.310419       0.00   0
  135.193061   2797.749924       0.00   0
  135.200932   2798.189429       0.00   0
  135.208803   2798.628933       0.00   0
  135.216674   2799.068438       0.00   0
  135.224545   2799.507942       0.00   0
  135.232416   2799.947447       0.00   0
  135.240287   2800.386951      33.69   0
  135.248158   2800.826456       0.00   0
  135.256029   2801.265960     267.21   0
  135.263900   2801.705465     355.58   1
  135.271771   2802.144969       0.00   0
  135.279642   2802.584474       0.00   0
  135.287513   2803.023978     163.82   0
  135.295384   2803.463483       0.00   0
  135.303255   2803.902862       0.00   0
  135.311127   2804.340834     338.77   0
  135.318998   2804.778805      73.34   0
  135.326869   2805.216777     116.15   0
  135.334740   2805.654749     186.98   0
  135.342611   2806.092721       0.00   0
  135.350482   2806.530693      62.42   0
  135.358353   2806.968665     158.28   0
  135.366224   2807.406637     124.67   0
  135.374095   2807.844609     263.58   0
  135.381966   2808.282581       0.00   0
  135.389837   2808.720553       4.76   0
  135.397708   2809.158524     155.19   0
  135.405579   2809.596496       0.00   0
  135.413450   2810.034468     239.25   0
  135.421321   2810.472440      64.34   0
  135.429192   2810.910412      20.55   0
  135.437063   2811.348384     499.21   1
  135.444934   2811.786356     112.79   0
  135.452805   2812.224328      32.87   0
  135.460676   2812.662300       0.00   0
  135.468547   2813.100272       0.00   0
  135.476418   2813.538243       0.00   0
  135.484289   2813.976215       0.00   0
  135.492161   2814.414187       1.20   0
  135.500032   2814.852159      55.61   0
  135.507903   2815.290131     152.79   0
  135.515774   2815.728103       0.00   0
  135.523645   2816.166075       8.24   0
  135.531516   2816.604047       9.74   0
  135.539387   2817.042019      18.54   0
  135.547258   2817.479991      82.16   0
  135.555129   2817.917962     101.45   0
  135.563000   2818.355934     168.09   0
  135.570871   2818.793881       0.00   0
  135.578742   2819.230383      63.00   0
  135.586613   2819.666885     279.38   0
  135.594484   2820.103387       0.00   0
  135.602355   2820.539889       0.00   0
  135.610226   2820.976391      65.18   0
  135.618097   2821.412893      94.32   0
  135.625968   2821.849395      29.25   0
  135.633839   2822.285897      75.72   0
  135.641710   2822.722399       2.26   0
  135.649581   2823.158901      62.29   0
  135.657452   2823.595403       0.00   0
  135.665324   2824.031905       0.00   0
  135.673195   2824.468407       0.00   0
  135.681066   2824.904909     372.60   1
  135.688937   2825.341411      73.19   0
  135.696808   2825.777913       0.00   0
  135.704679   2826.214415      28.56   0
  135.712550   2826.650917       0.00   0
  135.720421   2827.087419     218.29   0
  135.728292   2827.523922      81.39   0
  135.736163   2827.960424       0.00   0
  135.744034   2828.396926     215.55   0
  135.751905   2828.833428      16.20   0
  135.759776   2829.269930       0.00   0
  135.767647   2829.706432     223.64   0
  135.775518   2830.142934       0.00   0
  135.783389   2830.579436       0.00   0
  135.791260   2831.015938       0.00   0
  135.799131   2831.452440       0.00   0
  135.807002   2831.888942     166.41   0
  135.814873   2832.325444       0.00   0
  135.822744   2832.761946       0.00   0
  135.830615   2833.198448      16.25   0
  135.838486   2833.634950       0.00   0
  135.846358   2834.070430       5.78   0
  135.854229   2834.505687      77.52   0
  135.862100   2834.940944      23.71   0
  135.869971   2835.376200      13.20   0
  135.877842   2835.811457      44.41   0
  135.885713   2836.246714       0.00   0
  135.893584   2836.681970      27.09   0
  135.901455   2837.117227       0.00   0
  135.909326   2837.552484     194.78   0
  135.917197   2837.987741     128.67   0
  135.925068   2838.422997       0.00   0
  135.932939   2838.858254       0.00   0
  135.940810   2839.293511       0.00   0
  135.948681   2839.728767       8.54   0
  135.956552   2840.164024       0.00   0
  135.964423   2840.599281       0.00   0
  135.972294   2841.034537       0.00   0
  135.980165   2841.469794      38.91   0
  135.988036   2841.905051      58.84   0
  135.995907   2842.340307      24.06   0
  136.003778   2842.775564      84.86   0
  136.011649   2843.210821       0.00   0
  136.019521   2843.646077     122.55   0
  136.027392   2844.081334       0.00   0
  136.035263   2844.516591       0.00   0
  136.043134   2844.951847       0.00   0
  136.051005   2845.387104     301.54   0
  136.058876   2845.822361       0.00   0
  136.066747   2846.257617       0.00   0
  136.074618   2846.692874       0.00   0
  136.082489   2847.128131       0.00   0
  136.090360   2847.563387       0.00   0
  136.098231   2847.998644       0.00   0
  136.106102   2848.433901       9.02   0
  136.113973   2848.868638     293.53   0
  136.121844   2849.302905      10.87   0
  136.129715   2849.737171      41.38   0
  136.137586   2850.171437      25.03   0
  136.145457   2850.605704     149.77   0
  136.153328   2851.039970       0.00   0
  136.161199   2851.474236    1267.28   1
  136.169070   2851.908503     308.39   0
  136.176941   2852.342769       0.00   0
  136.184812   2852.777035       0.00   0
  136.192683   2853.211301       0.00   0
  136.200555   2853.645568     267.16   0
  136.208426   2854.079834      42.37   0
  136.216297   2854.514100       0.00   0
  136.224168   2854.948367       0.00   0
  136.232039   2855.382633      40.72   0
  136.239910   2855.816899       0.00   0
  136.247781   2856.251165       0.00   0
  136.255652   2856.685432       0.00   0
  136.263523   2857.119698       0.00   0
  136.271394   2857.553964      45.32   0
  136.279265   2857.988231      88.88   0
  136.287136   2858.422497       0.00   0
  136.295007   2858.856763       0.00   0
  136.302878   2859.291030     105.19   0
  136.310749   2859.725296       0.00   0
  136.318620   2860.159562       0.00   0
  136.326491   2860.593828      85.78   0
  136.334362   2861.028095      58.26   0
  136.342233   2861.462361      11.34   0
  136.350104   2861.896627      13.07   0
  136.357975   2862.330894      56.32   0
  136.365846   2862.765160       0.00   0
  136.373718   2863.199426     195.82   0
  136.381589   2863.633577       0.00   0
  136.389460   2864.067083      46.37   0
  136.397331   2864.500589       3.96   0
  136.405202   2864.934095      38.65   0
  136.413073   2865.367601       1.62   0
  136.420944   2865.801107       0.00   0
  136.428815   2866.234613     172.77   0
  136.436686   2866.668119     289.66   0
  136.444557   2867.101625     246.65   0
  136.452428   2867.535131     287.21   0
  136.460299   2867.968637     246.72   0
  136.468170   2868.402143      74.45   0
  136.476041   2868.835649       0.00   0
  136.483912   2869.269155      69.84   0
  136.491783   2869.702661     137.54   0
  136.499654   2870.136167     118.40   0
  136.507525   2870.569673       0.00   0
  136.515396   2871.003179      21.05   0
  136.523267   2871.436685       5.09   0
  136.531138   2871.870191     120.52   0
  136.539009   2872.303697     360.16   0
  136.546881   2872.737203      17.97   0
  136.554752   2873.170709       0.00   0
  136.562623   2873.604214       0.00   0
  136.570494   2874.037720       0.00   0
  136.578365   2874.471226       0.00   0
  136.586236   2874.904732     135.48   0
  136.594107   2875.338238       0.00   0
  136.601978   2875.771744     592.85   0
  136.609849   2876.205250     171.91   0
  136.617720   2876.638756       0.00   0
  136.625591   2877.072262      78.61   0
  136.633462   2877.505768      72.50   0
  136.641333   2877.939274     617.95   0
  136.649204   2878.372780       1.85   0
  136.657075   2878.806286      33.59   0
  136.664946   2879.239792       0.00   0
  136.672817   2879.673298     198.56   0
  136.680688   2880.106804       5.78   0
  136.688559   2880.540310       0.00   0
  136.696430   2880.973816     575.40   0
  136.704301   2881.407322       0.00   0
  136.712172   2881.840828     216.44   0
  136.720043   2882.274334     662.12   0
  136.727915   2882.707840     725.18   0
  136.735786   2883.141225     216.49   0
  136.743657   2883.574412    1921.57   1
  136.751528   2884.007600      72.78   0
  136.759399   2884.440787     139.65   0
  136.767270   2884.873974    1099.68   0
  136.775141   2885.307162       0.00   0
  136.783012   2885.740349     968.22   0
  136.790883   2886.173537       0.00   0
  136.798754   2886.606724     630.16   0
  136.806625   2887.039912     993.27   0
  136.814496   2887.473099     913.85   0
  136.822367   2887.906287    1189.42   0
  136.830238   2888.339474     530.52   0
  136.838109   2888.772661    1163.92   0
  136.845980   2889.205849     550.80   0
  136.853851   2889.639036     174.22   0
  136.861722   2890.072224     277.03   0
  136.869593   2890.505411       0.00   0
  136.877464   2890.938599       0.00   0
  136.885335   2891.371786       0.00   0
  136.893206   2891.804974     168.80   0
  136.901078   2892.238161     401.61   0
  136.908949   2892.671348      28.57   0
  136.916820   2893.104536      97.58   0
  136.924691   2893.537723      36.04   0
  136.932562   2893.970911       9.95   0
  136.940433   2894.404098       0.00   0
  136.948304   2894.837286       0.00   0
  136.956175   2895.270473     145.44   0
  136.964046   2895.703660     271.65   0
  136.971917   2896.136848       0.00   0
  136.979788   2896.570035      84.94   0
  136.987659   2897.003223      78.63   0
  136.995530   2897.436410      94.11   0
  137.003401   2897.869643       5.05   0
  137.011272   2898.303008      24.50   0
  137.019143   2898.736374     384.20   1
  137.027014   2899.169739     259.46   0
  137.034885   2899.603104     314.66   0
  137.042756   2900.036469       0.00   0
  137.050627   2900.469834       0.00   0
  137.058498   2900.903199      29.30   0
  137.066369   2901.336565     121.14   0
  137.074240   2901.769930     323.86   0
  137.082112   2902.203295       0.00   0
  137.089983   2902.636660      12.56   0
  137.097854   2903.070025       0.00   0
  137.105725   2903.503390      51.88   0
  137.113596   2903.936756       0.00   0
  137.121467   2904.370121      49.91   0
  137.129338   2904.803486       0.00   0
  137.137209   2905.236851     153.63   0
  137.145080   2905.670216     167.20   0
  137.152951   2906.103581     244.55   0
  137.160822   2906.536947       0.00   0
  137.168693   2906.970312       0.00   0
  137.176564   2907.403677       0.00   0
  137.184435   2907.837042       0.00   0
  137.192306   2908.270407       0.00   0
  137.200177   2908.703772       0.00   0
  137.208048   2909.137138      27.59   0
  137.215919   2909.570503     127.22   0
  137.223790   2910.003868      15.51   0
  137.231661   2910.437233     272.04   0
  137.239532   2910.870598       0.00   0
  137.247403   2911.303963     132.85   0
  137.255275   2911.737329       9.60   0
  137.263146   2912.170694       0.00   0
  137.271017   2912.604155     146.92   0
  137.278888   2913.038375       0.00   0
  137.286759   2913.472596       0.00   0
  137.294630   2913.906816      33.94   0
  137.302501   2914.341037       0.00   0
  137.310372   2914.775257       0.00   0
  137.318243   2915.209478     456.32   1
  137.326114   2915.643698       0.00   0
  137.333985   2916.077919       0.00   0
  137.341856   2916.512139     110.79   0
  137.349727   2916.946360      42.08   0
  137.357598   2917.380581     159.23   0
  137.365469   2917.814801       0.00   0
  137.373340   2918.249022     149.91   0
  137.381211   2918.683242       0.00   0
  137.389082   2919.117463       0.00   0
  137.396953   2919.551683       3.98   0
  137.404824   2919.985904       0.00   0
  137.412695   2920.420124       0.00   0
  137.420566   2920.854345      12.71   0
  137.428437   2921.288565      28.80   0
  137.436309   2921.722786       0.00   0
  137.444180   2922.157006       0.00   0
  137.452051   2922.591227     116.69   0
  137.459922   2923.025448      31.97   0
  137.467793   2923.459668      72.47   0
  137.475664   2923.893889       0.00   0
  137.483535   2924.328109     226.20   0
  137.491406   2924.762330       0.00   0
  137.499277   2925.196550       0.00   0
  137.507148   2925.630771     170.92   0
  137.515019   2926.064991      16.64   0
  137.522890   2926.499212      83.05   0
  137.530761   2926.933432     288.80   0
  137.538632   2927.367653       0.00   0
  137.546503   2927.803685       0.00   0
  137.554374   2928.239753      20.50   0
  137.562245   2928.675820       0.00   0
  137.570116   2929.111888      25.81   0
  137.577987   2929.547955       0.00   0
  137.585858   2929.984022      44.41   0
  137.593729   2930.420090     103.32   0
  137.601600   2930.856157     167.06   0
  137.609472   2931.292225    1153.46   1
  137.617343   2931.728292       0.00   0
  137.625214   2932.164360     319.09   0
  137.633085   2932.600427      28.23   0
  137.640956   2933.036494       0.00   0
  137.648827   2933.472562     103.37   0
  137.656698   2933.908629      46.26   0
  137.664569   2934.344697      34.70   0
  137.672440   2934.780764       0.00   0
  137.680311   2935.216832       4.32   0
  137.688182   2935.652899      34.16   0
  137.696053   2936.088967       0.00   0
  137.703924   2936.525034       0.00   0
  137.711795   2936.961101       0.00   0
  137.719666   2937.397169       0.00   0
  137.727537   2937.833236       0.00   0
  137.735408   2938.269304      48.42   0
  137.743279   2938.705371       0.00   0
  137.751150   2939.141439       0.00   0
  137.759021   2939.577506      84.00   0
  137.766892   2940.013573       0.00   0
  137.774763   2940.449641      38.27   0
  137.782634   2940.885708     174.74   0
  137.790506   2941.321776      75.10   0
  137.798377   2941.757843       0.00   0
  137.806248   2942.193911      27.56   0
  137.814119   2942.633033     789.13   0
  137.821990   2943.072426     339.06   0
  137.829861   2943.511818      91.43   0
  137.837732   2943.951211     835.85   0
  137.845603   2944.390604    1179.83   1
  137.853474   2944.829996       0.00   0
  137.861345   2945.269389       0.00   0
  137.869216   2945.708781      77.55   0
  137.877087   2946.148174       7.05   0
  137.884958   2946.587566       0.00   0
  137.892829   2947.026959      32.98   0
  137.900700   2947.466352       0.00   0
  137.908571   2947.905744      63.53   0
  137.916442   2948.345137       0.00   0
  137.924313   2948.784529       0.00   0
  137.932184   2949.223922       0.00   0
  137.940055   2949.663314       0.22   0
  137.947926   2950.102707       0.00   0
  137.955797   2950.542100     137.82   0
  137.963669   2950.981492       0.00   0
  137.971540   2951.420885       0.00   0
  137.979411   2951.860277       0.00   0
  137.987282   2952.299670       9.54   0
  137.995153   2952.739062      83.24   0
  138.003024   2953.178455      18.43   0
  138.010895   2953.617848      79.12   0
  138.018766   2954.057240     105.38   0
  138.026637   2954.496633       0.00   0
  138.034508   2954.936025     100.27   0
  138.042379   2955.375418      41.89   0
  138.050250   2955.814810     195.09   0
  138.058121   2956.254203      51.06   0
  138.065992   2956.693596    1000.40   0
  138.073863   2957.132988    2461.14   1
  138.081734   2957.572381    1557.75   0
  138.089605   2958.011773     407.64   0
  138.097476   2958.451166      38.74   0
  138.105347   2958.890558       0.00   0
  138.113218   2959.329951       0.00   0
  138.121089   2959.769344     140.10   0
  138.128960   2960.208736     408.36   0
  138.136831   2960.648129     124.27   0
  138.144703   2961.087521      62.40   0
  138.152574   2961.526914      20.51   0
  138.160445   2961.966306     174.46   0
  138.168316   2962.405761      43.37   0
  138.176187   2962.852031      56.39   0
  138.184058   2963.298301      13.28   0
  138.191929   2963.744572       0.00   0
  138.199800   2964.190842       0.00   0
  138.207671   2964.637112      32.98   0
  138.215542   2965.083383       0.00   0
  138.223413   2965.529653     104.74   0
  138.231284   2965.975923       0.00   0
  138.239155   2966.422194      71.43   0
  138.247026   2966.868464      14.10   0
  138.254897   2967.314734       0.00   0
  138.262768   2967.761005       0.00   0
  138.270639   2968.207275      49.58   0
  138.278510   2968.653546     133.90   0
  138.286381   2969.099816      89.22   0
  138.294252   2969.546086      50.04   0
  138.302123   2969.992357       0.00   0
  138.309994   2970.438627       0.00   0
  138.317866   2970.884897     106.40   0
  138.325737   2971.331168     226.60   0
  138.333608   2971.777438       0.00   0
  138.341479   2972.223708       0.00   0
  138.349350   2972.669979      57.98   0
  138.357221   2973.116249       4.67   0
  138.365092   2973.562519       0.00   0
  138.372963   2974.008790       0.00   0
  138.380834   2974.455060       0.00   0
  138.388705   2974.901330       0.00   0
  138.396576   2975.347601      59.80   0
  138.404447   2975.793871      38.70   0
  138.412318   2976.240141      20.11   0
  138.420189   2976.686412     129.74   0
  138.428060   2977.132682       0.00   0
  138.435931   2977.588363       0.00   0
  138.443802   2978.045495       0.17   0
  138.451673   2978.502626     175.00   0
  138.459544   2978.959757     182.02   0
  138.467415   2979.416889      15.11   0
  138.475286   2979.874020       0.00   0
  138.483157   2980.331152      19.37   0
  138.491028   2980.788283     320.22   0
  138.498900   2981.245414       0.49   0
  138.506771   2981.702546      30.75   0
  138.514642   2982.159677     313.20   0
  138.522513   2982.616808       0.00   0
  138.530384   2983.073940     119.00   0
  138.538255   2983.531071      55.82   0
  138.546126   2983.988202     472.09   1
  138.553997   2984.445334       0.00   0
  138.561868   2984.902465       9.45   0
  138.569739   2985.359596       0.00   0
  138.577610   2985.816728     301.48   0
  138.585481   2986.273859       0.00   0
  138.593352   2986.730991     157.18   0
  138.601223   2987.188122      77.23   0
  138.609094   2987.645253      19.89   0
  138.616965   2988.102385      77.46   0
  138.624836   2988.559516       0.00   0
  138.632707   2989.016647       0.00   0
  138.640578   2989.473779       0.00   0
  138.648449   2989.930910       0.00   0
  138.656320   2990.388041       0.00   0
  138.664191   2990.845173     226.52   0
  138.672063   2991.302304     122.77   0
  138.679934   2991.759436      20.13   0
  138.687805   2992.219556     197.75   0
  138.695676   2992.693299       0.00   0
  138.703547   2993.167041       0.00   0
  138.711418   2993.640784       0.00   0
  138.719289   2994.114527       0.00   0
  138.727160   2994.588270     155.22   0
  138.735031   2995.062013     204.92   0
  138.742902   2995.535756       0.00   0
  138.750773   2996.009499       0.00   0
  138.758644   2996.483242       3.43   0
  138.766515   2996.956985     212.57   0
  138.774386   2997.430727      55.85   0
  138.782257   2997.904470       0.00   0
  138.790128   2998.378213     209.61   0
  138.797999   2998.851956      79.82   0
  138.805870   2999.325699      46.30   0
  138.813741   2999.799442      46.75   0
  138.821612   3000.273185     304.47   0
  138.829483   3000.746928       0.00   0
  138.837354   3001.220671       0.00   0
  138.845226   3001.694414      18.86   0
  138.853097   3002.168156      49.57   0
  138.860968   3002.641899     241.38   0
  138.868839   3003.115642     186.73   0
  138.876710   3003.589385       0.00   0
  138.884581   3004.063128      37.57   0
  138.892452   3004.536871       0.00   0
  138.900323   3005.010614      54.52   0
  138.908194   3005.484357     273.94   0
  138.916065   3005.958100      11.31   0
  138.923936   3006.431843     110.30   0
  138.931807   3006.905585      43.64   0
  138.939678   3007.384933     164.49   0
  138.947549   3007.882931     585.01   0
  138.955420   3008.380930      85.65   0
  138.963291   3008.878928     174.70   0
  138.971162   3009.376927     326.04   0
  138.979033   3009.874925     119.44   0
  138.986904   3010.372924     168.41   0
  138.994775   3010.870922     476.99   0
  139.002646   3011.368921     174.12   0
  139.010517   3011.866919    2260.18   1
  139.018388   3012.364918    1375.32   0
  139.026260   3012.862917    1065.83   0
  139.034131   3013.360915     184.86   0
  139.042002   3013.858914     321.11   0
  139.049873   3014.356912      11.69   0
  139.057744   3014.854911     154.71   0
  139.065615   3015.352909       0.00   0
  139.073486   3015.850908     240.82   0
  139.081357   3016.348906     282.58   0
  139.089228   3016.846905     245.61   0
  139.097099   3017.344903     120.46   0
  139.104970   3017.842902       0.00   0
  139.112841   3018.340900      86.03   0
  139.120712   3018.838899      72.67   0
  139.128583   3019.336897      90.50   0
  139.136454   3019.834896       0.00   0
  139.144325   3020.332894       0.00   0
  139.152196   3020.830893      40.27   0
  139.160067   3021.328892       0.00   0
  139.167938   3021.826890       0.00   0
  139.175809   3022.324889     400.24   0
  139.183680   3022.835987      10.48   0
  139.191551   3023.367260       0.00   0
  139.199423   3023.898534     276.20   0
  139.207294   3024.429807    1045.33   0
  139.215165   3024.961080       0.00   0
  139.223036   3025.492354    3127.77   1
  139.230907   3026.023627    2473.46   0
  139.238778   3026.554901    3105.52   0
  139.246649   3027.086174     175.16   0
  139.254520   3027.617448     959.69   0
  139.262391   3028.148721       0.00   0
  139.270262   3028.679994     268.55   0
  139.278133   3029.211268     260.60   0
  139.286004   3029.742541     209.13   0
  139.293875   3030.273815      80.79   0
  139.301746   3030.805088       0.00   0
  139.309617   3031.336361       6.23   0
  139.317488   3031.867635      52.83   0
  139.325359   3032.398908       6.81   0
  139.333230   3032.930182       0.00   0
  139.341101   3033.461455     178.22   0
  139.348972   3033.992728       0.00   0
  139.356843   3034.524002       0.00   0
  139.364714   3035.055275      98.65   0
  139.372585   3035.586549      56.44   0
  139.380457   3036.117822       0.00   0
  139.388328   3036.649095     116.95   0
  139.396199   3037.180369       0.00   0
  139.404070   3037.711642     587.14   0
  139.411941   3038.242916     225.33   0
  139.419812   3038.774189     518.35   0
  139.427683   3039.305463     544.08   0
  139.435554   3039.836736     788.20   0
  139.443425   3040.368009    1088.08   1
  139.451296   3040.899283     836.57   0
  139.459167   3041.430556       0.00   0
  139.467038   3041.961830     560.27   0
  139.474909   3042.493103     312.07   0
  139.482780   3043.024376       0.00   0
  139.490651   3043.555650      57.95   0
  139.498522   3044.088961       0.00   0
  139.506393   3044.665240     397.04   0
  139.514264   3045.241519      99.11   0
  139.522135   3045.817798       0.00   0
  139.530006   3046.394077     136.85   0
  139.537877   3046.970356       0.00   0
  139.545748   3047.546635       0.00   0
  139.553620   3048.122913       0.00   0
  139.561491   3048.699192      72.22   0
  139.569362   3049.275471       0.00   0
  139.577233   3049.851750     247.33   0
  139.585104   3050.428029      66.11   0
  139.592975   3051.004308       0.00   0
  139.600846   3051.580587      33.93   0
  139.608717   3052.156866       0.00   0
  139.616588   3052.733144       0.00   0
  139.624459   3053.309423       0.00   0
  139.632330   3053.885702       0.00   0
  139.640201   3054.461981       0.00   0
  139.648072   3055.038260      41.58   0
  139.655943   3055.614539       0.00   0
  139.663814   3056.190818      95.98   0
  139.671685   3056.767097       0.00   0
  139.679556   3057.343375     281.50   0
  139.687427   3057.919654       5.86   0
  139.695298   3058.495933       0.00   0
  139.703169   3059.100909     178.96   0
  139.711040   3059.723947     124.23   0
  139.718911   3060.346984       4.56   0
  139.726782   3060.970022       0.00   0
  139.734654   3061.593060       7.47   0
  139.742525   3062.216097     277.82   0
  139.750396   3062.839135     256.34   0
  139.758267   3063.462172     658.78   1
  139.766138   3064.085210     244.47   0
  139.774009   3064.708247      66.25   0
  139.781880   3065.331285     163.72   0
  139.789751   3065.954322     131.04   0
  139.797622   3066.577360      42.15   0
  139.805493   3067.200398     509.87   0
  139.813364   3067.823435       0.00   0
  139.821235   3068.446473     148.53   0
  139.829106   3069.069510     114.67   0
  139.836977   3069.692548      57.02   0
  139.844848   3070.315585     172.64   0
  139.852719   3070.938623     173.72   0
  139.860590   3071.561660     130.03   0
  139.868461   3072.184698     131.36   0
  139.876332   3072.807735       0.00   0
  139.884203   3073.468591      98.61   0
  139.892074   3074.131148     170.35   0
  139.899945   3074.793705     170.42   0
  139.907817   3075.456262      16.10   0
  139.915688   3076.118820     241.01   0
  139.923559   3076.781377     205.32   0
  139.931430   3077.443934     387.15   0
  139.939301   3078.106491       0.00   0
  139.947172   3078.769048     155.95   0
  139.955043   3079.431606     247.77   0
  139.962914   3080.094163     396.48   0
  139.970785   3080.756720       0.00   0
  139.978656   3081.419277      22.63   0
  139.986527   3082.081835     762.46   0
  139.994398   3082.744392    1003.59   0
  140.002269   3083.406949       3.72   0
  140.010140   3084.069506     149.47   0
  140.018011   3084.732064       0.00   0
  140.025882   3085.394621      48.37   0
  140.033753   3086.057178    1340.19   0
  140.041624   3086.737322     588.99   0
  140.049495   3087.423208     370.85   0
  140.057366   3088.109095    1152.68   0
  140.065237   3088.794981    1202.87   0
  140.073108   3089.480868     185.69   0
  140.080979   3090.166754     892.00   0
  140.088851   3090.852641     142.57   0
  140.096722   3091.538527    6372.74   1
  140.104593   3092.224414    3146.60   0
  140.112464   3092.910300     356.00   0
  140.120335   3093.596187     411.31   0
  140.128206   3094.282073    3922.17   0
  140.136077   3094.967960    4589.76   0
  140.143948   3095.653846     553.35   0
  140.151819   3096.339733    3093.01   0
  140.159690   3097.025619     866.81   0
  140.167561   3097.711506      14.20   0
  140.175432   3098.397392     311.45   0
  140.183303   3099.083340    1743.77   0
  140.191174   3099.770924    1316.42   0
  140.199045   3100.458508    2150.88   0
  140.206916   3101.146091    3696.13   0
  140.214787   3101.833675     634.20   0
  140.222658   3102.521259    1186.02   0
  140.230529   3103.208843     866.12   0
  140.238400   3103.896427     200.58   0
  140.246271   3104.584010    2682.40   0
  140.254142   3105.271594      61.57   0
  140.262014   3105.959178     586.69   0
  140.269885   3106.646762      57.45   0
  140.277756   3107.334345     171.82   0
  140.285627   3108.021929     497.74   0
  140.293498   3108.709513    1330.05   0
  140.301369   3109.397097     359.79   0
  140.309240   3110.084680     134.31   0
  140.317111   3110.772264    2664.34   0
  140.324982   3111.459848    2154.11   0
  140.332853   3112.147432    2666.30   0
  140.340724   3112.835016    3019.26   1
  140.348595   3113.522599     227.20   0
  140.356466   3114.210183    1563.08   0
  140.364337   3114.897767    1245.75   0
  140.372208   3115.585351    2692.64   0
  140.380079   3116.272934       0.00   0
  140.387950   3116.960518    1148.14   0
  140.395821   3117.648102    2437.28   0
  140.403692   3118.307308     471.63   0
  140.411563   3118.965370     215.62   0
  140.419434   3119.623432     323.22   0
  140.427305   3120.281494     620.64   0
  140.435176   3120.939556    1244.74   0
  140.443048   3121.597618       8.39   0
  140.450919   3122.255680     423.74   0
  140.458790   3122.913742    1210.20   0
  140.466661   3123.571804       0.00   0
  140.474532   3124.229866     349.64   0
  140.482403   3124.887928       0.00   0
  140.490274   3125.545990      20.10   0
  140.498145   3126.204052      16.22   0
  140.506016   3126.862113      94.99   0
  140.513887   3127.520175     618.85   0
  140.521758   3128.178237      11.81   0
  140.529629   3128.836299       0.00   0
  140.537500   3129.494361     314.22   0
  140.545371   3130.152423       3.95   0
  140.553242   3130.810485       0.00   0
  140.561113   3131.446129      69.95   0
  140.568984   3132.060004      52.91   0
  140.576855   3132.673880     141.55   0
  140.584726   3133.287755     268.92   0
  140.592597   3133.901631     228.57   0
  140.600468   3134.515506     314.33   0
  140.608339   3135.129382      79.81   0
  140.616211   3135.743257      17.38   0
  140.624082   3136.357133      99.02   0
  140.631953   3136.971008     121.97   0
  140.639824   3137.584884       0.00   0
  140.647695   3138.198759       0.00   0
  140.655566   3138.812635       0.00   0
  140.663437   3139.426510      97.09   0
  140.671308   3140.040386       0.00   0
  140.679179   3140.654261     325.22   1
  140.687050   3141.268137       0.00   0
  140.694921   3141.882012       0.00   0
  140.702792   3142.495888     129.23   0
  140.710663   3143.109763      52.57   0
  140.718534   3143.723639      70.53   0
  140.726405   3144.337514     207.58   0
  140.734276   3144.951390       0.00   0
  140.742147   3145.548264      58.39   0
  140.750018   3146.112498       0.00   0
  140.757889   3146.676732       0.00   0
  140.765760   3147.240966      12.73   0
  140.773631   3147.805201      52.17   0
  140.781502   3148.369435       0.00   0
  140.789374   3148.933669     182.48   0
  140.797245   3149.497903      90.94   0
  140.805116   3150.062138       0.00   0
  140.812987   3150.626372      17.92   0
  140.820858   3151.190606       0.00   0
  140.828729   3151.754840      13.15   0
  140.836600   3152.319074      53.19   0
  140.844471   3152.883309       0.00   0
  140.852342   3153.447543       0.00   0
  140.860213   3154.011777       0.00   0
  140.868084   3154.576011     295.33   0
  140.875955   3155.140246       0.00   0
  140.883826   3155.704480       0.00   0
  140.891697   3156.268714     166.03   0
  140.899568   3156.832948       0.00   0
  140.907439   3157.397183      99.49   0
  140.915310   3157.961417     110.48   0
  140.923181   3158.525651     372.75   0
  140.931052   3159.089885     235.01   0
  140.938923   3159.654120       2.48   0
  140.946794   3160.208773      83.70   0
  140.954665   3160.726479     920.95   0
  140.962536   3161.244186     203.34   0
  140.970408   3161.761892     339.12   0
  140.978279   3162.279599     606.04   0
  140.986150   3162.797306     361.91   0
  140.994021   3163.315012      44.94   0
  141.001892   3163.832719     478.61   0
  141.009763   3164.350426    1559.57   0
  141.017634   3164.868132    3738.45   1
  141.025505   3165.385839    1799.52   0
  141.033376   3165.903546     847.17   0
  141.041247   3166.421252     579.75   0
  141.049118   3166.938959       0.00   0
  141.056989   3167.456665     191.39   0
  141.064860   3167.974372     534.00   0
  141.072731   3168.492079     196.24   0
  141.080602   3169.009785      89.82   0
  141.088473   3169.527492      54.65   0
  141.096344   3170.045199      37.66   0
  141.104215   3170.562905     279.68   0
  141.112086   3171.080612      99.59   0
  141.119957   3171.598318     106.00   0
  141.127828   3172.116025     143.64   0
  141.135699   3172.633732     515.79   0
  141.143571   3173.151438      62.28   0
  141.151442   3173.669145     144.77   0
  141.159313   3174.186852     211.21   0
  141.167184   3174.704558       0.00   0
  141.175055   3175.206444     355.16   0
  141.182926   3175.685629       0.00   0
  141.190797   3176.164814     702.80   0
  141.198668   3176.643999    3522.24   1
  141.206539   3177.123184    1230.49   0
  141.214410   3177.602369     197.20   0
  141.222281   3178.081555      62.20   0
  141.230152   3178.560740     297.31   0
  141.238023   3179.039925       0.00   0
  141.245894   3179.519110     719.11   0
  141.253765   3179.998295     410.52   0
  141.261636   3180.477480     179.57   0
  141.269507   3180.956665     178.56   0
  141.277378   3181.435850     209.70   0
  141.285249   3181.915035     463.21   0
  141.293120   3182.394220      72.06   0
  141.300991   3182.873406     198.60   0
  141.308862   3183.352591      35.29   0
  141.316733   3183.831776      59.78   0
  141.324605   3184.310961       0.00   0
  141.332476   3184.790146      44.67   0
  141.340347   3185.269331       0.00   0
  141.348218   3185.748516     105.53   0
  141.356089   3186.227701     349.61   0
  141.363960   3186.706886     151.52   0
  141.371831   3187.186071     216.57   0
  141.379702   3187.665257      44.15   0
  141.387573   3188.144442      86.12   0
  141.395444   3188.623627     605.32   0
  141.403315   3189.102812     606.24   0
  141.411186   3189.581997    2642.48   1
  141.419057   3190.061182      97.32   0
  141.426928   3190.540367    2264.25   0
  141.434799   3191.019552     864.90   0
  141.442670   3191.498737      55.25   0
  141.450541   3191.977923     459.27   0
  141.458412   3192.457108     172.82   0
  141.466283   3192.936293     230.36   0
  141.474154   3193.415478     273.59   0
  141.482025   3193.894663     822.93   0
  141.489896   3194.373848     226.39   0
  141.497768   3194.853033       0.00   0
  141.505639   3195.332218       0.00   0
  141.513510   3195.811403       0.00   0
  141.521381   3196.290588      60.56   0
  141.529252   3196.769774       0.00   0
  141.537123   3197.248959      13.59   0
  141.544994   3197.702641      19.87   0
  141.552865   3198.156068       0.00   0
  141.560736   3198.609494     186.29   0
  141.568607   3199.062920      14.22   0
  141.576478   3199.516347      66.54   0
  141.584349   3199.969773      68.42   0
  141.592220   3200.423199      46.46   0
  141.600091   3200.876625       0.00   0
  141.607962   3201.330052       0.00   0
  141.615833   3201.783478       0.00   0
  141.623704   3202.236904       0.00   0
  141.631575   3202.690331       0.00   0
  141.639446   3203.143757      23.62   0
  141.647317   3203.597183       0.00   0
  141.655188   3204.050610       0.00   0
  141.663059   3204.504036       0.00   0
  141.670930   3204.957462       0.00   0
  141.678802   3205.410888       0.00   0
  141.686673   3205.864315       0.00   0
  141.694544   3206.317741       0.00   0
  141.702415   3206.771167     100.63   0
  141.710286   3207.224594       4.83   0
  141.718157   3207.678020       0.00   0
  141.726028   3208.131446       0.00   0
  141.733899   3208.584872      79.42   0
  141.741770   3209.038299      80.50   0
  141.749641   3209.491725     101.37   0
  141.757512   3209.945151      37.07   0
  141.765383   3210.398578       0.00   0
  141.773254   3210.852004       0.00   0
  141.781125   3211.305430      29.13   0
  141.788996   3211.758857       0.00   0
  141.796867   3212.205149       0.00   0
  141.804738   3212.640078       0.00   0
  141.812609   3213.075007       0.00   0
  141.820480   3213.509936       0.00   0
  141.828351   3213.944866      21.36   0
  141.836222   3214.379795       0.00   0
  141.844093   3214.814724     136.29   0
  141.851965   3215.249653     178.03   0
  141.859836   3215.684582       0.00   0
  141.867707   3216.119511      53.49   0
  141.875578   3216.554440       0.00   0
  141.883449   3216.989369      90.67   0
  141.891320   3217.424298     111.59   0
  141.899191   3217.859227      45.29   0
  141.907062   3218.294156     359.94   1
  141.914933   3218.729085       0.00   0
  141.922804   3219.164014       0.00   0
  141.930675   3219.598943       0.00   0
  141.938546   3220.033872       0.00   0
  141.946417   3220.468801       0.00   0
  141.954288   3220.903730       0.00   0
  141.962159   3221.338659       0.00   0
  141.970030   3221.773588       0.00   0
  141.977901   3222.208517       0.00   0
  141.985772   3222.643446       0.00   0
  141.993643   3223.078375       1.97   0
  142.001514   3223.513304     165.77   0
  142.009385   3223.948233       3.90   0
  142.017256   3224.383162      15.14   0
  142.025127   3224.818091       0.00   0
  142.032999   3225.253020      56.11   0
  142.040870   3225.687949       0.00   0
  142.048741   3226.122878       0.00   0
  142.056612   3226.557807       0.00   0
  142.064483   3226.981750       0.00   0
  142.072354   3227.403516       0.00   0
  142.080225   3227.825283       0.00   0
  142.088096   3228.247049       0.00   0
  142.095967   3228.668815     399.00   1
  142.103838   3229.090581       0.00   0
  142.111709   3229.512348       0.00   0
  142.119580   3229.934114      46.37   0
  142.127451   3230.355880      65.56   0
  142.135322   3230.777646       0.00   0
  142.143193   3231.199412      58.59   0
  142.151064   3231.621179      22.44   0
  142.158935   3232.042945     387.45   0
  142.166806   3232.464711     114.66   0
  142.174677   3232.886477      30.78   0
  142.182548   3233.308244     160.49   0
  142.190419   3233.730010       0.00   0
  142.198290   3234.151776     142.65   0
  142.206162   3234.573542       0.00   0
  142.214033   3234.995309       9.67   0
  142.221904   3235.417075       0.00   0
  142.229775   3235.838841       0.00   0
  142.237646   3236.260607      63.29   0
  142.245517   3236.682373       7.38   0
  142.253388   3237.104140       0.00   0
  142.261259   3237.525906      87.80   0
  142.269130   3237.947672      12.42   0
  142.277001   3238.369438       0.00   0
  142.284872   3238.791205      89.22   0
  142.292743   3239.212971     129.47   0
  142.300614   3239.634737       2.47   0
  142.308485   3240.056503       0.00   0
  142.316356   3240.478269       0.00   0
  142.324227   3240.900036       9.75   0
  142.332098   3241.316520       0.00   0
  142.339969   3241.728803      40.05   0
  142.347840   3242.141085       0.00   0
  142.355711   3242.553367     157.27   0
  142.363582   3242.965650       0.00   0
  142.371453   3243.377932      17.07   0
  142.379324   3243.790214       0.00   0
  142.387196   3244.202497       0.00   0
  142.395067   3244.614779      81.75   0
  142.402938   3245.027062       0.00   0
  142.410809   3245.439344       0.00   0
  142.418680   3245.851626      30.78   0
  142.426551   3246.263909     852.17   0
  142.434422   3246.676191    1771.22   1
  142.442293   3247.088473      92.88   0
  142.450164   3247.500756       0.00   0
  142.458035   3247.913038      90.50   0
  142.465906   3248.325320       6.81   0
  142.473777   3248.737603      51.55   0
  142.481648   3249.149885      63.92   0
  142.489519   3249.562167       0.00   0
  142.497390   3249.974450       3.64   0
  142.505261   3250.386732       0.00   0
  142.513132   3250.799015       0.00   0
  142.521003   3251.211297       0.00   0
  142.528874   3251.623579       2.99   0
  142.536745   3252.035862       0.00   0
  142.544616   3252.448144     278.11   0
  142.552487   3252.860426     216.83   0
  142.560359   3253.272709     381.29   1
  142.568230   3253.684991       0.00   0
  142.576101   3254.097273      61.70   0
  142.583972   3254.509556      48.09   0
  142.591843   3254.921838     155.08   0
  142.599714   3255.334120       0.00   0
  142.607585   3255.741431      23.09   0
  142.615456   3256.146683     176.84   0
  142.623327   3256.551936       0.00   0
  142.631198   3256.957189       0.00   0
  142.639069   3257.362442      33.16   0
  142.646940   3257.767694       0.00   0
  142.654811   3258.172947     129.68   0
  142.662682   3258.578200    1943.56   1
  142.670553   3258.983452       0.00   0
  142.678424   3259.388705     283.62   0
  142.686295   3259.793958       7.31   0
  142.694166   3260.199211      60.35   0
  142.702037   3260.604463      64.97   0
  142.709908   3261.009716       0.00   0
  142.717779   3261.414969       2.61   0
  142.725650   3261.820222      11.41   0
  142.733522   3262.225474      78.04   0
  142.741393   3262.630727      93.02   0
  142.749264   3263.035980       0.00   0
  142.757135   3263.441232       0.00   0
  142.765006   3263.846485      12.00   0
  142.772877   3264.251738      10.46   0
  142.780748   3264.656991      92.07   0
  142.788619   3265.062243     350.64   1
  142.796490   3265.467496       0.00   0
  142.804361   3265.872749       0.00   0
  142.812232   3266.278001       0.00   0
  142.820103   3266.683254     127.05   0
  142.827974   3267.088507     154.78   0
  142.835845   3267.493760      66.89   0
  142.843716   3267.899012       0.00   0
  142.851587   3268.304265     129.08   0
  142.859458   3268.709518       0.00   0
  142.867329   3269.114771       3.89   0
  142.875200   3269.520023      32.46   0
  142.883071   3269.925276       0.00   0
  142.890942   3270.330529     330.40   0
  142.898813   3270.735781     374.48   1
  142.906684   3271.141034     142.01   0
  142.914556   3271.546287       0.00   0
  142.922427   3271.951540       1.71   0
  142.930298   3272.356792     138.32   0
  142.938169   3272.762045     161.95   0
  142.946040   3273.167298       0.00   0
  142.953911   3273.572550       0.00   0
  142.961782   3273.977803       0.00   0
  142.969653   3274.383056     181.53   0
  142.977524   3274.788309      30.60   0
  142.985395   3275.193561       5.34   0
  142.993266   3275.598814       0.00   0
  143.001137   3276.004067       0.00   0
  143.009008   3276.409320       0.00   0
  143.016879   3276.814572     116.96   0
  143.024750   3277.219825       0.00   0
  143.032621   3277.624192      60.56   0
  143.040492   3278.024528      97.06   0
  143.048363   3278.424864     237.23   0
  143.056234   3278.825200     210.36   0
  143.064105   3279.225536       3.33   0
  143.071976   3279.625871       0.00   0
  143.079847   3280.026207       0.00   0
  143.087719   3280.426543     129.00   0
  143.095590   3280.826879     110.70   0
  143.103461   3281.227215       8.26   0
  143.111332   3281.627551      60.16   0
  143.119203   3282.027886      12.24   0
  143.127074   3282.428222       0.00   0
  143.134945   3282.828558      65.92   0
  143.142816   3283.228894      10.16   0
  143.150687   3283.629230      73.39   0
  143.158558   3284.029565       0.00   0
  143.166429   3284.429901      42.35   0
  143.174300   3284.830237     504.88   0
  143.182171   3285.230573      41.30   0
  143.190042   3285.630909     134.15   0
  143.197913   3286.031245     585.87   1
  143.205784   3286.431580      63.87   0
  143.213655   3286.831916       0.00   0
  143.221526   3287.232252     154.88   0
  143.229397   3287.632588       9.58   0
  143.237268   3288.032924      32.88   0
  143.245139   3288.433259       0.00   0
  143.253010   3288.833595      43.40   0
  143.260881   3289.233931       0.00   0
  143.268753   3289.634267       0.00   0
  143.276624   3290.034603       0.00   0
  143.284495   3290.434938      47.03   0
  143.292366   3290.835274     146.31   0
  143.300237   3291.235610       0.00   0
  143.308108   3291.635946     139.82   0
  143.315979   3292.033116      68.17   0
  143.323850   3292.429401      99.53   0
  143.331721   3292.825685       0.00   0
  143.339592   3293.221970     250.65   0
  143.347463   3293.618255       0.00   0
  143.355334   3294.014539       0.00   0
  143.363205   3294.410824       0.00   0
  143.371076   3294.807108       2.10   0
  143.378947   3295.203393       0.00   0
  143.386818   3295.599678      82.92   0
  143.394689   3295.995962       0.00   0
  143.402560   3296.392247       0.00   0
  143.410431   3296.788532      59.50   0
  143.418302   3297.184816      95.53   0
  143.426173   3297.581101     242.05   0
  143.434044   3297.977386       0.00   0
  143.441916   3298.373670       0.00   0
  143.449787   3298.769955       0.00   0
  143.457658   3299.166240      94.09   0
  143.465529   3299.562524      54.23   0
  143.473400   3299.958809      51.98   0
  143.481271   3300.355093      70.22   0
  143.489142   3300.751378      90.46   0
  143.497013   3301.147663     122.98   0
  143.504884   3301.543947       0.00   0
  143.512755   3301.940232     224.61   0
  143.520626   3302.336517     114.36   0
  143.528497   3302.732801      15.03   0
  143.536368   3303.129086       0.00   0
  143.544239   3303.525371       0.00   0
  143.552110   3303.921655     130.35   0
  143.559981   3304.317940      84.17   0
  143.567852   3304.714225      21.04   0
  143.575723   3305.110509      24.69   0
  143.583594   3305.506794     127.59   0
  143.591465   3305.902915       0.00   0
  143.599336   3306.295788     426.01   1
  143.607207   3306.688660     122.10   0
  143.615078   3307.081533       0.00   0
  143.622950   3307.474406     361.37   0
  143.630821   3307.867278       0.00   0
  143.638692   3308.260151       0.00   0
  143.646563   3308.653024       0.00   0
  143.654434   3309.045896      91.07   0
  143.662305   3309.438769       6.54   0
  143.670176   3309.831642       0.00   0
  143.678047   3310.224515       0.00   0
  143.685918   3310.617387      99.30   0
  143.693789   3311.010260      96.33   0
  143.701660   3311.403133     357.61   0
  143.709531   3311.796005     276.83   0
  143.717402   3312.188878       0.00   0
  143.725273   3312.581751       0.00   0
  143.733144   3312.974623     614.29   1
  143.741015   3313.367496       0.00   0
  143.748886   3313.760369       0.00   0
  143.756757   3314.153242       0.00   0
  143.764628   3314.546114       0.00   0
  143.772499   3314.938987       0.00   0
  143.780370   3315.331860       0.00   0
  143.788241   3315.724732       0.00   0
  143.796113   3316.117605       0.00   0
  143.803984   3316.510478       0.00   0
  143.811855   3316.903350       0.00   0
  143.819726   3317.296223       0.00   0
  143.827597   3317.689096       0.00   0
  143.835468   3318.081969       0.00   0
  143.843339   3318.474841       0.00   0
  143.851210   3318.867714       0.00   0
  143.859081   3319.260587       0.00   0
  143.866952   3319.653459       0.00   0
  143.874823   3320.046101       0.00   0
  143.882694   3320.435960       0.00   0
  143.890565   3320.825818       0.00   0
  143.898436   3321.215677       0.00   0
  143.906307   3321.605536       0.00   0
  143.914178   3321.995394       0.00   0
  143.922049   3322.385253       0.00   0
  143.929920   3322.775112       0.00   0
  143.937791   3323.164970       0.00   0
  143.945662   3323.554829       0.00   0
  143.953533   3323.944688       0.00   0
  143.961404   3324.334546       0.00   0
  143.969275   3324.724405       0.00   0
  143.977147   3325.114264       0.00   0
  143.985018   3325.504122       0.00   0
  143.992889   3325.893981       0.00   0
  144.000760   3326.283840       0.00   0
  144.008631   3326.673698       0.00   0
  144.016502   3327.063557       0.00   0
  144.024373   3327.453416       0.00   0
  144.032244   3327.843274       0.00   0
  144.040115   3328.233133       0.00   0
  144.047986   3328.622992       0.00   0
  144.055857   3329.012850       0.00   0
  144.063728   3329.402709       0.00   0
  144.071599   3329.792568       0.00   0
  144.079470   3330.182426       0.00   0
  144.087341   3330.572285       0.00   0
  144.095212   3330.962144       0.00   0
  144.103083   3331.352002       0.00   0
  144.110954   3331.741861       0.00   0
  144.118825   3332.131720       0.00   0
  144.126696   3332.521578       0.00   0
  144.134567   3332.911437       0.00   0
  144.142438   3333.301296       0.00   0
  144.150310   3333.691154       0.00   0
  144.158181   3334.081013       0.00   0
  144.166052   3334.468533       0.00   0
  144.173923   3334.855763       0.00   0
  144.181794   3335.242993       0.00   0
  144.189665   3335.630224       0.00   0
  144.197536   3336.017454       0.00   0
  144.205407   3336.404684       0.00   0
  144.213278   3336.791914       0.00   0
  144.221149   3337.179145       0.00   0
  144.229020   3337.566375       0.00   0
  144.236891   3337.953605       0.00   0
  144.244762   3338.340835       0.00   0
  144.252633   3338.728066       0.00   0
  144.260504   3339.115296       0.00   0
  144.268375   3339.502526       0.00   0
  144.276246   3339.889756       0.00   0
  144.284117   3340.276986       0.00   0
  144.291988   3340.664217       0.00   0
  144.299859   3341.051447       0.00   0
  144.307730   3341.438677       0.00   0
  144.315601   3341.825907       0.00   0
  144.323472   3342.213138       0.00   0
  144.331344   3342.600368       0.00   0
  144.339215   3342.987598       0.00   0
  144.347086   3343.374828       0.00   0
  144.354957   3343.762059       0.00   0
  144.362828   3344.149289       0.00   0
  144.370699   3344.536519       0.00   0
  144.378570   3344.923749       0.00   0
  144.386441   3345.310979       0.00   0
  144.394312   3345.698210       0.00   0
  144.402183   3346.085440       0.00   0
  144.410054   3346.472670       0.00   0
  144.417925   3346.859900       0.00   0
  144.425796   3347.247131       0.00   0
  144.433667   3347.634361       0.00   0
  144.441538   3348.021591       0.00   0
  144.449409   3348.408821       0.00   0
  144.457280   3348.796052       0.00   0
  144.465151   3349.183282       0.00   0
  144.473022   3349.570512       0.00   0
  144.480893   3349.957742       0.00   0
  144.488764   3350.344972       0.00   0
  144.496635   3350.732203       0.00   0
  144.504507   3351.119433       0.00   0
  144.512378   3351.506663       0.00   0
  144.520249   3351.893893       0.00   0
  144.528120   3352.281124       0.00   0
  144.535991   3352.668354       0.00   0
  144.543862   3353.055584       0.00   0
  144.551733   3353.442814       0.00   0
  144.559604   3353.830045       0.00   0
  144.567475   3354.217275       0.00   0
  144.575346   3354.604505       0.00   0
  144.583217   3354.991735       0.00   0
  144.591088   3355.378965       0.00   0
  144.598959   3355.766196       0.00   0
  144.606830   3356.153426       0.00   0
  144.614701   3356.540656       0.00   0
  144.622572   3356.926830       0.00   0
  144.630443   3357.311769       0.00   0
  144.638314   3357.696707       0.00   0
  144.646185   3358.081645       0.00   0
  144.654056   3358.466584       0.00   0
  144.661927   3358.851522       0.00   0
  144.669798   3359.236460       0.00   0
  144.677670   3359.621398       0.00   0
  144.685541   3360.006337       0.00   0
  144.693412   3360.391275       0.00   0
  144.701283   3360.776213       0.00   0
  144.709154   3361.161152       0.00   0
  144.717025   3361.546090       0.00   0
  144.724896   3361.931028       0.00   0
  144.732767   3362.315967       0.00   0
  144.740638   3362.700905       0.00   0
  144.748509   3363.085843       0.00   0
  144.756380   3363.470781       0.00   0
  144.764251   3363.855720       0.00   0
  144.772122   3364.240658       0.00   0
  144.779993   3364.625596       0.00   0
  144.787864   3365.010535       0.00   0
  144.795735   3365.395473       0.00   0
  144.803606   3365.780411       0.00   0
  144.811477   3366.165349       0.00   0
  144.819348   3366.550288       0.00   0
  144.827219   3366.935226       0.00   0
  144.835090   3367.320164       0.00   0
  144.842961   3367.705103       0.00   0
  144.850832   3368.090041       0.00   0
  144.858704   3368.474979       0.00   0
  144.866575   3368.859917       0.00   0
  144.874446   3369.244856       0.00   0
  144.882317   3369.629794       0.00   0
  144.890188   3370.014732       0.00   0
  144.898059   3370.399671       0.00   0
  144.905930   3370.784283       0.00   0
  144.913801   3371.167127       0.00   0
  144.921672   3371.549970       0.00   0
  144.929543   3371.932814       0.00   0
  144.937414   3372.315658       0.00   0
  144.945285   3372.698501       0.00   0
  144.953156   3373.081345       0.00   0
  144.961027   3373.464188       0.00   0
  144.968898   3373.847032       0.00   0
  144.976769   3374.229875       0.00   0
  144.984640   3374.612719       0.00   0
  144.992511   3374.995562       0.00   0
  145.000382   3375.378406       0.00   0
  145.008253   3375.761250       0.00   0
  145.016124   3376.144093       0.00   0
  145.023995   3376.526937       0.00   0
  145.031867   3376.909780       0.00   0
  145.039738   3377.292624       0.00   0
  145.047609   3377.675467       0.00   0
  145.055480   3378.058311       0.00   0
  145.063351   3378.441154       0.00   0
  145.071222   3378.823998       0.00   0
  145.079093   3379.206842       0.00   0
  145.086964   3379.589685       0.00   0
  145.094835   3379.972529       0.00   0
  145.102706   3380.355372       0.00   0
  145.110577   3380.738216       0.00   0
  145.118448   3381.121059       0.00   0
  145.126319   3381.503903       0.00   0
  145.134190   3381.886746       0.00   0
  145.142061   3382.269590       0.00   0
  145.149932   3382.652434       0.00   0
  145.157803   3383.035277       0.00   0
  145.165674   3383.418121       0.00   0
  145.173545   3383.800964       0.00   0
  145.181416   3384.183808       0.00   0
  145.189287   3384.566651       0.00   0
  145.197158   3384.948182       0.00   0
  145.205029   3385.329085       0.00   0
  145.212901   3385.709987       0.00   0
  145.220772   3386.090890       0.00   0
  145.228643   3386.471793       0.00   0
  145.236514   3386.852695       0.00   0
  145.244385   3387.233598       0.00   0
  145.252256   3387.614501       0.00   0
  145.260127   3387.995403       0.00   0
  145.267998   3388.376306       0.00   0
  145.275869   3388.757209       0.00   0
  145.283740   3389.138111       0.00   0
  145.291611   3389.519014       0.00   0
  145.299482   3389.899917       0.00   0
  145.307353   3390.280819       0.00   0
  145.315224   3390.661722       0.00   0
  145.323095   3391.042625       0.00   0
  145.330966   3391.423527       0.00   0
  145.338837   3391.804430       0.00   0
  145.346708   3392.185333       0.00   0
  145.354579   3392.566235       0.00   0
  145.362450   3392.947138       0.00   0
  145.370321   3393.328041       0.00   0
  145.378192   3393.708943       0.00   0
  145.386064   3394.089846       0.00   0
  145.393935   3394.470749       0.00   0
  145.401806   3394.851651       0.00   0
  145.409677   3395.232554       0.00   0
  145.417548   3395.613457       0.00   0
  145.425419   3395.994359       0.00   0
  145.433290   3396.375262       0.00   0
  145.441161   3396.756165       0.00   0
  145.449032   3397.137067       0.00   0
  145.456903   3397.517970       0.00   0
  145.464774   3397.898873       0.00   0
  145.472645   3398.279775       0.00   0
  145.480516   3398.660678       0.00   0
  145.488387   3399.040049       0.00   0
  145.496258   3399.419251       0.00   0
  145.504129   3399.798454       0.00   0
  145.512000   3400.177656       0.00   0
  145.519871   3400.556859       0.00   0
  145.527742   3400.936061       0.00   0
  145.535613   3401.315264       0.00   0
  145.543484   3401.694466       0.00   0
  145.551355   3402.073669       0.00   0
  145.559226   3402.452871       0.00   0
  145.567098   3402.832074       0.00   0
  145.574969   3403.211276       0.00   0
  145.582840   3403.590479       0.00   0
  145.590711   3403.969681       0.00   0
  145.598582   3404.348884       0.00   0
  145.606453   3404.728086       0.00   0
  145.614324   3405.107289       0.00   0
  145.622195   3405.486491       0.00   0
  145.630066   3405.865694       0.00   0
  145.637937   3406.244896       0.00   0
  145.645808   3406.624099       0.00   0
  145.653679   3407.003301       0.00   0
  145.661550   3407.382504       0.00   0
  145.669421   3407.761706       0.00   0
  145.677292   3408.140909       0.00   0
  145.685163   3408.520111       0.00   0
  145.693034   3408.899314       0.00   0
  145.700905   3409.278516       0.00   0
  145.708776   3409.657719       0.00   0
  145.716647   3410.036921       0.00   0
  145.724518   3410.416124       0.00   0
  145.732389   3410.795326       0.00   0
  145.740261   3411.174529       0.00   0
  145.748132   3411.553731       0.00   0
  145.756003   3411.932934       0.00   0
  145.763874   3412.312136       0.00   0
  145.771745   3412.690852       0.00   0
  145.779616   3413.068361       0.00   0
  145.787487   3413.445870       0.00   0
  145.795358   3413.823379       0.00   0
  145.803229   3414.200888       0.00   0
  145.811100   3414.578397       0.00   0
  145.818971   3414.955906       0.00   0
  145.826842   3415.333416       0.00   0
  145.834713   3415.710925       0.00   0
  145.842584   3416.088434       0.00   0
  145.850455   3416.465943       0.00   0
  145.858326   3416.843452       0.00   0
  145.866197   3417.220961       0.00   0
  145.874068   3417.598470       0.00   0
  145.881939   3417.975980       0.00   0
  145.889810   3418.353489       0.00   0
  145.897681   3418.730998       0.00   0
  145.905552   3419.108507       0.00   0
  145.913423   3419.486016       0.00   0
  145.921295   3419.863525       0.00   0
  145.929166   3420.241034       0.00   0
  145.937037   3420.618544       0.00   0
  145.944908   3420.996053       0.00   0
  145.952779   3421.373562       0.00   0
  145.960650   3421.751071       0.00   0
  145.968521   3422.128580       0.00   0
  145.976392   3422.506089       0.00   0
  145.984263   3422.883598       0.00   0
  145.992134   3423.261108       0.00   0
  146.000005   3423.638617       0.00   0
  146.007876   3424.016126       0.00   0
  146.015747   3424.393635       0.00   0
  146.023618   3424.771144       0.00   0
  146.031489   3425.148653       0.00   0
  146.039360   3425.526162       0.00   0
  146.047231   3425.903671       0.00   0
  146.055102   3426.281181       0.00   0
  146.062973   3426.658690       0.00   0
  146.070844   3427.036199       0.00   0
  146.078715   3427.413708       0.00   0
  146.086586   3427.791217       0.00   0
  146.094458   3428.168726       0.00   0
  146.102329   3428.546235       0.00   0
  146.110200   3428.923745       0.00   0
  146.118071   3429.301254       0.00   0
  146.125942   3429.678763       0.00   0
  146.133813   3430.056272       0.00   0
  146.141684   3430.433781       0.00   0
  146.149555   3430.811290       0.00   0
  146.157426   3431.188799       0.00   0
  146.165297   3431.566309       0.00   0
  146.173168   3431.943818       0.00   0
  146.181039   3432.321327       0.00   0
  146.188910   3432.698836       0.00   0
  146.196781   3433.076345       0.00   0
  146.204652   3433.453854       0.00   0
  146.212523   3433.831363       0.00   0
  146.220394   3434.208873       0.00   0
  146.228265   3434.586382       0.00   0
  146.236136   3434.963891       0.00   0
  146.244007   3435.341400       0.00   0
  146.251878   3435.718909       0.00   0
  146.259749   3436.095471       0.00   0
  146.267620   3436.471554       0.00   0
  146.275492   3436.847637       0.00   0
  146.283363   3437.223720       0.00   0
  146.291234   3437.599803       0.00   0
  146.299105   3437.975886       0.00   0
  146.306976   3438.351969       0.00   0
  146.314847   3438.728052       0.00   0
  146.322718   3439.104135       0.00   0
  146.330589   3439.480218       0.00   0
  146.338460   3439.856302       0.00   0
  146.346331   3440.232385       0.00   0
  146.354202   3440.608468       0.00   0
  146.362073   3440.984551       0.00   0
  146.369944   3441.360634       0.00   0
  146.377815   3441.736717       0.00   0
  146.385686   3442.112800       0.00   0
  146.393557   3442.488883       0.00   0
  146.401428   3442.864966       0.00   0
  146.409299   3443.241049       0.00   0
  146.417170   3443.617132       0.00   0
  146.425041   3443.993215       0.00   0
  146.432912   3444.369298       0.00   0
  146.440783   3444.745381       0.00   0
  146.448655   3445.121464       0.00   0
  146.456526   3445.497547      48.42   0
  146.464397   3445.873630     171.90   0
  146.472268   3446.249713     120.40   0
  146.480139   3446.625796       0.00   0
  146.488010   3447.001879     203.66   0
  146.495881   3447.377962       0.00   0
  146.503752   3447.754045       0.00   0
  146.511623   3448.130128      67.76   0
  146.519494   3448.506211     139.33   0
  146.527365   3448.882294     152.53   0
  146.535236   3449.258377     174.39   0
  146.543107   3449.634460      18.01   0
  146.550978   3450.009374       0.00   0
  146.558849   3450.384195      10.83   0
  146.566720   3450.759016      55.64   0
  146.574591   3451.133837       0.00   0
  146.582462   3451.508658       0.00   0
  146.590333   3451.883480       0.00   0
  146.598204   3452.258301       0.00   0
  146.606075   3452.633122       0.00   0
  146.613946   3453.007943      26.66   0
  146.621817   3453.382764       0.00   0
  146.629689   3453.757586       0.00   0
  146.637560   3454.132407       0.00   0
  146.645431   3454.507228     135.26   0
  146.653302   3454.882049      88.90   0
  146.661173   3455.256870       0.00   0
  146.669044   3455.631691       5.86   0
  146.676915   3456.006513     194.23   0
  146.684786   3456.381334      44.29   0
  146.692657   3456.756155       0.00   0
  146.700528   3457.130976       0.00   0
  146.708399   3457.505797       0.00   0
  146.716270   3457.880619       3.47   0
  146.724141   3458.255440       0.00   0
  146.732012   3458.630261      13.37   0
  146.739883   3459.005082      58.22   0
  146.747754   3459.379903       0.00   0
  146.755625   3459.754725      39.42   0
  146.763496   3460.129546       0.00   0
  146.771367   3460.504367       0.00   0
  146.779238   3460.879188       0.00   0
  146.787109   3461.254009       0.00   0
  146.794980   3461.628831       0.00   0
  146.802852   3462.003652      29.51   0
  146.810723   3462.378473       0.00   0
  146.818594   3462.753294      36.85   0
  146.826465   3463.128115     115.85   0
  146.834336   3463.502856     339.85   0
  146.842207   3463.876604     200.08   0
  146.850078   3464.250351     123.56   0
  146.857949   3464.624099       0.00   0
  146.865820   3464.997846       0.00   0
  146.873691   3465.371594       0.00   0
  146.881562   3465.745341      28.61   0
  146.889433   3466.119089     150.92   0
  146.897304   3466.492836     190.38   0
  146.905175   3466.866584       0.00   0
  146.913046   3467.240331       0.00   0
  146.920917   3467.614079     410.03   1
  146.928788   3467.987826      54.72   0
  146.936659   3468.361574     294.23   0
  146.944530   3468.735321       0.00   0
  146.952401   3469.109069       0.00   0
  146.960272   3469.482816      61.04   0
  146.968143   3469.856564       0.00   0
  146.976015   3470.230311       0.00   0
  146.983886   3470.604059       0.00   0
  146.991757   3470.977806      95.69   0
  146.999628   3471.351554       0.00   0
  147.007499   3471.725301      64.05   0
  147.015370   3472.099049     295.09   1
  147.023241   3472.472796      23.76   0
  147.031112   3472.846544      63.61   0
  147.038983   3473.220291       0.00   0
  147.046854   3473.594039       0.00   0
  147.054725   3473.967786       6.93   0
  147.062596   3474.341534       0.00   0
  147.070467   3474.715281      20.63   0
  147.078338   3475.089029       0.00   0
  147.086209   3475.462776      27.52   0
  147.094080   3475.836524       0.00   0
  147.101951   3476.210271       0.00   0
  147.109822   3476.584019       0.00   0
  147.117693   3476.957766       0.00   0
  147.125564   3477.331414       0.00   0
  147.133435   3477.704277      37.55   0
  147.141306   3478.077139      18.87   0
  147.149177   3478.450002      40.47   0
  147.157049   3478.822865       0.00   0
  147.164920   3479.195727      30.22   0
  147.172791   3479.568590       0.00   0
  147.180662   3479.941453       0.00   0
  147.188533   3480.314315       0.00   0
  147.196404   3480.687178       0.00   0
  147.204275   3481.060041       0.00   0
  147.212146   3481.432903       0.00   0
  147.220017   3481.805766       0.00   0
  147.227888   3482.178629     131.43   0
  147.235759   3482.551491       0.00   0
  147.243630   3482.924354      71.76   0
  147.251501   3483.297217       0.00   0
  147.259372   3483.670079     142.31   0
  147.267243   3484.042942       0.00   0
  147.275114   3484.415805      80.91   0
  147.282985   3484.788667      46.19   0
  147.290856   3485.161530     139.76   0
  147.298727   3485.534393     472.32   1
  147.306598   3485.907255      60.83   0
  147.314469   3486.280118      29.67   0
  147.322340   3486.652981       0.00   0
  147.330212   3487.025843       0.00   0
  147.338083   3487.398706     233.16   0
  147.345954   3487.771569       4.51   0
  147.353825   3488.144431     172.78   0
  147.361696   3488.517294      49.04   0
  147.369567   3488.890157       0.00   0
  147.377438   3489.263019      28.19   0
  147.385309   3489.635882      49.49   0
  147.393180   3490.008745      60.13   0
  147.401051   3490.381607       0.00   0
  147.408922   3490.754470       0.00   0
  147.416793   3491.127300      23.41   0
  147.424664   3491.499650       0.00   0
  147.432535   3491.872000       0.00   0
  147.440406   3492.244349       0.00   0
  147.448277   3492.616699      30.59   0
  147.456148   3492.989049      42.05   0
  147.464019   3493.361398       0.00   0
  147.471890   3493.733748       0.00   0
  147.479761   3494.106098      31.29   0
  147.487632   3494.478447       0.00   0
  147.495503   3494.850797       0.00   0
  147.503374   3495.223146       0.00   0
  147.511246   3495.595496      34.36   0
  147.519117   3495.967846       0.00   0
  147.526988   3496.340195       2.32   0
  147.534859   3496.712545     154.47   0
  147.542730   3497.084895       4.90   0
  147.550601   3497.457244     562.47   1
  147.558472   3497.829594       0.00   0
  147.566343   3498.201943       0.00   0
  147.574214   3498.574293       0.00   0
  147.582085   3498.946643     145.11   0
  147.589956   3499.318992      17.91   0
  147.597827   3499.691342       0.00   0
  147.605698   3500.063692       0.00   0
  147.613569   3500.436041     191.91   0
  147.621440   3500.808391      67.58   0
  147.629311   3501.180741       0.00   0
  147.637182   3501.553090      20.95   0
  147.645053   3501.925440      61.47   0
  147.652924   3502.297789      11.16   0
  147.660795   3502.670139       0.00   0
  147.668666   3503.042489       0.00   0
  147.676537   3503.414838       8.24   0
  147.684409   3503.787188       0.00   0
  147.692280   3504.159538       0.00   0
  147.700151   3504.531887     149.93   0
  147.708022   3504.904237       0.00   0
  147.715893   3505.276586      57.17   0
  147.723764   3505.648936      27.64   0
  147.731635   3506.021286      32.65   0
  147.739506   3506.393635      31.27   0
  147.747377   3506.765985     106.63   0
  147.755248   3507.138335       0.00   0
  147.763119   3507.510684     408.75   0
  147.770990   3507.883034      70.14   0
  147.778861   3508.255384     609.65   1
  147.786732   3508.627733      80.37   0
  147.794603   3509.000083       0.00   0
  147.802474   3509.372432     182.14   0
  147.810345   3509.744782       0.00   0
  147.818216   3510.117132     100.34   0
  147.826087   3510.489481       0.00   0
  147.833958   3510.861831      55.42   0
  147.841829   3511.234181       0.00   0
  147.849700   3511.606530       0.00   0
  147.857571   3511.978880       0.00   0
  147.865443   3512.351229     144.66   0
  147.873314   3512.723579       0.00   0
  147.881185   3513.095929       4.56   0
  147.889056   3513.468278      70.56   0
  147.896927   3513.840628     292.41   0
  147.904798   3514.212978     128.51   0
  147.912669   3514.585327      31.50   0
  147.920540   3514.957677     471.15   0
  147.928411   3515.330265       0.00   0
  147.936282   3515.702881       0.00   0
  147.944153   3516.075497     239.24   0
  147.952024   3516.448112     355.08   0
  147.959895   3516.820728      52.27   0
  147.967766   3517.193344     272.62   0
  147.975637   3517.565959     362.99   0
  147.983508   3517.938575      24.70   0
  147.991379   3518.311191     759.09   1
  147.999250   3518.683806      65.17   0
  148.007121   3519.056422     382.55   0
  148.014992   3519.429038     373.99   0
  148.022863   3519.801653     345.87   0
  148.030734   3520.174269      18.78   0
  148.038606   3520.546884     117.31   0
  148.046477   3520.919500      56.52   0
  148.054348   3521.292116       0.00   0
  148.062219   3521.664731      38.14   0
  148.070090   3522.037347       0.00   0
  148.077961   3522.409963       0.00   0
  148.085832   3522.782578     368.58   0
  148.093703   3523.155194       0.00   0
  148.101574   3523.527810       0.00   0
  148.109445   3523.900425      21.70   0
  148.117316   3524.273041      54.41   0
  148.125187   3524.645657      69.47   0
  148.133058   3525.018272       0.00   0
  148.140929   3525.390888      42.65   0
  148.148800   3525.763504     246.39   0
  148.156671   3526.136119       0.00   0
  148.164542   3526.508735       0.00   0
  148.172413   3526.881351      26.30   0
  148.180284   3527.253966      11.62   0
  148.188155   3527.626582      67.04   0
  148.196026   3527.999198       0.00   0
  148.203897   3528.371813       0.00   0
  148.211768   3528.744598       0.00   0
  148.219640   3529.118197      58.36   0
  148.227511   3529.491796       0.00   0
  148.235382   3529.865395      45.47   0
  148.243253   3530.238994       1.18   0
  148.251124   3530.612592      27.14   0
  148.258995   3530.986191       0.00   0
  148.266866   3531.359790     140.61   0
  148.274737   3531.733389       0.00   0
  148.282608   3532.106988       0.00   0
  148.290479   3532.480587      49.27   0
  148.298350   3532.854186       8.06   0
  148.306221   3533.227785     655.57   1
  148.314092   3533.601384       0.00   0
  148.321963   3533.974982       0.00   0
  148.329834   3534.348581      15.35   0
  148.337705   3534.722180       9.69   0
  148.345576   3535.095779       0.00   0
  148.353447   3535.469378      31.61   0
  148.361318   3535.842977     172.86   0
  148.369189   3536.216576     179.43   0
  148.377060   3536.590175      30.50   0
  148.384931   3536.963773     181.85   0
  148.392803   3537.337372       0.00   0
  148.400674   3537.710971      96.54   0
  148.408545   3538.084570       0.00   0
  148.416416   3538.458169       0.00   0
  148.424287   3538.831768       0.00   0
  148.432158   3539.205367      71.81   0
  148.440029   3539.578966       0.00   0
  148.447900   3539.952565      37.05   0
  148.455771   3540.326163       0.00   0
  148.463642   3540.699762      69.85   0
  148.471513   3541.073361       0.70   0
  148.479384   3541.446960     153.55   0
  148.487255   3541.820559      99.87   0
  148.495126   3542.194158     506.24   1
  148.502997   3542.568697       6.53   0
  148.510868   3542.944326      89.13   0
  148.518739   3543.319954       0.00   0
  148.526610   3543.695583       1.66   0
  148.534481   3544.071212       0.00   0
  148.542352   3544.446841      79.49   0
  148.550223   3544.822470       0.00   0
  148.558094   3545.198099     314.49   0
  148.565965   3545.573728       0.00   0
  148.573837   3545.949357       0.00   0
  148.581708   3546.324986       0.00   0
  148.589579   3546.700615       2.37   0
  148.597450   3547.076244       0.00   0
  148.605321   3547.451873       0.00   0
  148.613192   3547.827502       0.00   0
  148.621063   3548.203131       2.91   0
  148.628934   3548.578760       0.00   0
  148.636805   3548.954388      78.79   0
  148.644676   3549.330017       0.00   0
  148.652547   3549.705646      21.34   0
  148.660418   3550.081275      47.58   0
  148.668289   3550.456904       0.00   0
  148.676160   3550.832533      16.33   0
  148.684031   3551.208162       5.23   0
  148.691902   3551.583791      18.42   0
  148.699773   3551.959420      92.16   0
  148.707644   3552.335049      33.24   0
  148.715515   3552.710678       0.00   0
  148.723386   3553.086307       0.00   0
  148.731257   3553.461936      23.37   0
  148.739128   3553.837565       0.00   0
  148.747000   3554.213194       0.00   0
  148.754871   3554.588822      59.51   0
  148.762742   3554.964451     179.41   0
  148.770613   3555.340080       0.00   0
  148.778484   3555.715709       1.34   0
  148.786355   3556.091338       0.00   0
  148.794226   3556.469984       1.17   0
  148.802097   3556.849206     138.55   0
  148.809968   3557.228428     119.02   0
  148.817839   3557.607649      40.16   0
  148.825710   3557.986871       0.00   0
  148.833581   3558.366092       0.00   0
  148.841452   3558.745314       0.00   0
  148.849323   3559.124535       0.00   0
  148.857194   3559.503757     107.56   0
  148.865065   3559.882978      21.55   0
  148.872936   3560.262200       0.00   0
  148.880807   3560.641422       0.00   0
  148.888678   3561.020643      60.30   0
  148.896549   3561.399865       0.00   0
  148.904420   3561.779086      27.41   0
  148.912291   3562.158308       0.00   0
  148.920163   3562.537529      13.24   0
  148.928034   3562.916751      64.49   0
  148.935905   3563.295972       0.00   0
  148.943776   3563.675194       0.00   0
  148.951647   3564.054416       0.00   0
  148.959518   3564.433637      73.11   0
  148.967389   3564.812859     187.38   0
  148.975260   3565.192080     935.06   1
  148.983131   3565.571302     416.96   0
  148.991002   3565.950523     238.71   0
  148.998873   3566.329745     263.19   0
  149.006744   3566.708966       2.95   0
  149.014615   3567.088188     119.61   0
  149.022486   3567.467409      54.94   0
  149.030357   3567.846631       0.00   0
  149.038228   3568.225853      72.19   0
  149.046099   3568.605074       0.00   0
  149.053970   3568.984296      18.74   0
  149.061841   3569.363517       0.00   0
  149.069712   3569.742739       0.00   0
  149.077583   3570.124320       5.94   0
  149.085454   3570.509505       0.00   0
  149.093325   3570.894691       0.00   0
  149.101197   3571.279876      14.62   0
  149.109068   3571.665062       0.00   0
  149.116939   3572.050248       0.00   0
  149.124810   3572.435433       0.00   0
  149.132681   3572.820619       0.00   0
  149.140552   3573.205804     232.94   0
  149.148423   3573.590990     234.96   0
  149.156294   3573.976175       0.00   0
  149.164165   3574.361361      31.25   0
  149.172036   3574.746546     149.36   0
  149.179907   3575.131732       0.00   0
  149.187778   3575.516917       0.00   0
  149.195649   3575.902103     203.79   0
  149.203520   3576.287288     125.79   0
  149.211391   3576.672474     619.17   0
  149.219262   3577.057659     702.25   1
  149.227133   3577.442845       0.00   0
  149.235004   3577.828030       0.00   0
  149.242875   3578.213216     191.56   0
  149.250746   3578.598401      18.52   0
  149.258617   3578.983587       0.00   0
  149.266488   3579.368772       0.00   0
  149.274360   3579.753958       0.00   0
  149.282231   3580.139143       0.00   0
  149.290102   3580.524329      44.50   0
  149.297973   3580.909514       0.00   0
  149.305844   3581.294700       0.00   0
  149.313715   3581.679885      20.81   0
  149.321586   3582.065071      11.96   0
  149.329457   3582.450257     160.96   0
  149.337328   3582.835442     150.25   0
  149.345199   3583.220628     231.41   0
  149.353070   3583.605813      64.13   0
  149.360941   3583.990999       9.65   0
  149.368812   3584.376184     155.22   0
  149.376683   3584.761370     128.95   0
  149.384554   3585.146555     229.07   0
  149.392425   3585.531741      39.59   0
  149.400296   3585.916926     200.78   0
  149.408167   3586.302112       0.00   0
  149.416038   3586.687297       0.00   0
  149.423909   3587.072483     117.73   0
  149.431780   3587.457668     172.54   0
  149.439651   3587.842854     720.74   1
  149.447522   3588.228039     641.16   0
  149.455394   3588.613225     243.07   0
  149.463265   3588.998410      28.61   0
  149.471136   3589.383596       0.00   0
  149.479007   3589.768781      80.05   0
  149.486878   3590.153967     145.10   0
  149.494749   3590.539152       0.00   0
  149.502620   3590.924338     173.44   0
  149.510491   3591.309523       0.00   0
  149.518362   3591.694709       0.00   0
  149.526233   3592.079895      94.06   0
  149.534104   3592.465080      62.66   0
  149.541975   3592.850266      50.01   0
  149.549846   3593.235451       0.00   0
  149.557717   3593.620637      21.66   0
  149.565588   3594.005822       0.00   0
  149.573459   3594.391008       0.00   0
  149.581330   3594.776193      93.97   0
  149.589201   3595.173708       0.00   0
  149.597072   3595.572856     131.28   0
  149.604943   3595.972004       0.00   0
  149.612814   3596.371153       0.00   0
  149.620685   3596.770301       0.00   0
  149.628557   3597.169449       0.00   0
  149.636428   3597.568598       0.00   0
  149.644299   3597.967746       0.00   0
  149.652170   3598.366894      28.72   0
  149.660041   3598.766043       0.00   0
  149.667912   3599.165191      80.26   0
  149.675783   3599.564339      31.12   0
  149.683654   3599.963487       0.00   0
  149.691525   3600.362636       0.00   0
  149.699396   3600.761784      75.19   0
  149.707267   3601.160932     405.62   1
  149.715138   3601.560081       0.00   0
  149.723009   3601.959229       0.00   0
  149.730880   3602.358377       0.00   0
  149.738751   3602.757526      54.41   0
  149.746622   3603.156674       9.76   0
  149.754493   3603.555822       0.00   0
  149.762364   3603.954970     168.29   0
  149.770235   3604.354119       0.00   0
  149.778106   3604.753267       0.00   0
  149.785977   3605.152415      32.99   0
  149.793848   3605.551564       0.00   0
  149.801719   3605.950712      25.36   0
  149.809591   3606.349860       0.00   0
  149.817462   3606.749009       7.11   0
  149.825333   3607.148157      21.03   0
  149.833204   3607.547305       0.00   0
  149.841075   3607.946453      94.65   0
  149.848946   3608.345602       0.00   0
  149.856817   3608.748366      48.49   0
  149.864688   3609.168172       0.00   0
  149.872559   3609.587977       0.00   0
  149.880430   3610.007782       0.00   0
  149.888301   3610.427587      44.09   0
  149.896172   3610.847393       0.00   0
  149.904043   3611.267198      12.44   0
  149.911914   3611.687003       0.00   0
  149.919785   3612.106809       0.00   0
  149.927656   3612.526614      41.80   0
  149.935527   3612.946419      11.64   0
  149.943398   3613.366225      12.81   0
  149.951269   3613.786030       1.62   0
  149.959140   3614.205835       0.70   0
  149.967011   3614.625641       0.00   0
  149.974882   3615.045446      86.40   0
  149.982754   3615.465251       0.00   0
  149.990625   3615.885056       0.00   0
  149.998496   3616.304862     171.70   0
  150.006367   3616.724667      92.36   0
  150.014238   3617.144472       0.00   0
  150.022109   3617.564278      79.08   0
  150.029980   3617.984083       0.00   0
  150.037851   3618.403888      19.90   0
  150.045722   3618.823694      40.27   0
  150.053593   3619.243499       0.00   0
  150.061464   3619.663304      59.05   0
  150.069335   3620.083110     164.03   0
  150.077206   3620.502915       0.41   0
  150.085077   3620.922720      86.40   0
  150.092948   3621.342526       0.00   0
  150.100819   3621.762331      66.46   0
  150.108690   3622.182136       0.00   0
  150.116561   3622.601941       0.00   0
  150.124432   3623.035411       0.00   0
  150.132303   3623.484187     150.28   0
  150.140174   3623.932964      66.83   0
  150.148045   3624.381740     120.09   0
  150.155916   3624.830517      85.11   0
  150.163788   3625.279293     127.51   0
  150.171659   3625.728069      56.74   0
  150.179530   3626.176846       0.00   0
  150.187401   3626.625622     101.71   0
  150.195272   3627.074399       0.00   0
  150.203143   3627.523175       0.00   0
  150.211014   3627.971952       0.00   0
  150.218885   3628.420728     134.82   0
  150.226756   3628.869505      69.40   0
  150.234627   3629.318281       0.00   0
  150.242498   3629.767058       0.00   0
  150.250369   3630.215834       0.00   0
  150.258240   3630.664611       0.00   0
  150.266111   3631.113387     322.30   1
  150.273982   3631.562164      93.10   0
  150.281853   3632.010940       0.00   0
  150.289724   3632.459717       0.00   0
  150.297595   3632.908493      20.29   0
  150.305466   3633.357269      36.42   0
  150.313337   3633.806046       0.00   0
  150.321208   3634.254822      19.07   0
  150.329079   3634.703599      27.98   0
  150.336951   3635.152375       0.00   0
  150.344822   3635.601152     142.87   0
  150.352693   3636.049928       0.00   0
  150.360564   3636.498705      52.47   0
  150.368435   3636.947481       0.00   0
  150.376306   3637.407743      16.02   0
  150.384177   3637.894414      13.99   0
  150.392048   3638.381086       0.00   0
  150.399919   3638.867757       0.00   0
  150.407790   3639.354428       0.00   0
  150.415661   3639.841100     107.72   0
  150.423532   3640.327771     165.58   0
  150.431403   3640.814443       0.00   0
  150.439274   3641.301114      56.97   0
  150.447145   3641.787785       0.00   0
  150.455016   3642.274457      82.60   0
  150.462887   3642.761128      34.35   0
  150.470758   3643.247800     208.36   0
  150.478629   3643.734471       0.00   0
  150.486500   3644.221143     558.48   0
  150.494371   3644.707814      63.30   0
  150.502242   3645.194485       0.00   0
  150.510113   3645.681157      87.92   0
  150.517985   3646.167828      87.87   0
  150.525856   3646.654500     304.30   0
  150.533727   3647.141171      76.95   0
  150.541598   3647.627842     499.06   0
  150.549469   3648.114514      71.04   0
  150.557340   3648.601185     141.71   0
  150.565211   3649.087857     625.63   0
  150.573082   3649.574528     273.21   0
  150.580953   3650.061199     126.56   0
  150.588824   3650.547871     918.29   1
  150.596695   3651.034542     908.72   0
  150.604566   3651.521214     257.67   0
  150.612437   3652.023932     384.47   0
  150.620308   3652.555629      37.00   0
  150.628179   3653.087326     164.51   0
  150.636050   3653.619023     609.07   0
  150.643921   3654.150720     275.20   0
  150.651792   3654.682417     166.97   0
  150.659663   3655.214113       0.00   0
  150.667534   3655.745810       8.70   0
  150.675405   3656.277507     248.44   0
  150.683276   3656.809204      44.30   0
  150.691148   3657.340901       0.00   0
  150.699019   3657.872598     470.44   0
  150.706890   3658.404294      98.45   0
  150.714761   3658.935991       4.86   0
  150.722632   3659.467688     290.81   0
  150.730503   3659.999385       0.00   0
  150.738374   3660.531082      72.50   0
  150.746245   3661.062779     996.93   1
  150.754116   3661.594476     233.39   0
  150.761987   3662.126172       0.00   0
  150.769858   3662.657869     622.16   0
  150.777729   3663.189566      42.69   0
  150.785600   3663.721263      31.72   0
  150.793471   3664.252960     410.26   0
  150.801342   3664.784657       0.00   0
  150.809213   3665.316354       5.16   0
  150.817084   3665.848050     336.60   0
  150.824955   3666.379747       0.00   0
  150.832826   3666.911444       0.00   0
  150.840697   3667.443141       0.00   0
  150.848568   3667.974838       0.00   0
  150.856439   3668.506535     547.16   0
  150.864311   3669.038231     206.55   0
  150.872182   3669.569928      74.06   0
  150.880053   3670.101625     472.52   0
  150.887924   3670.633322      62.27   0
  150.895795   3671.165019      34.13   0
  150.903666   3671.696716     241.90   0
  150.911537   3672.228413       0.00   0
  150.919408   3672.760109     200.09   0
  150.927279   3673.291806      45.66   0
  150.935150   3673.823503     707.43   0
  150.943021   3674.355200     328.91   0
  150.950892   3674.886897     462.18   0
  150.958763   3675.418594      55.04   0
  150.966634   3675.950291     622.03   0
  150.974505   3676.481987     776.29   0
  150.982376   3677.014500    1199.71   1
  150.990247   3677.587788       0.00   0
  150.998118   3678.161076      97.18   0
  151.005989   3678.734365       0.00   0
  151.013860   3679.307653     114.57   0
  151.021731   3679.880942       0.00   0
  151.029602   3680.454230     386.89   0
  151.037473   3681.027519       0.00   0
  151.045345   3681.600807       0.00   0
  151.053216   3682.174096       0.00   0
  151.061087   3682.747384       0.00   0
  151.068958   3683.320673       0.00   0
  151.076829   3683.893961     405.22   1
  151.084700   3684.467250       0.00   0
  151.092571   3685.040538     327.25   0
  151.100442   3685.613826     163.98   0
  151.108313   3686.187115      10.36   0
  151.116184   3686.760403       0.00   0
  151.124055   3687.333692       0.00   0
  151.131926   3687.906980       0.00   0
  151.139797   3688.480269       0.00   0
  151.147668   3689.055839       0.00   0
  151.155539   3689.656458      17.02   0
  151.163410   3690.257077      40.38   0
  151.171281   3690.857695     179.96   0
  151.179152   3691.458314       0.00   0
  151.187023   3692.058932       0.00   0
  151.194894   3692.659551     104.33   0
  151.202765   3693.260170     260.11   0
  151.210636   3693.860788       0.00   0
  151.218508   3694.461407       0.00   0
  151.226379   3695.062026       0.00   0
  151.234250   3695.662644       0.00   0
  151.242121   3696.263263      70.99   0
  151.249992   3696.863882       0.59   0
  151.257863   3697.464500      35.42   0
  151.265734   3698.065119     170.48   0
  151.273605   3698.665737      49.98   0
  151.281476   3699.266356       0.00   0
  151.289347   3699.866975      28.59   0
  151.297218   3700.468351       1.27   0
  151.305089   3701.076557     321.26   0
  151.312960   3701.684762      37.22   0
  151.320831   3702.292968     151.43   0
  151.328702   3702.901173       0.00   0
  151.336573   3703.509379      23.82   0
  151.344444   3704.117584       0.00   0
  151.352315   3704.725790      10.60   0
  151.360186   3705.333995     107.84   0
  151.368057   3705.942201       0.88   0
  151.375928   3706.550406     671.86   1
  151.383799   3707.158612       2.03   0
  151.391670   3707.766817       0.00   0
  151.399542   3708.375023      28.17   0
  151.407413   3708.983228      73.94   0
  151.415284   3709.591434       6.95   0
  151.423155   3710.199639      78.21   0
  151.431026   3710.807845      66.02   0
  151.438897   3711.416051     122.29   0
  151.446768   3712.014843     187.45   0
  151.454639   3712.609324      10.69   0
  151.462510   3713.203804     200.84   0
  151.470381   3713.798285      45.43   0
  151.478252   3714.392766      93.08   0
  151.486123   3714.987247       0.00   0
  151.493994   3715.581727      48.45   0
  151.501865   3716.176208      62.13   0
  151.509736   3716.770689     832.14   0
  151.517607   3717.365169     165.11   0
  151.525478   3717.959650      90.18   0
  151.533349   3718.554131     272.88   0
  151.541220   3719.148612     301.05   0
  151.549091   3719.743092       0.00   0
  151.556962   3720.337573      57.10   0
  151.564833   3720.932054     165.17   0
  151.572705   3721.526535     597.16   0
  151.580576   3722.121015       0.00   0
  151.588447   3722.715496     943.51   0
  151.596318   3723.299011     790.22   0
  151.604189   3723.860778     407.98   0
  151.612060   3724.422545     198.91   0
  151.619931   3724.984312    1029.35   0
  151.627802   3725.546079    1387.97   0
  151.635673   3726.107846     442.80   0
  151.643544   3726.669613     268.62   0
  151.651415   3727.231380     135.52   0
  151.659286   3727.793147       0.00   0
  151.667157   3728.354914      36.65   0
  151.675028   3728.916681       0.00   0
  151.682899   3729.478448     344.50   0
  151.690770   3730.040215     321.54   0
  151.698641   3730.601982     258.60   0
  151.706512   3731.163749     294.28   0
  151.714383   3731.725516    3454.62   1
  151.722254   3732.287283     764.54   0
  151.730125   3732.849050     227.19   0
  151.737996   3733.410817      98.65   0
  151.745867   3733.972584     538.97   0
  151.753739   3734.534351       0.00   0
  151.761610   3735.096118     326.89   0
  151.769481   3735.657885      90.41   0
  151.777352   3736.219652     369.89   0
  151.785223   3736.781419      85.57   0
  151.793094   3737.343186     661.93   0
  151.800965   3737.904953     476.38   0
  151.808836   3738.466720     225.30   0
  151.816707   3739.028487     960.12   0
  151.824578   3739.590254     168.42   0
  151.832449   3740.152021      29.99   0
  151.840320   3740.713788     220.11   0
  151.848191   3741.275555     201.06   0
  151.856062   3741.837322     154.03   0
  151.863933   3742.399089     512.64   0
  151.871804   3742.960856     750.47   0
  151.879675   3743.522623      79.77   0
  151.887546   3744.084390    1005.85   1
  151.895417   3744.646157     362.12   0
  151.903288   3745.207924       0.00   0
  151.911159   3745.769691      65.07   0
  151.919030   3746.331458      70.39   0
  151.926902   3746.893225       0.00   0
  151.934773   3747.454992     150.22   0
  151.942644   3747.973996      88.18   0
  151.950515   3748.485861      37.72   0
  151.958386   3748.997725     208.84   0
  151.966257   3749.509590       0.00   0
  151.974128   3750.021454       0.00   0
  151.981999   3750.533318      71.87   0
  151.989870   3751.045183     489.43   0
  151.997741   3751.557047     609.76   1
  152.005612   3752.068912       0.00   0
  152.013483   3752.580776       0.00   0
  152.021354   3753.092641       0.00   0
  152.029225   3753.604505       0.00   0
  152.037096   3754.116370      52.82   0
  152.044967   3754.628234      15.86   0
  152.052838   3755.140099      29.80   0
  152.060709   3755.651963     159.57   0
  152.068580   3756.163827       0.00   0
  152.076451   3756.675692       5.03   0
  152.084322   3757.187556       0.00   0
  152.092193   3757.699421       0.00   0
  152.100064   3758.211285     195.84   0
  152.107936   3758.723150       0.00   0
  152.115807   3759.235014      75.69   0
  152.123678   3759.746879      22.90   0
  152.131549   3760.258743     145.26   0
  152.139420   3760.770608       0.00   0
  152.147291   3761.282472       0.00   0
  152.155162   3761.779684     165.38   0
  152.163033   3762.244787      53.81   0
  152.170904   3762.709890      91.23   0
  152.178775   3763.174994       0.00   0
  152.186646   3763.640097       0.16   0
  152.194517   3764.105200      32.61   0
  152.202388   3764.570303      66.33   0
  152.210259   3765.035407       0.00   0
  152.218130   3765.500510       9.01   0
  152.226001   3765.965613       0.00   0
  152.233872   3766.430717      18.77   0
  152.241743   3766.895820      10.69   0
  152.249614   3767.360923       0.00   0
  152.257485   3767.826026       0.00   0
  152.265356   3768.291130      34.04   0
  152.273227   3768.756233     208.21   0
  152.281099   3769.221336      30.64   0
  152.288970   3769.686440       0.00   0
  152.296841   3770.151543      24.89   0
  152.304712   3770.616646       0.00   0
  152.312583   3771.081749       0.00   0
  152.320454   3771.546853       0.00   0
  152.328325   3772.011956       0.00   0
  152.336196   3772.477059      18.52   0
  152.344067   3772.942163     570.17   1
  152.351938   3773.407266       0.00   0
  152.359809   3773.872369      27.00   0
  152.367680   3774.337472      25.19   0
  152.375551   3774.802576      78.34   0
  152.383422   3775.267679      89.35   0
  152.391293   3775.732782       5.28   0
  152.399164   3776.168358     168.99   0
  152.407035   3776.594509       0.00   0
  152.414906   3777.020661       0.00   0
  152.422777   3777.446812      35.96   0
  152.430648   3777.872963       0.00   0
  152.438519   3778.299115       0.00   0
  152.446390   3778.725266       0.00   0
  152.454261   3779.151417       0.00   0
  152.462133   3779.577569      38.23   0
  152.470004   3780.003720       0.00   0
  152.477875   3780.429871      14.24   0
  152.485746   3780.856023       0.00   0
  152.493617   3781.282174       0.00   0
  152.501488   3781.708326       0.00   0
  152.509359   3782.134477       1.91   0
  152.517230   3782.560628       0.00   0
  152.525101   3782.986780       0.00   0
  152.532972   3783.412931       0.00   0
  152.540843   3783.839082       0.00   0
  152.548714   3784.265234       0.00   0
  152.556585   3784.691385       0.00   0
  152.564456   3785.117536       0.00   0
  152.572327   3785.543688      68.92   0
  152.580198   3785.969839      62.04   0
  152.588069   3786.395990       0.00   0
  152.595940   3786.822142      53.68   0
  152.603811   3787.248293       0.00   0
  152.611682   3787.674444     134.62   0
  152.619553   3788.100596       0.00   0
  152.627424   3788.526747       0.00   0
  152.635296   3788.952899       0.00   0
  152.643167   3789.379050     130.70   0
  152.651038   3789.805201      60.91   0
  152.658909   3790.206051      65.97   0
  152.666780   3790.602224      91.47   0
  152.674651   3790.998398       0.00   0
  152.682522   3791.394571      52.12   0
  152.690393   3791.790744     164.12   0
  152.698264   3792.186918       0.00   0
  152.706135   3792.583091      16.99   0
  152.714006   3792.979265      22.62   0
  152.721877   3793.375438       0.00   0
  152.729748   3793.771612       0.00   0
  152.737619   3794.167785       0.00   0
  152.745490   3794.563958       2.00   0
  152.753361   3794.960132      35.67   0
  152.761232   3795.356305     159.23   0
  152.769103   3795.752479      69.38   0
  152.776974   3796.148652      17.28   0
  152.784845   3796.544826       0.00   0
  152.792716   3796.940999       0.00   0
  152.800587   3797.337173       0.00   0
  152.808458   3797.733346     118.64   0
  152.816330   3798.129519      83.12   0
  152.824201   3798.525693      31.70   0
  152.832072   3798.921866      36.07   0
  152.839943   3799.318040     129.51   0
  152.847814   3799.714213     103.10   0
  152.855685   3800.110387     272.55   0
  152.863556   3800.506560      80.35   0
  152.871427   3800.902734      36.63   0
  152.879298   3801.298907      93.59   0
  152.887169   3801.695080       9.00   0
  152.895040   3802.091254       0.00   0
  152.902911   3802.487427       4.37   0
  152.910782   3802.883601       0.00   0
  152.918653   3803.279774       0.00   0
  152.926524   3803.671617       0.00   0
  152.934395   3804.045881       0.00   0
  152.942266   3804.420145     325.33   1
  152.950137   3804.794408      24.59   0
  152.958008   3805.168672       0.00   0
  152.965879   3805.542936       0.00   0
  152.973750   3805.917199       0.00   0
  152.981621   3806.291463       0.00   0
  152.989493   3806.665726       0.00   0
  152.997364   3807.039990     257.64   0
  153.005235   3807.414254       0.00   0
  153.013106   3807.788517     118.97   0
  153.020977   3808.162781       0.00   0
  153.028848   3808.537044      78.32   0
  153.036719   3808.911308       8.69   0
  153.044590   3809.285572     133.44   0
  153.052461   3809.659835       0.00   0
  153.060332   3810.034099      23.37   0
  153.068203   3810.408363     100.55   0
  153.076074   3810.782626    1441.12   1
  153.083945   3811.156890    1156.33   0
  153.091816   3811.531153       0.00   0
  153.099687   3811.905417     103.21   0
  153.107558   3812.279681       0.00   0
  153.115429   3812.653944     452.20   0
  153.123300   3813.028208       0.00   0
  153.131171   3813.402471      18.10   0
  153.139042   3813.776735       7.31   0
  153.146913   3814.150999     103.78   0
  153.154784   3814.525262       0.00   0
  153.162656   3814.899526       0.00   0
  153.170527   3815.273790      10.37   0
  153.178398   3815.648053       0.00   0
  153.186269   3816.022317       0.00   0
  153.194140   3816.396580      90.85   0
  153.202011   3816.770844       0.00   0
  153.209882   3817.145108      64.53   0
  153.217753   3817.519371      61.89   0
  153.225624   3817.893635       0.00   0
  153.233495   3818.267899       3.45   0
  153.241366   3818.642162       0.00   0
  153.249237   3819.016426      11.65   0
  153.257108   3819.390689     161.63   0
  153.264979   3819.764953      49.83   0
  153.272850   3820.139217      22.84   0
  153.280721   3820.513480      33.90   0
  153.288592   3820.887744     578.41   1
  153.296463   3821.262007      43.88   0
  153.304334   3821.636271     416.69   0
  153.312205   3822.010535     167.79   0
  153.320076   3822.384798      39.69   0
  153.327947   3822.759062       8.37   0
  153.335818   3823.133326       0.00   0
  153.343690   3823.507589       0.00   0
  153.351561   3823.881853     210.31   0
  153.359432   3824.256116       0.00   0
  153.367303   3824.630380     147.66   0
  153.375174   3825.004644      44.39   0
  153.383045   3825.378907     279.14   0
  153.390916   3825.753171       0.00   0
  153.398787   3826.127434       0.00   0
  153.406658   3826.501698      67.85   0
  153.414529   3826.875962       0.00   0
  153.422400   3827.250225     157.51   0
  153.430271   3827.624489      62.62   0
  153.438142   3827.998753      20.15   0
  153.446013   3828.373016       2.49   0
  153.453884   3828.747280       0.00   0
  153.461755   3829.121543     148.24   0
  153.469626   3829.495807       0.00   0
  153.477497   3829.870071       9.98   0
  153.485368   3830.236889      17.38   0
  153.493239   3830.599619     114.35   0
  153.501110   3830.962349       0.00   0
  153.508981   3831.325079      83.25   0
  153.516853   3831.687809       0.00   0
  153.524724   3832.050539       0.00   0
  153.532595   3832.413269      32.85   0
  153.540466   3832.775999       0.00   0
  153.548337   3833.138729     112.13   0
  153.556208   3833.501459      14.14   0
  153.564079   3833.864189       0.00   0
  153.571950   3834.226919       7.96   0
  153.579821   3834.589649       0.00   0
  153.587692   3834.952380       0.00   0
  153.595563   3835.315110       0.00   0
  153.603434   3835.677840       0.00   0
  153.611305   3836.040570     137.58   0
  153.619176   3836.403300      72.09   0
  153.627047   3836.766030       0.00   0
  153.634918   3837.128760       0.00   0
  153.642789   3837.491490       0.00   0
  153.650660   3837.854220       0.00   0
  153.658531   3838.216950      10.36   0
  153.666402   3838.579680      42.01   0
  153.674273   3838.942410       0.00   0
  153.682144   3839.305140      10.63   0
  153.690015   3839.667870       0.00   0
  153.697887   3840.030600       0.00   0
  153.705758   3840.393330      21.57   0
  153.713629   3840.756060       0.00   0
  153.721500   3841.118790      71.74   0
  153.729371   3841.481520       0.00   0
  153.737242   3841.844250       0.00   0
  153.745113   3842.206980       0.00   0
  153.752984   3842.569710      25.76   0
  153.760855   3842.932440      15.93   0
  153.768726   3843.295170       0.00   0
  153.776597   3843.652421      38.38   0
  153.784468   3844.006809       0.00   0
  153.792339   3844.361197      82.32   0
  153.800210   3844.715585       0.00   0
  153.808081   3845.069972       0.00   0
  153.815952   3845.424360       0.00   0
  153.823823   3845.778748      43.42   0
  153.831694   3846.133136       0.00   0
  153.839565   3846.487523       3.16   0
  153.847436   3846.841911       0.00   0
  153.855307   3847.196299       0.00   0
  153.863178   3847.550687      31.94   0
  153.871050   3847.905074       0.00   0
  153.878921   3848.259462     195.31   0
  153.886792   3848.613850      53.59   0
  153.894663   3848.968238       0.00   0
  153.902534   3849.322626      76.94   0
  153.910405   3849.677013       0.00   0
  153.918276   3850.031401       0.00   0
  153.926147   3850.385789     117.37   0
  153.934018   3850.740177       0.00   0
  153.941889   3851.094564      78.06   0
  153.949760   3851.448952       0.00   0
  153.957631   3851.803340       0.00   0
  153.965502   3852.157728       0.00   0
  153.973373   3852.512115      67.13   0
  153.981244   3852.866503       8.08   0
  153.989115   3853.220891       9.77   0
  153.996986   3853.575279       0.00   0
  154.004857   3853.929666       0.00   0
  154.012728   3854.284054     143.52   0
  154.020599   3854.638442      15.34   0
  154.028470   3854.992830      20.17   0
  154.036341   3855.347218       4.09   0
  154.044212   3855.701605      52.39   0
  154.052084   3856.055993       0.00   0
  154.059955   3856.410381      34.12   0
  154.067826   3856.764108       0.00   0
  154.075697   3857.112273       0.00   0
  154.083568   3857.460438       0.00   0
  154.091439   3857.808603     110.18   0
  154.099310   3858.156768       0.00   0
  154.107181   3858.504933      28.00   0
  154.115052   3858.853098      41.76   0
  154.122923   3859.201263      58.68   0
  154.130794   3859.549428     160.43   0
  154.138665   3859.897593       0.00   0
  154.146536   3860.245758       0.00   0
  154.154407   3860.593922      44.48   0
  154.162278   3860.942087     228.99   0
  154.170149   3861.290252       0.00   0
  154.178020   3861.638417       0.00   0
  154.185891   3861.986582      74.14   0
  154.193762   3862.334747       0.00   0
  154.201633   3862.682912       0.00   0
  154.209504   3863.031077      84.13   0
  154.217375   3863.379242     115.15   0
  154.225247   3863.727407     208.50   0
  154.233118   3864.075572      10.79   0
  154.240989   3864.423737      73.55   0
  154.248860   3864.771902       0.00   0
  154.256731   3865.120067       0.00   0
  154.264602   3865.468232      69.34   0
  154.272473   3865.816397       0.00   0
  154.280344   3866.164562     127.67   0
  154.288215   3866.512727      46.80   0
  154.296086   3866.860892      69.73   0
  154.303957   3867.209057       0.00   0
  154.311828   3867.557222       0.00   0
  154.319699   3867.905387     250.31   0
  154.327570   3868.253552     128.55   0
  154.335441   3868.601717       0.95   0
  154.343312   3868.949882       0.00   0
  154.351183   3869.298047       0.00   0
  154.359054   3869.646212      93.51   0
  154.366925   3869.994377       0.00   0
  154.374796   3870.342542       0.00   0
  154.382667   3870.690707      15.82   0
  154.390538   3871.038872       0.00   0
  154.398409   3871.387037       0.00   0
  154.406281   3871.735202      82.94   0
  154.414152   3872.083367       0.00   0
  154.422023   3872.431532       0.00   0
  154.429894   3872.779697     111.73   0
  154.437765   3873.127862       7.85   0
  154.445636   3873.476027       0.00   0
  154.453507   3873.824192       0.00   0
  154.461378   3874.172357       0.00   0
  154.469249   3874.520522       0.00   0
  154.477120   3874.868687       0.00   0
  154.484991   3875.216852      44.03   0
  154.492862   3875.565017       0.00   0
  154.500733   3875.913182       0.00   0
  154.508604   3876.261347       0.00   0
  154.516475   3876.609512       0.00   0
  154.524346   3876.957677       0.00   0
  154.532217   3877.305842       0.00   0
  154.540088   3877.654007       0.00   0
  154.547959   3878.002172       0.00   0
  154.555830   3878.350337       0.00   0
  154.563701   3878.698502      16.21   0
  154.571572   3879.046667      97.21   0
  154.579444   3879.394832      47.28   0
  154.587315   3879.742997       0.00   0
  154.595186   3880.091162       0.00   0
  154.603057   3880.439327      28.06   0
  154.610928   3880.787492      14.95   0
  154.618799   3881.135657      52.96   0
  154.626670   3881.483822      65.27   0
  154.634541   3881.831987       0.00   0
  154.642412   3882.180152     182.93   0
  154.650283   3882.528317       0.00   0
  154.658154   3882.876482       0.00   0
  154.666025   3883.224647      34.97   0
  154.673896   3883.572812      65.47   0
  154.681767   3883.920977       0.00   0
  154.689638   3884.269142     173.73   0
  154.697509   3884.617307       0.00   0
  154.705380   3884.965472      20.67   0
  154.713251   3885.313637      59.94   0
  154.721122   3885.661802       0.00   0
  154.728993   3886.009967      74.88   0
  154.736864   3886.358132      37.18   0
  154.744735   3886.706297      94.25   0
  154.752606   3887.054462     201.19   0
  154.760478   3887.402627       9.71   0
  154.768349   3887.750792      65.40   0
  154.776220   3888.098957       0.00   0
  154.784091   3888.447122      17.29   0
  154.791962   3888.795287      91.48   0
  154.799833   3889.143452      74.38   0
  154.807704   3889.491617      18.39   0
  154.815575   3889.839782     120.49   0
  154.823446   3890.187947       0.00   0
  154.831317   3890.536112       8.72   0
  154.839188   3890.884277      94.42   0
  154.847059   3891.232442     537.75   1
  154.854930   3891.580607     130.14   0
  154.862801   3891.928772      40.04   0
  154.870672   3892.276937     176.40   0
  154.878543   3892.625102      73.67   0
  154.886414   3892.973267       0.00   0
  154.894285   3893.321432       0.00   0
  154.902156   3893.669597       0.00   0
  154.910027   3894.017762     250.98   0
  154.917898   3894.365927      94.60   0
  154.925769   3894.714092      87.70   0
  154.933641   3895.062257       1.88   0
  154.941512   3895.410422     213.42   0
  154.949383   3895.758587     121.08   0
  154.957254   3896.106752     201.55   0
  154.965125   3896.454917     223.77   0
  154.972996   3896.803082      57.66   0
  154.980867   3897.151247     298.13   1
  154.988738   3897.499412      98.34   0
  154.996609   3897.847577       0.00   0
  155.004480   3898.195742       4.87   0
  155.012351   3898.543907      64.29   0
  155.020222   3898.892072       0.00   0
  155.028093   3899.240237       0.00   0
  155.035964   3899.588402     109.60   0
  155.043835   3899.936567      40.65   0
  155.051706   3900.284732      61.44   0
  155.059577   3900.632897       1.94   0
  155.067448   3900.981062     169.87   0
  155.075319   3901.329227      27.74   0
  155.083190   3901.677392     539.33   1
  155.091061   3902.025557       0.00   0
  155.098932   3902.373722      32.67   0
  155.106804   3902.721887      37.06   0
  155.114675   3903.070052       0.00   0
  155.122546   3903.418217       0.00   0
  155.130417   3903.766382       0.00   0
  155.138288   3904.114547       0.00   0
  155.146159   3904.462712       0.00   0
  155.154030   3904.810877       0.00   0
  155.161901   3905.159042       0.00   0
  155.169772   3905.507207       0.00   0
  155.177643   3905.855372       0.00   0
  155.185514   3906.203537       0.00   0
  155.193385   3906.551702       0.00   0
  155.201256   3906.899867       0.00   0
  155.209127   3907.248032       0.00   0
  155.216998   3907.596197       0.00   0
  155.224869   3907.944362       0.00   0
  155.232740   3908.292527       0.00   0
  155.240611   3908.640692       0.00   0
  155.248482   3908.988857       0.00   0
  155.256353   3909.337022       0.00   0
  155.264224   3909.685187       0.00   0
  155.272095   3910.033352       0.00   0
  155.279966   3910.381517       0.00   0
  155.287838   3910.729682       0.00   0
  155.295709   3911.077847       0.00   0
  155.303580   3911.426012       0.00   0
  155.311451   3911.774177       0.00   0
  155.319322   3912.122342       0.00   0
  155.327193   3912.470507       0.00   0
  155.335064   3912.818672       0.00   0
  155.342935   3913.166837       0.00   0
  155.350806   3913.515002       0.00   0
  155.358677   3913.863167       0.00   0
  155.366548   3914.211332       0.00   0
  155.374419   3914.559497       0.00   0
  155.382290   3914.907662       0.00   0
  155.390161   3915.255827       0.00   0
  155.398032   3915.603992       0.00   0
  155.405903   3915.952157       0.00   0
  155.413774   3916.300322       0.00   0
  155.421645   3916.648487       0.00   0
  155.429516   3916.996652       0.00   0
  155.437387   3917.344817       0.00   0
  155.445258   3917.692982       0.00   0
  155.453129   3918.041147       0.00   0
  155.461001   3918.389312       0.00   0
  155.468872   3918.737477       0.00   0
  155.476743   3919.085642       0.00   0
  155.484614   3919.433807       0.00   0
  155.492485   3919.781972       0.00   0
  155.500356   3920.130137       0.00   0
  155.508227   3920.478302       0.00   0
  155.516098   3920.826467       0.00   0
  155.523969   3921.174632       0.00   0
  155.531840   3921.522797       0.00   0
  155.539711   3921.870962       0.00   0
  155.547582   3922.219127       0.00   0
  155.555453   3922.567292       0.00   0
  155.563324   3922.915457       0.00   0
  155.571195   3923.263622       0.00   0
  155.579066   3923.611787       0.00   0
  155.586937   3923.959952       0.00   0
  155.594808   3924.308117       0.00   0
  155.602679   3924.656282       0.00   0
  155.610550   3925.004447       0.00   0
  155.618421   3925.352612       0.00   0
  155.626292   3925.700777       0.00   0
  155.634163   3926.048942       0.00   0
  155.642035   3926.397107       0.00   0
  155.649906   3926.745272       0.00   0
  155.657777   3927.093437       0.00   0
  155.665648   3927.441602       0.00   0
  155.673519   3927.789767       0.00   0
  155.681390   3928.137932       0.00   0
  155.689261   3928.486097       0.00   0
  155.697132   3928.834262       0.00   0
  155.705003   3929.182427       0.00   0
  155.712874   3929.530592       0.00   0
  155.720745   3929.878757       0.00   0
  155.728616   3930.226922       0.00   0
  155.736487   3930.575087       0.00   0
  155.744358   3930.923252       0.00   0
  155.752229   3931.271417       0.00   0
  155.760100   3931.619582       0.00   0
  155.767971   3931.967747       0.00   0
  155.775842   3932.315912       0.00   0
  155.783713   3932.664077       0.00   0
  155.791584   3933.012242       0.00   0
  155.799455   3933.360407       0.00   0
  155.807326   3933.708572       0.00   0
  155.815198   3934.056737       0.00   0
  155.823069   3934.404902       0.00   0
  155.830940   3934.753067       0.00   0
  155.838811   3935.101232       0.00   0
  155.846682   3935.449397       0.00   0
  155.854553   3935.797562       0.00   0
  155.862424   3936.145727       0.00   0
  155.870295   3936.493892       0.00   0
  155.878166   3936.842057       0.00   0
  155.886037   3937.190222       0.00   0
  155.893908   3937.538387       0.00   0
  155.901779   3937.886552       0.00   0
  155.909650   3938.234717       0.00   0
  155.917521   3938.582882       0.00   0
  155.925392   3938.931047       0.00   0
  155.933263   3939.279212       0.00   0
  155.941134   3939.627377       0.00   0
  155.949005   3939.975542       0.00   0
  155.956876   3940.323707       0.00   0
  155.964747   3940.671872       0.00   0
  155.972618   3941.020037       0.00   0
