nu (muHz)   tau (s)   PSD
100.82808 0.0 0.0
100.835951 0.7831858214810814 0.0
100.843823 1.5663377230381426 0.0
100.851694 2.3492568857304574 0.0
100.859565 3.1320429306451105 0.0
100.867436 3.9146960321058906 0.0
100.875307 4.697216328436312 0.0
100.883178 5.479603935260579 0.0
100.891049 6.261859048851102 0.0
100.89892 7.043981776267766 0.0
100.906791 7.825972266730028 0.0
100.914662 8.607830680073656 0.0
100.922533 9.389557120530148 0.0
100.930404 10.171151772527116 0.0
100.938275 10.952614757791496 0.0
100.946146 11.733946196795188 0.0
100.954017 12.51514627325001 0.0
100.961888 13.296215088571438 0.0
100.969759 14.077152798499812 0.0
100.97763 14.857959548447111 0.0
100.985501 15.63863543849002 0.0
100.993372 16.419180659409864 0.0
101.001243 17.19959531860768 0.0
101.009114 17.979879543185927 0.0
101.016985 18.76003350223605 0.0
101.024857 19.54015657891758 0.0
101.032728 20.320050340718648 0.0
101.040599 21.09981422832525 0.0
101.04847 21.87944834080456 0.0
101.056341 22.658952870518487 0.0
101.064212 23.438327913643416 0.0
101.072083 24.217573604036797 0.0
101.079954 24.996690096536224 0.0
101.087825 25.77567748646137 0.0
101.095696 26.554535941892382 0.0
101.103567 27.333265580805417 0.0
101.111438 28.111866509668264 0.0
101.119309 28.890338906311573 0.0
101.12718 29.668682864464156 0.0
101.135051 30.446898524658888 0.0
101.142922 31.224986028174126 0.0
101.150793 32.00294546800927 0.0
101.158664 32.78077701819025 0.0
101.166535 33.55848078410818 0.0
101.174406 34.3360568795263 0.0
101.182277 35.11350546850225 0.0
101.190148 35.89082664263427 0.0
101.19802 36.66811965229742 0.0
101.205891 37.44518639539812 0.0
101.213762 38.22212609020963 0.0
101.221633 38.9989389166125 0.0
101.229504 39.77562496814936 0.0
101.237375 40.55218436572233 0.0
101.245246 41.328617260414326 0.0
101.253117 42.10492374194502 0.0
101.260988 42.88110396388305 0.0
101.268859 43.65715804263683 0.0
101.27673 44.433086073635124 0.0
101.284601 45.20888823008694 0.0
101.292472 45.984564600563935 0.0
101.300343 46.76011531302422 0.0
101.308214 47.53554050628282 0.0
101.316085 48.310840268391225 0.0
101.323956 49.0860147593839 0.0
101.331827 49.861064084219294 0.0
101.339698 50.635988345890375 0.0
101.347569 51.41078770520891 0.0
101.35544 52.18546224921568 0.0
101.363311 52.96001211286333 0.0
101.371182 53.734437423360546 0.0
101.379054 54.50883718349858 0.0
101.386925 55.28301370373121 0.0
101.394796 56.057066018011284 0.0
101.402667 56.83099423678398 0.0
101.410538 57.60479850916863 0.0
101.418409 58.37847892085408 0.0
101.42628 59.1520356137676 0.0
101.434151 59.925468704111886 0.0
101.442022 60.698778278359995 0.0
101.449893 61.471964507227156 0.0
101.457764 62.24502747558995 0.0
101.465635 63.01796730131732 0.0
101.473506 63.790784122424746 0.0
101.481377 64.56347802342769 0.0
101.489248 65.33604915328878 0.0
101.497119 66.10849761770274 0.0
101.50499 66.88082351093794 0.0
101.512861 67.65302699258179 0.0
101.520732 68.42510814644983 0.0
101.528603 69.19706709784604 0.0
101.536474 69.96890397422193 0.0
101.544345 70.74061885907747 0.0
101.552217 71.51231064843316 0.0
101.560088 72.28378193482763 0.0
101.567959 73.0551315834764 0.0
101.57583 73.82635974342186 0.0
101.583701 74.59746649757167 0.0
101.591572 75.36845197871841 0.0
101.599443 76.13931630423167 0.0
101.607314 76.91005955674662 0.0
101.615185 77.68068189966405 0.0
101.623056 78.45118341891572 0.0
101.630927 79.22156422433216 0.0
101.638798 79.99182445488319 0.0
101.646669 80.76196419271525 0.0
101.65454 81.53198357826611 0.0
101.662411 82.30188271918945 0.0
101.670282 83.07166170262323 0.0
101.678153 83.84132068907114 0.0
101.686024 84.61085976026041 0.0
101.693895 85.38027903393562 0.0
101.701766 86.14957863940433 0.0
101.709637 86.91875865819368 0.0
101.717508 87.6878192385874 0.0
101.72538 88.456859044962 0.0
101.733251 89.22568101745387 0.0
101.741122 89.99438389603581 0.0
101.748993 90.76296776191516 0.0
101.756864 91.53143274090162 0.0
101.764735 92.29977895299692 0.0
101.772606 93.06800647925435 0.0
101.780477 93.83611547604292 0.0
101.788348 94.60410603246658 0.0
101.796219 95.37197825202557 0.0
101.80409 96.13973227650686 0.0
101.811961 96.9073681867414 0.0
101.819832 97.6748861168465 0.0
101.827703 98.44228617777014 0.0
101.835574 99.20956845078912 0.0
101.843445 99.97673309958631 0.0
101.851316 100.74378020483678 0.0
101.859187 101.51070987849317 0.0
101.867058 102.27752225345691 0.0
101.874929 103.04421175121529 0.0
101.8828 103.81074827332733 0.0
101.890671 104.57715147830535 0.0
101.898542 105.34343778829307 0.0
101.906414 106.1097057419121 0.0
101.914285 106.87575862143395 0.0
101.922156 107.64169495874249 0.0
101.930027 108.40751487221794 0.0
101.937898 109.17321844016935 0.0
101.945769 109.93880581883901 0.0
101.95364 110.70427709304708 0.0
101.961511 111.46963236824979 0.0
101.969382 112.23487178018236 0.0
101.977253 112.99999540716016 0.0
101.985124 113.76500338846013 0.0
101.992995 114.52989582623093 0.0
102.000866 115.29467280876673 0.0
102.008737 116.05933448940807 0.0
102.016608 116.82388094653888 0.0
102.024479 117.58831230243064 0.0
102.03235 118.35262867679656 0.0
102.040221 119.11683014802317 0.0
102.048092 119.88091687264492 0.0
102.055963 120.64488893653095 0.0
102.063834 121.40874644485842 0.0
102.071705 122.17248953519028 0.0
102.079577 122.93621650298934 0.0
102.087448 123.69973103197891 0.0
102.095319 124.46313146481987 0.0
102.10319 125.22641788943997 0.0
102.111061 125.98959046160599 0.0
102.118932 126.75264926008367 0.0
102.126803 127.51559440748353 0.0
102.134674 128.2784260255439 0.0
102.142545 129.04114419309875 0.0
102.150416 129.80374906783575 0.0
102.158287 130.5662407371335 0.0
102.166158 131.32861930640726 0.0
102.174029 132.09088491586135 0.0
102.1819 132.85303764464535 0.0
102.189771 133.61507763351176 0.0
102.197642 134.37700498816756 0.0
102.205513 135.13881979660215 0.0
102.213384 135.90052221791663 0.0
102.221255 136.66211233164142 0.0
102.229126 137.42359026138018 0.0
102.236997 138.18495613158373 0.0
102.244868 138.94621002191525 0.0
102.252739 139.70735209210898 0.0
102.260611 140.4684804735679 0.0
102.268482 141.2293991667238 0.0
102.276353 141.99020637897237 0.0
102.284224 142.75090219045677 0.0
102.292095 143.511486743801 0.0
102.299966 144.27196014739152 0.0
102.307837 145.03232248966802 0.0
102.315708 145.7925739340606 0.0
102.323579 146.55271456125587 0.0
102.33145 147.31274449648132 0.0
102.339321 148.0726638676622 0.0
102.347192 148.83247275568598 0.0
102.355063 149.59217132321356 0.0
102.362934 150.35175966209655 0.0
102.370805 151.11123787980713 0.0
102.378676 151.87060612438705 0.0
102.386547 152.6298644773653 0.0
102.394418 153.38901308404274 0.0
102.402289 154.148052056124 0.0
102.41016 154.9069814829133 0.0
102.418031 155.66580153320731 0.0
102.425902 156.4245122892494 0.0
102.433774 157.18321175591788 0.0
102.441645 157.94170428950324 0.0
102.449516 158.7000878711046 0.0
102.457387 159.45836266725433 0.0
102.465258 160.21652877285487 0.0
102.473129 160.9745862971978 0.0
102.481 161.73253539367255 0.0
102.488871 162.49037614561254 0.0
102.496742 163.2481087017928 0.0
102.504613 164.0057331779689 0.0
102.512484 164.7632496646953 0.0
102.520355 165.52065833729395 0.0
102.528226 166.27795927999475 0.0
102.536097 167.0351526233149 0.0
102.543968 167.7922385046087 0.0
102.551839 168.54921700844685 0.0
102.55971 169.30608830624817 0.0
102.567581 170.06285249654843 0.0
102.575452 170.81950969104557 0.0
102.583323 171.57606004950486 0.0
102.591194 172.33250365751158 0.0
102.599065 173.0888406682053 0.0
102.606936 173.84507120214448 1916.06
102.614808 174.60129305938264 88.62
102.622679 175.35731098663368 10.63
102.63055 176.11322279915228 0.0
102.638421 176.869028631178 0.0
102.646292 177.62472862618463 0.0
102.654163 178.38032287127288 32.8
102.662034 179.135811543783 457.64
102.669905 179.89119474657147 0.0
102.677776 180.64647259432053 0.0
102.685647 181.4016452543491 163.32
102.693518 182.15671281497524 0.0
102.701389 182.911675434614 0.0
102.70926 183.66653323950243 0.0
102.717131 184.42128632402293 104.54
102.725002 185.17593488036795 0.0
102.732873 185.9304789981641 0.0
102.740744 186.6849188161768 0.0
102.748615 187.43925448504027 0.0
102.756486 188.19348609489947 0.0
102.764357 188.9476138301772 233.59
102.772228 189.70163779878055 136.19
102.780099 190.45555811902958 0.09
102.787971 191.2094725152502 0.0
102.795842 191.9631859623719 0.0
102.803713 192.71679619357408 0.0
102.811584 193.47030334173928 0.0
102.819455 194.22370750384675 0.0
102.827326 194.97700888273494 0.0
102.835197 195.7302075715393 0.0
102.843068 196.48330371437572 0.0
102.850939 197.236297470254 55.88
102.85881 197.9891889329232 0.0
102.866681 198.74197829510865 0.0
102.874552 199.49466567063573 81.75
102.882423 200.24725118212191 0.0
102.890294 200.99973501597228 162.6
102.898165 201.75211726763257 0.0
102.906036 202.50439810916836 98.41
102.913907 203.25657768116778 0.0
102.921778 204.00865608373533 0.0
102.929649 204.7606335320378 136.81
102.93752 205.51251012333017 0.0
102.945391 206.26428600802714 0.0
102.953262 207.01596135483175 0.0
102.961133 207.76753626171853 143.42
102.969005 208.5191083151696 122.7
102.976876 209.27048284799977 0.0
102.984747 210.02175739169957 248.39
102.992618 210.77293214457006 0.0
103.000489 211.52400720656473 341.82
103.00836 212.27498275831564 0.0
103.016231 213.02585894935905 124.23
103.024102 213.77663588344922 0.0
103.031973 214.52731379002876 0.0
103.039844 215.27789277115582 684.35
103.047715 216.02837298454622 0.0
103.055586 216.7787546101318 0.0
103.063457 217.5290377508103 0.0
103.071328 218.27922262021173 0.0
103.079199 219.02930934695203 934.49
103.08707 219.77929806458488 0.0
103.094941 220.52918898510953 0.0
103.102812 221.27898221371956 26.9
103.110683 222.02867794098327 0.0
103.118554 222.77827632674496 0.0
103.126425 223.52777747904477 5.75
103.134296 224.27718164374772 237.31
103.142168 225.02658615826192 79.27
103.150039 225.77579671001482 0.0
103.15791 226.524910740877 298.66
103.165781 227.27392835946742 17.63
103.173652 228.0228497923161 288.13
103.181523 228.77167517722577 0.0
103.189394 229.52040465453692 0.0
103.197265 230.26903845205874 32.56
103.205136 231.01757668106202 0.0
103.213007 231.76601954352049 0.0
103.220878 232.5143672112019 28.44
103.228749 233.2626197970782 0.0
103.23662 234.01077756594586 0.0
103.244491 234.75884063189417 0.0
103.252362 235.50680917082215 0.0
103.260233 236.25468339050394 0.0
103.268104 237.0024634061735 2.62
103.275975 237.75014945920947 0.0
103.283846 238.4977416980017 0.0
103.291717 239.24524027072997 79.35
103.299588 239.99264542337133 4.44
103.307459 240.73995727422664 0.0
103.31533 241.48717603839523 47.51
103.323202 242.23439897281187 101.75
103.331073 242.9814320355891 0.0
103.338944 243.72837260154233 142.79
103.346815 244.47522079312253 0.0
103.354686 245.22197679737167 97.97
103.362557 245.96864083926513 252.48
103.370428 246.71521304167973 273.99
103.378299 247.46169366298327 0.0
103.38617 248.20808286383996 0.0
103.394041 248.95438080138626 46.54
103.401912 249.7005877425622 0.0
103.409783 250.44670381378302 97.05
103.417654 251.1927292451598 32.76
103.425525 251.9386642380625 165.85
103.433396 252.68450892034278 89.02
103.441267 253.43026359829724 116.57
103.449138 254.17592840475368 88.2
103.457009 254.92150353957206 392.58
103.46488 255.6669892475163 0.0
103.472751 256.4123856602873 76.58
103.480622 257.1576930557666 0.0
103.488493 257.9029116087675 0.0
103.496365 258.648138409737 250.81
103.504236 259.39317988584634 293.06
103.512107 260.13813311380636 0.0
103.519978 260.8829983409413 0.0
103.527849 261.62777578695335 0.0
103.53572 262.37246558928746 203.66
103.543591 263.1170680788617 248.59
103.551462 263.8615834005791 390.9
103.559333 264.6060117689542 65.32
103.567204 265.35035345162964 0.0
103.575075 266.09460859049443 0.0
103.582946 266.83877748576424 0.0
103.590817 267.5828603286715 0.0
103.598688 268.3268572984424 0.0
103.606559 269.0707687139893 0.0
103.61443 269.81459472191756 0.0
103.622301 270.5583355893239 0.0
103.630172 271.3019915570704 0.0
103.638043 272.0455627736923 49.56
103.645914 272.78904959838667 133.15
103.653785 273.5324521900533 232.94
103.661656 274.27577078004833 0.0
103.669528 275.01910244019336 0.0
103.677399 275.76225375151625 0.0
103.68527 276.505321834775 0.0
103.693141 277.24830690025345 0.0
103.701012 277.99120914067703 0.0
103.708883 278.734028907155 0.0
103.716754 279.47676635882 0.0
103.724625 280.2194217854158 0.0
103.732496 280.9619954523671 64.49
103.740367 281.7044875210489 106.24
103.748238 282.4468983830873 0.0
103.756109 283.1892282137352 21.36
103.76398 283.93147726363424 0.0
103.771851 284.67364585745673 455.74
103.779722 285.4157341625262 22.09
103.787593 286.15774253416186 91.85
103.795464 286.8996712047479 753.83
103.803335 287.64152038255077 0.0
103.811206 288.38329045592803 354.19
103.819077 289.1249815985252 0.0
103.826948 289.8665941261726 0.0
103.834819 290.6081283327765 132.9
103.84269 291.3495843945913 374.18
103.850562 292.09105937025254 0.0
103.858433 292.83236017861907 0.0
103.866304 293.57358373836536 0.0
103.874175 294.31473040973816 36.07
103.882046 295.0558003758957 0.0
103.889917 295.7967940260596 0.0
103.897788 296.5377116184231 0.0
103.905659 297.27855337906436 4.65
103.91353 298.0193197396587 656.06
103.921401 298.7600108907115 0.0
103.929272 299.5006271780461 103.71
103.937143 300.24116892880284 0.0
103.945014 300.98163633652445 442.47
103.952885 301.7220298732806 357.38
103.960756 302.46234975569973 17.46
103.968627 303.2025962822085 0.0
103.976498 303.9427698544169 0.0
103.984369 304.68287067390315 191.79
103.99224 305.4228991690905 138.2
104.000111 306.16285562827494 2.13
104.007982 306.9027402981282 246.62
104.015853 307.64255366071575 0.0
104.023725 308.38239241805144 0.0
104.031596 309.1220639517682 513.95
104.039467 309.86166513486995 55.52
104.047338 310.6011961810563 0.0
104.055209 311.3406576122094 0.0
104.06308 312.08004967119484 0.0
104.070951 312.8193726859798 0.0
104.078822 313.5586271065589 18.1
104.086693 314.2978131560142 575.14
104.094564 315.0369313080853 0.0
104.102435 315.77598188643685 54.24
104.110306 316.5149651614771 163.29
104.118177 317.25388167422676 135.23
104.126048 317.99273165777817 41.97
104.133919 318.7315155328253 0.0
104.14179 319.470233710756 0.0
104.149661 320.2088864288452 699.33
104.157532 320.9474742668533 283.24
104.165403 321.6859974984989 85.84
104.173274 322.4244564860658 1153.11
104.181145 323.1628517361961 255.67
104.189016 323.90118349715823 0.0
104.196887 324.6394522954065 0.0
104.204759 325.37775484856047 0.0
104.21263 326.11589873594244 54.37
104.220501 326.8539809340196 2.26
104.228372 327.59200170281014 56.52
104.236243 328.32996150968637 0.0
104.244114 329.06786081957495 0.0
104.251985 329.8056998974201 96.91
104.259856 330.54347939031135 0.0
104.267727 331.2811996085562 60.85
104.275598 332.01886095428017 0.0
104.283469 332.7564640008834 173.02
104.29134 333.49400902624353 0.0
104.299211 334.2314966181928 0.0
104.307082 334.96892719115226 0.0
104.314953 335.70630107515217 4.22
104.322824 336.4436189617152 147.92
104.330695 337.1808811425638 84.2
104.338566 337.91808813963934 237.72
104.346437 338.65524048103487 49.97
104.354308 339.39233846430085 57.85
104.362179 340.12938281535565 0.0
104.37005 340.86637388787875 0.0
104.377922 341.6034083545364 476.51
104.385793 342.3402944073608 0.0
104.393664 343.0771285955626 71.21
104.401535 343.8139115788408 64.78
104.409406 344.5506438300037 0.0
104.417277 345.2873257165019 0.0
104.425148 346.0239580261785 0.0
104.433019 346.76054108825707 486.7
104.44089 347.49707548854576 0.0
104.448761 348.2335618301969 0.0
104.456632 348.97000044936283 0.0
104.464503 349.706392164442 46.18
104.472374 350.44273738097945 0.0
104.480245 351.1790366023427 43.46
104.488116 351.9152905744121 0.0
104.495987 352.6514996514832 79.22
104.503858 353.3876645778791 77.83
104.511729 354.12378589591356 184.89
104.5196 354.8598640170819 0.0
104.527471 355.59589984356387 8.56
104.535342 356.33189374915213 56.97
104.543213 357.0678463949827 0.0
104.551084 357.80375847358545 507.56
104.558956 358.5397264627565 48.19
104.566827 359.27555908823695 14.74
104.574698 360.0113529239723 94.46
104.582569 360.7471085377115 0.0
104.59044 361.4828267870906 0.0
104.598311 362.218508075847 0.0
104.606182 362.95415324818737 207.71
104.614053 363.6897629298372 3.25
104.621924 364.4253375841353 63.94
104.629795 365.1608782499276 220.26
104.637666 365.89638535426917 33.46
104.645537 366.63185964731207 49.69
104.653408 367.3673019288353 0.0
104.661279 368.10271263585753 17.51
104.66915 368.83809282543865 0.0
104.677021 369.57344304018085 157.49
104.684892 370.30876392426177 83.05
104.692763 371.0440564692145 32.04
104.700634 371.7793211380378 0.0
104.708505 372.5145588937431 60.13
104.716376 373.24977046240286 118.42
104.724247 373.98495636899423 0.0
104.732119 374.7202137959281 34.84
104.73999 375.4553512668874 0.0
104.747861 376.1904656258534 284.57
104.755732 376.92555780186376 710.01
104.763603 377.660628298017 109.98
104.771474 378.39567832569463 99.58
104.779345 379.1307085184143 0.0
104.787216 379.86571961127254 0.0
104.795087 380.60071275745906 0.0
104.802958 381.3356884914343 0.0
104.810829 382.07064791797706 0.0
104.8187 382.8055918849224 0.0
104.826571 383.5405209906211 0.0
104.834442 384.2754366359997 401.32
104.842313 385.0103393894613 85.78
104.850184 385.74523023401485 150.01
104.858055 386.4801102551927 19.94
104.865926 387.21498003606683 159.63
104.873797 387.94984097331087 0.0
104.881668 388.684693811133 0.0
104.889539 389.4195393938319 43.55
104.89741 390.1543790705379 0.0
104.905281 390.88921346242523 0.0
104.913153 391.62413971148453 68.05
104.921024 392.358967075446 186.15
104.928895 393.09379211271494 212.1
104.936766 393.8286164649416 0.0
104.944637 394.56344079464884 0.0
104.952508 395.2982662375378 0.0
104.960379 396.03309407022954 151.78
104.96825 396.76792497322987 216.07
104.976121 397.5027605666524 0.0
104.983992 398.2376017307894 194.74
104.991863 398.9724494415134 0.0
104.999734 399.7073052874251 123.51
105.007605 400.4421699956398 0.0
105.015476 401.17704504767613 0.0
105.023347 401.9119316217316 155.81
105.031218 402.6468305110188 0.0
105.039089 403.38174365130095 162.41
105.04696 404.11667182042083 232.37
105.054831 404.851616339447 0.0
105.062702 405.58657871938266 222.1
105.070573 406.3215597602823 84.59
105.078444 407.05656135399244 181.74
105.086316 407.7916803170494 0.0
105.094187 408.52672624738045 0.0
105.102058 409.2617967977877 0.0
105.109929 409.99689282577236 302.72
105.1178 410.7320160639281 203.57
105.125671 411.4671679155155 0.0
105.133542 412.20234930350745 0.0
105.141413 412.9375625260557 0.0
105.149284 413.6728085033649 136.05
105.157155 414.40808878258434 0.0
105.165026 415.1434051648222 400.33
105.172897 415.8787585979431 68.28
105.180768 416.6141513060104 112.05
105.188639 417.3495845466391 0.0
105.19651 418.0850596516192 94.86
105.204381 418.82057886812873 54.46
105.212252 419.5561432153684 416.75
105.220123 420.2917547343099 21.93
105.227994 421.0274151080512 0.0
105.235865 421.7631254191899 156.37
105.243736 422.4988884149841 0.0
105.251607 423.2347051927658 283.81
105.259478 423.9705775781979 149.92
105.26735 424.7066034112861 0.0
105.275221 425.44259247245975 79.02
105.283092 426.17864306958063 31.03
105.290963 426.91475672297764 825.01
105.298834 427.6509350060277 0.0
105.306705 428.38718062061054 0.0
105.314576 429.1234947881481 0.0
105.322447 429.8598799305727 0.0
105.330318 430.59633808242654 107.16
105.338189 431.33287052357633 256.93
105.34606 432.06948056293186 0.0
105.353931 432.8061695201063 95.76
105.361802 433.5429395658504 0.0
105.369673 434.2797933161406 507.59
105.377544 435.0167321346317 0.0
105.385415 435.75375916435166 0.0
105.393286 436.4908762575141 13.07
105.401157 437.2280852886248 16.17
105.409028 437.9653895309007 15.75
105.416899 438.7027904608837 0.0
105.42477 439.44029097591016 0.0
105.432641 440.17789355460206 0.0
105.440513 440.9156953307439 0.0
105.448384 441.65350911695333 0.0
105.456255 442.39143211128055 0.0
105.464126 443.12946691618 0.0
105.471997 443.867616722191 117.71
105.479868 444.6058831867883 0.0
105.487739 445.3442700908026 0.0
105.49561 446.0827797104152 47.61
105.503481 446.8214142978266 307.82
105.511352 447.5601778512229 311.72
105.519223 448.2990721720623 21.08
105.527094 449.0381007549643 80.0
105.534965 449.77726664568337 0.0
105.542836 450.5165717110112 73.55
105.550707 451.25602080799007 121.08
105.558578 451.9956159264049 330.07
105.566449 452.73536021425303 0.0
105.57432 453.47525759520784 0.0
105.582191 454.2153101031395 0.0
105.590062 454.9555223256424 0.0
105.597933 455.69589708412326 0.0
105.605804 456.4364371103008 209.67
105.613675 457.17714732890636 240.32
105.621547 457.9181255113448 0.0
105.629418 458.6591848267875 53.57
105.637289 459.4004245830576 567.13
105.64516 460.1418470846131 0.0
105.653031 460.88345825797757 308.33
105.660902 461.6252605986943 0.0
105.668773 462.36725794920875 0.0
105.676644 463.1094551784958 0.0
105.684515 463.8518548075665 163.73
105.692386 464.59446245211126 105.07
105.700257 465.3372816428593 0.73
105.708128 466.0803157248573 0.0
105.715999 466.82357081906025 209.78
105.72387 467.56704968782566 526.09
105.731741 468.3107575547608 0.0
105.739612 469.0546991434701 291.51
105.747483 469.7988773284648 0.0
105.755354 470.5432994077866 0.0
105.763225 471.28796854128257 201.81
105.771096 472.03288946571644 0.0
105.778967 472.7780682780418 0.0
105.786838 473.52350813638316 139.41
105.79471 474.2693115054945 104.55
105.802581 475.01529182925407 0.0
105.810452 475.76154873856126 28.03
105.818323 476.50808991134346 0.0
105.826194 477.2549188231147 0.0
105.834065 478.00204195171625 1068.78
105.841936 478.74946526428914 460.27
105.849807 479.4971923859178 1099.92
105.857678 480.2452323865688 0.0
105.865549 480.99358930961876 17.37
105.87342 481.7422690525411 15.47
105.881291 482.49127932376325 0.0
105.889162 483.24062412373195 0.0
105.897033 483.9903121092055 293.54
105.904904 484.74034897281683 300.12
105.912775 485.4907398916583 19.4
105.920646 486.2414945857493 47.18
105.928517 486.99261747720055 128.02
105.936388 487.7441166806623 0.0
105.944259 488.4959998066445 0.0
105.95213 489.2482714791343 259.84
105.960001 490.0009430783415 0.0
105.967873 490.754115365064 0.0
105.975744 491.5076047455443 0.0
105.983615 492.26151653968105 0.0
105.991486 493.01585587335194 0.0
105.999357 493.77063365007433 125.79
106.007228 494.52585720874043 0.0
106.015099 495.28153309645927 118.27
106.02297 496.03767373425734 40.8
106.030841 496.79428481370485 245.44
106.038712 497.5513765996192 290.47
106.046583 498.3089588943311 186.03
106.054454 499.06703766507115 0.0
106.062325 499.82562732082783 0.0
106.070196 500.5847346922716 124.49
106.078067 501.34436921250597 119.89
106.085938 502.10454355357797 115.75
106.093809 502.86526435970717 0.0
106.10168 503.62654549455783 0.0
106.109551 504.38839651032214 0.0
106.117422 505.1508257814761 0.0
106.125293 505.9138493161307 33.76
106.133164 506.67747452355496 11.78
106.141035 507.4417145143749 108.31
106.148907 508.206677619481 0.0
106.156778 508.97218052742835 145.4
106.164649 509.73833714583554 264.63
106.17252 510.5051564902822 0.0
106.180391 511.2726506706048 56.55
106.188262 512.0408361442949 0.0
106.196133 512.8097216201528 0.0
106.204004 513.5793248694191 0.0
106.211875 514.3496584375108 359.39
106.219746 515.1207331476404 572.56
106.227617 515.8925697822621 0.0
106.235488 516.6651780896934 0.0
106.243359 517.4385749508069 0.0
106.25123 518.2127770448382 10.1
106.259101 518.9877946483703 0.0
106.266972 519.7636514076662 322.16
106.274843 520.5403593207994 0.0
106.282714 521.3179340673931 0.0
106.290585 522.09639714647 544.6
106.298456 522.8757600844896 0.0
106.306327 523.6560458016032 0.0
106.314198 524.4372708791701 70.27
106.32207 525.2195451540929 0.0
106.329941 526.0027044074915 469.41
106.337812 526.7868571691375 0.0
106.345683 527.5720252937786 0.0
106.353554 528.3582307161571 28.78
106.361425 529.1454871068163 66.56
106.369296 529.9338249401801 0.0
106.377167 530.7232602732258 0.0
106.385038 531.5138135082559 0.0
106.392909 532.3055127813942 0.0
106.40078 533.0983734486297 0.0
106.408651 533.8924251100927 0.0
106.416522 534.68768973017 0.0
106.424393 535.4841858138415 68.42
106.432264 536.2819486265652 4.44
106.440135 537.0809954077719 42.6
106.448006 537.8813544569476 242.32
106.455877 538.6830545618502 0.0
106.463748 539.4861139698893 56.62
106.471619 540.2905717909597 44.56
106.47949 541.0964494887926 0.0
106.487361 541.9037735805165 0.0
106.495232 542.712580642273 918.69
106.503104 543.5229871017222 0.0
106.510975 544.3348391818436 0.0
106.518846 545.1482615468561 0.0
106.526717 545.9632784000388 219.91
106.534588 546.7799350822988 0.0
106.542459 547.5982544655398 281.61
106.55033 548.4182728055822 521.22
106.558201 549.2400273752212 0.0
106.566072 550.0635423766427 0.0
106.573943 550.888867102532 0.0
106.581814 551.7160298734423 141.87
106.589685 552.5450646692959 98.26
106.597556 553.3760179885141 0.0
106.605427 554.2089167341857 5.21
106.613298 555.0438084119319 226.52
106.621169 555.8807301470861 0.0
106.62904 556.7197130628665 125.68
106.636911 557.5608135184954 165.1
106.644782 558.404061207581 532.27
106.652653 559.2495011529559 2876.54
106.660524 560.0971798485879 102.4
106.668395 560.9471285745915 451.64
106.676267 561.7995030755553 59.7
106.684138 562.6541469333071 0.0
106.692009 563.5111980555869 0.0
106.69988 564.3707124107418 0.0
106.707751 565.2327240217581 0.0
106.715622 566.0972889536928 20.53
106.723493 566.9644521942167 213.99
106.731364 567.8342518911628 14.18
106.739235 568.7067528144189 95.41
106.747106 569.5819913797559 0.0
106.754977 570.4600194365361 0.0
106.762848 571.3408901473077 0.0
106.770719 572.2246413417669 87.42
106.77859 573.1113373722022 0.0
106.786461 574.0010200367913 0.0
106.794332 574.8937362467422 243.34
106.802203 575.7895452344591 0.0
106.810074 576.6884861135966 0.0
106.817945 577.5906164176716 0.0
106.825816 578.4959835723591 703.69
106.833687 579.4046292146437 142.73
106.841558 580.3166147054357 10.47
106.849429 581.2319789696301 328.07
106.857301 582.1508686149624 0.0
106.865172 583.0731389703108 0.0
106.873043 583.9989254668426 0.0
106.880914 584.9282807516379 335.63
106.888785 585.8612435867126 0.0
106.896656 586.797855140996 111.86
106.904527 587.7381588773807 694.06
106.912398 588.6821900510978 0.0
106.920269 589.6299875802047 449.16
106.92814 590.5815847649847 218.27
106.936011 591.5370147744335 344.34
106.943882 592.4963056954898 59.6
106.951753 593.4594856701925 1431.96
106.959624 594.4265791839446 7.12
106.967495 595.3976039170593 450.88
106.975366 596.3725841257215 338.36
106.983237 597.3515245239256 154.81
106.991108 598.3344390656587 808.45
106.998979 599.3213386212418 0.0
107.00685 600.3122116962298 1536.57
107.014721 601.3070688190686 2.5
107.022592 602.3058914885564 1381.38
107.030464 603.3087638197771 36.88
107.038335 604.3154910056634 0.0
107.046206 605.3261130557197 32.38
107.054077 606.3406218408387 118.19
107.061948 607.3589780762702 82.03
107.069819 608.3811247544052 88.66
107.07769 609.4070440082769 0.0
107.085561 610.4366405709686 0.0
107.093432 611.4698703317847 943.31
107.101303 612.5066788570095 0.0
107.109174 613.5469493087686 267.74
107.117045 614.5906389819461 211.44
107.124916 615.6376273312536 114.4
107.132787 616.6878164865234 494.47
107.140658 617.7411459175163 625.98
107.148529 618.7974245053497 1268.71
107.1564 619.8565832061477 1467.84
107.164271 620.9184873422512 7.14
107.172142 621.9829734074556 312.21
107.180013 623.0499605450497 0.0
107.187884 624.1192267015547 232.44
107.195755 625.1906522813957 0.0
107.203626 626.2641031163014 0.0
107.211498 627.339442919338 0.0
107.219369 628.4163718864869 364.78
107.22724 629.4947654645779 40.35
107.235111 630.5744442893564 373.5
107.242982 631.6552908475815 0.0
107.250853 632.7370023581256 95.67
107.258724 633.8194613380434 47.56
107.266595 634.902464116285 31.89
107.274466 635.9857766232727 30.18
107.282337 637.0692782070355 201.33
107.290208 638.1526802853907 279.92
107.298079 639.2358270803884 0.0
107.30595 640.3185515007057 3315.4
107.313821 641.4005783970266 3351.48
107.321692 642.4817888140641 479.14
107.329563 643.5619410134583 223.22
107.337434 644.6408470055412 1054.68
107.345305 645.7183880017631 1582.38
107.353176 646.7942679553186 434.95
107.361047 647.8683805388382 129.0
107.368918 648.9405431099257 105.63
107.376789 650.0105528685239 366.61
107.384661 651.078411620742 34.7
107.392532 652.143688620236 318.41
107.400403 653.2063671977555 0.0
107.408274 654.2663270559557 0.0
107.416145 655.3233694378804 754.81
107.424016 656.3774209133832 165.24
107.431887 657.4283226059052 0.0
107.439758 658.4759596956897 104.5
107.447629 659.5202690717402 471.29
107.4555 660.5610730914003 209.43
107.463371 661.5983247806548 44.42
107.471242 662.6319312813063 0.0
107.479113 663.6617921987292 78.97
107.486984 664.6878724319444 0.0
107.494855 665.7100645194599 776.96
107.502726 666.7283289295729 328.54
107.510597 667.7426257257222 277.53
107.518468 668.7528786950733 160.67
107.526339 669.7590766657286 111.16
107.53421 670.7611703356476 1454.02
107.542081 671.7591339671678 570.45
107.549952 672.7529652768303 1806.42
107.557823 673.7426178544601 76.13
107.565695 674.728199858256 0.0
107.573566 675.7095035962687 1174.23
107.581437 676.6866221446352 52.06
107.589308 677.6595707206683 1406.4
107.597179 678.6283454401927 993.39
107.60505 679.5929641565898 1667.75
107.612921 680.5534447163428 842.02
107.620792 681.5098007605869 1895.54
107.628663 682.4620598520297 256.07
107.636534 683.4102449601951 196.4
107.644405 684.3543856804384 729.22
107.652276 685.2945129030076 1577.32
107.660147 686.2306606071301 147.6
107.668018 687.1628642359321 503.75
107.675889 688.0911606660306 670.5
107.68376 689.0155919734738 0.0
107.691631 689.9361950868977 545.27
107.699502 690.8530173644289 108.4
107.707373 691.7661009854496 961.07
107.715244 692.6754872013984 0.0
107.723115 693.5812299391104 0.0
107.730986 694.4833689550406 824.83
107.738858 695.3820558617585 1150.6
107.746729 696.2771392696801 181.18
107.7546 697.1687593052062 329.04
107.762471 698.056979591955 228.1
107.770342 698.9418406993024 82.26
107.778213 699.8233919170468 240.32
107.786084 700.7016894149176 19.97
107.793955 701.5767724171919 0.0
107.801826 702.448701611305 152.59
107.809697 703.3175221335999 0.0
107.817568 704.1832773394642 0.0
107.825439 705.0460292298599 56.96
107.83331 705.9058154366285 0.0
107.841181 706.7626902042012 35.66
107.849052 707.6167029666948 577.58
107.856923 708.4678898702068 0.0
107.864794 709.3163161217285 0.0
107.872665 710.1620176905836 86.8
107.880536 711.0050405651378 686.84
107.888407 711.8454378481234 553.97
107.896278 712.6832431578135 431.36
107.904149 713.5185128149861 618.32
107.912021 714.3513866632662 1901.61
107.919892 715.1817004270123 163.61
107.927763 716.0096109200999 497.16
107.935634 716.8351489596171 779.17
107.943505 717.6583614852145 121.79
107.951376 718.4792906628238 0.0
107.959247 719.2979657235842 536.73
107.967118 720.1144427900424 0.0
107.974989 720.9287507603464 0.0
107.98286 721.7409273955262 121.89
107.990731 722.5510170940146 904.44
107.998602 723.3590463009438 171.63
108.006473 724.165061488897 85.37
108.014344 724.9690942087753 220.35
108.022215 725.7711736486311 220.89
108.030086 726.5713458066143 49.33
108.037957 727.3696344557115 0.0
108.045828 728.1660770934005 0.0
108.053699 728.9607073826232 0.0
108.06157 729.7535477839431 1.23
108.069441 730.5446432488742 64.44
108.077312 731.3340160765239 11.7
108.085183 732.121695647726 41.73
108.093055 732.9078178719413 203.85
108.100926 733.6922012871835 243.71
108.108797 734.4749832471309 0.0
108.116668 735.2561882323015 310.74
108.124539 736.0358384300931 0.0
108.13241 736.8139701518248 0.0
108.140281 737.5906013230245 0.0
108.148152 738.3657608927292 31.64
108.156023 739.1394750229425 11.5
108.163894 739.9117606478504 127.73
108.171765 740.6826526777485 81.0
108.179636 741.452168096296 187.65
108.187507 742.2203292702253 83.83
108.195378 742.9871635910021 256.56
108.203249 743.7526861536168 0.0
108.21112 744.5169250055153 204.21
108.218991 745.2798989294174 64.93
108.226862 746.041624594961 23.93
108.234733 746.8021302235259 473.04
108.242604 747.5614292658951 0.0
108.250475 748.319543802716 479.25
108.258346 749.0764939958949 0.0
108.266218 749.8323932394763 1244.97
108.274089 750.587066872639 0.0
108.28196 751.3406286442105 714.41
108.289831 752.0930954837047 625.57
108.297702 752.8444885674302 116.23
108.305573 753.5948192488706 319.42
108.313444 754.3441089759905 76.53
108.321315 755.0923721669366 7.63
108.329186 755.8396213387057 0.0
108.337057 756.5858783624955 242.71
108.344928 757.3311533731456 0.0
108.352799 758.0754631905223 0.0
108.36067 758.8188233746957 0.0
108.368541 759.561243539068 287.75
108.376412 760.3027442679391 0.0
108.384283 761.0433354743012 29.45
108.392154 761.7830300062427 81.04
108.400025 762.5218442723386 0.0
108.407896 763.2597868721249 0.0
108.415767 763.9968742448161 26.93
108.423638 764.7331175233146 96.74
108.431509 765.4685261611941 153.09
108.43938 766.2031171662171 0.0
108.447252 766.9369987983569 0.0
108.455123 767.6699827076914 200.62
108.462994 768.4021816436389 0.0
108.470865 769.1336029319142 142.63
108.478736 769.8642624432389 467.21
108.486607 770.5941678505935 1443.72
108.494478 771.3233289685153 63.6
108.502349 772.0517585960511 109.9
108.51022 772.7794633117311 0.0
108.518091 773.5064557924794 242.97
108.525962 774.2327447129709 244.31
108.533833 774.9583372728763 70.67
108.541704 775.6832467913567 0.0
108.549575 776.4074791851693 0.0
108.557446 777.131044381809 0.0
108.565317 777.8539518435279 219.36
108.573188 778.5762072129098 0.0
108.581059 779.2978228178115 0.0
108.58893 780.0188046617287 0.0
108.596801 780.7391603098029 156.49
108.604672 781.4588998297684 0.0
108.612543 782.1780283107009 0.0
108.620415 782.896656004411 0.0
108.628286 783.6145888659357 137.11
108.636157 784.3319329125336 11.93
108.644028 785.0486986645699 0.0
108.651899 785.7648907195249 0.0
108.65977 786.4805168022668 0.0
108.667641 787.1955843961548 0.0
108.675512 787.9100978970389 0.0
108.683383 788.6240669629176 436.45
108.691254 789.3374963460335 0.0
108.699125 790.0503919336211 519.57
108.706996 790.7627617211604 859.14
108.714867 791.4746096910518 0.0
108.722738 792.1859435787453 208.62
108.730609 792.8967688147605 0.0
108.73848 793.6070897044303 0.0
108.746351 794.316914633848 0.0
108.754222 795.0262472169455 0.0
108.762093 795.735093523665 0.0
108.769964 796.4434595309376 0.85
108.777835 797.1513487026755 0.0
108.785706 797.8587686761372 276.47
108.793577 798.5657232547 0.0
108.801449 799.2723172510654 229.78
108.80932 799.9783566394623 0.0
108.817191 800.6839448250042 79.61
108.825062 801.3890879352318 0.0
108.832933 802.0937903353517 0.0
108.840804 802.7980554066454 102.38
108.848675 803.5018898981527 0.0
108.856546 804.2052966828594 34.26
108.864417 804.9082805758795 144.13
108.872288 805.6108463994561 302.35
108.880159 806.3129969136098 0.0
108.88803 807.0147382131986 83.38
108.895901 807.7160733761096 162.31
108.903772 808.4170060765813 46.33
108.911643 809.1175415047443 29.06
108.919514 809.8176821829171 126.29
108.927385 810.5174330114381 0.0
108.935256 811.2167975341713 0.0
108.943127 811.9157784344129 0.0
108.950998 812.6143811937567 65.11
108.958869 813.3126081209826 31.79
108.96674 814.0104630728216 0.0
108.974612 814.7080499371411 0.0
108.982483 815.4051709593332 142.31
108.990354 816.1019310655984 65.19
108.998225 816.7983327724892 123.25
109.006096 817.4943790248248 51.84
109.013967 818.1900740637767 0.0
109.021838 818.8854199289525 0.0
109.029709 819.5804205745968 0.0
109.03758 820.275078906292 0.0
109.045451 820.9693970736732 0.0
109.053322 821.6633795696732 0.0
109.061193 822.3570282687746 0.0
109.069064 823.0503462879032 0.0
109.076935 823.7433368562702 0.0
109.084806 824.4360017820044 0.0
109.092677 825.128345053526 57.52
109.100548 825.8203687479925 74.26
109.108419 826.5120752478784 94.15
109.11629 827.2034680493188 9.07
109.124161 827.8945488179967 224.53
109.132032 828.5853207732744 383.09
109.139903 829.2757863188605 1193.93
109.147774 829.9659471933542 319.99
109.155646 830.6559068202358 0.0
109.163517 831.3454672679178 276.41
109.171388 832.0347308367205 1.67
109.179259 832.7237002049673 0.0
109.18713 833.4123768576442 239.21
109.195001 834.1007640625404 216.58
109.202872 834.7888635502813 0.0
109.210743 835.476677264882 0.0
109.218614 836.164208113169 0.0
109.226485 836.8514574682005 76.89
109.234356 837.5384279726131 41.47
109.242227 838.2251216325933 0.0
109.250098 838.9115398663209 0.0
109.257969 839.597685769371 26.63
109.26584 840.2835606130692 135.21
109.273711 840.9691664867635 0.0
109.281582 841.6545056299883 179.53
109.289453 842.3395792733695 0.0
109.297324 843.0243901161516 0.0
109.305195 843.7089396122986 0.0
109.313066 844.3932293616034 0.0
109.320937 845.0772617999812 0.0
109.328809 845.7611375298078 115.72
109.33668 846.4446597729308 0.0
109.344551 847.1279297219395 0.0
109.352422 847.8109485433001 0.0
109.360293 848.4937188372678 81.71
109.368164 849.1762416647097 132.49
109.376035 849.8585187567897 675.12
109.383906 850.5405520011749 0.0
109.391777 851.2223424263764 0.0
109.399648 851.9038922787313 11.55
109.407519 852.5852027899388 0.0
109.41539 853.2662752866074 0.0
109.423261 853.9471118258309 258.43
109.431132 854.627713365086 103.13
109.439003 855.3080817274194 178.18
109.446874 855.988218343978 0.0
109.454745 856.6681241820522 60.64
109.462616 857.3478014416594 54.69
109.470487 858.0272510152586 0.0
109.478358 858.7064743482516 0.0
109.486229 859.3854730432786 101.58
109.4941 860.0642479668409 100.47
109.501971 860.7428010021574 59.09
109.509843 861.4212323943315 0.0
109.517714 862.0993448241314 0.0
109.525585 862.7772392749866 0.0
109.533456 863.4549165560722 211.27
109.541327 864.1323781980644 0.0
109.549198 864.8096254233163 72.13
109.557069 865.4866590397357 368.48
109.56494 866.1634809219318 582.7
109.572811 866.840091826451 0.0
109.580682 867.5164929684776 0.0
109.588553 868.1926857184297 0.0
109.596424 868.8686708118549 21.79
109.604295 869.5444498381992 184.64
109.612166 870.2200237010348 146.83
109.620037 870.8953933330475 21.18
109.627908 871.5705602323424 246.48
109.635779 872.2455250878558 0.0
109.64365 872.9202891937317 0.0
109.651521 873.594853600965 171.31
109.659392 874.2692189893534 76.32
109.667263 874.9433869665983 0.0
109.675134 875.617358178708 0.0
109.683006 876.2912325904497 0.0
109.690877 876.9648134726666 0.0
109.698748 877.6382004270046 42.99
109.706619 878.311394803732 0.0
109.71449 878.9843973848525 0.0
109.722361 879.6572089603978 0.0
109.730232 880.3298308215284 0.0
109.738103 881.0022635589446 0.0
109.745974 881.674508273729 6.02
109.753845 882.3465658755883 0.0
109.761716 883.0184369402506 0.0
109.769587 883.6901228553417 0.0
109.777458 884.3616241762949 0.0
109.785329 885.0329417794496 0.0
109.7932 885.7040766864523 0.0
109.801071 886.3750294386696 0.0
109.808942 887.0458011904907 94.02
109.816813 887.7163926228783 0.0
109.824684 888.3868044094912 116.27
109.832555 889.0570376698134 19.8
109.840426 889.7270929137136 0.0
109.848297 890.3969710839561 189.54
109.856169 891.0667716497362 0.0
109.86404 891.7362977201508 123.75
109.871911 892.4056491982973 0.0
109.879782 893.0748265713803 38.01
109.887653 893.7438305905142 0.0
109.895524 894.4126621459794 17.58
109.903395 895.0813217068389 0.0
109.911266 895.7498102657571 216.77
109.919137 896.4181284194531 209.83
109.927008 897.0862767457603 68.34
109.934879 897.7542562211319 0.0
109.94275 898.4220672884801 0.0
109.950621 899.0897107596602 116.7
109.958492 899.7571873286271 0.0
109.966363 900.42449742782 411.97
109.974234 901.0916420864766 0.0
109.982105 901.7586217346203 0.0
109.989976 902.4254370199616 17.27
109.997847 903.0920887226316 0.0
110.005718 903.7585772515808 0.0
110.013589 904.4249034654035 101.61
110.02146 905.0910678899016 0.0
110.029331 905.757071023772 233.94
110.037203 906.4230121296549 42.2
110.045074 907.0886947500177 0.0
110.052945 907.7542180264351 0.0
110.060816 908.419582570268 602.3
110.068687 909.0847887598729 0.0
110.076558 909.7498374888752 0.0
110.084429 910.414729139095 0.0
110.0923 911.0794642721459 0.0
110.100171 911.7440435755028 0.0
110.108042 912.4084674078334 424.84
110.115913 913.0727365157553 0.0
110.123784 913.7368513652457 0.0
110.131655 914.4008123890657 467.58
110.139526 915.0646203423751 0.0
110.147397 915.7282755654973 40.58
110.155268 916.3917786707888 90.2
110.163139 917.0551301996571 301.0
110.17101 917.7183304850811 23.38
110.178881 918.3813803071729 317.99
110.186752 919.044280006708 424.61
110.194623 919.7070300734111 0.0
110.202494 920.3696311162136 392.86
110.210366 921.0321815998506 18.25
110.218237 921.6944858498651 0.0
110.226108 922.3566424603164 0.0
110.233979 923.0186518088221 6.94
110.24185 923.6805145647614 0.0
110.249721 924.3422310290326 308.86
110.257592 925.0038017376969 0.0
110.265463 925.6652271728017 0.0
110.273334 926.3265076290381 790.52
110.281205 926.9876437908583 38.28
110.289076 927.6486359640842 0.0
110.296947 928.3094845779411 279.83
110.304818 928.9701901746348 316.37
110.312689 929.6307530348081 228.36
110.32056 930.2911737320514 0.0
110.328431 930.9514526380764 0.0
110.336302 931.6115900842306 0.0
110.344173 932.2715866667637 299.07
110.352044 932.9314426531781 28.66
110.359915 933.591158515238 0.0
110.367786 934.250734684232 0.0
110.375657 934.9101714223895 590.37
110.383528 935.5694693333279 0.0
110.3914 936.2287265731479 0.0
110.399271 936.8877477302066 0.0
110.407142 937.5466311992282 0.0
110.415013 938.2053772304894 73.83
110.422884 938.8639863305345 0.0
110.430755 939.5224588338967 0.0
110.438626 940.1807950327757 415.88
110.446497 940.8389954609527 136.56
110.454368 941.4970603575049 0.0
110.462239 942.1549901396378 1.72
110.47011 942.8127851951837 281.35
110.477981 943.4704457587197 146.57
110.485852 944.1279723651294 0.0
110.493723 944.7853652643494 83.52
110.501594 945.4426247912824 198.18
110.509465 946.099751382132 231.57
110.517336 946.7567452612651 0.0
110.525207 947.4136068782819 466.22
110.533078 948.0703365356494 312.44
110.540949 948.7269344924315 368.41
110.54882 949.3834012287062 12.01
110.556691 950.0397369592563 59.58
110.564563 950.6960396810002 70.75
110.572434 951.3521144640878 0.0
110.580305 952.0080591736547 0.0
110.588176 952.6638742859584 119.95
110.596047 953.3195600286034 100.42
110.603918 953.9751166996137 635.23
110.611789 954.6305446930675 0.0
110.61966 955.2858442111369 0.0
110.627531 955.9410156547511 0.0
110.635402 956.5960592987323 0.0
110.643273 957.2509753738735 36.68
110.651144 957.9057643140336 0.0
110.659015 958.5604263131522 326.14
110.666886 959.2149617024027 0.0
110.674757 959.8693707998361 0.0
110.682628 960.5236537960858 0.0
110.690499 961.1778111172786 0.0
110.69837 961.8318429715957 0.0
110.706241 962.4857496255937 151.29
110.714112 963.1395314368988 0.0
110.721983 963.7931885886053 0.0
110.729854 964.4467214399933 0.0
110.737725 965.1001302418813 0.0
110.745597 965.7535125637914 0.0
110.753468 966.4066740468121 0.0
110.761339 967.0597122569218 0.0
110.76921 967.7126274912827 0.0
110.777081 968.3654200399595 0.0
110.784952 969.0180900760931 0.0
110.792823 969.6706379827017 0.0
110.800694 970.3230639511227 0.0
110.808565 970.9753682208733 0.0
110.816436 971.6275511180479 0.0
110.824307 972.2796128092782 0.0
110.832178 972.9315536179982 0.0
110.840049 973.5833737742197 0.0
110.84792 974.235073463886 0.0
110.855791 974.8866530462279 0.0
110.863662 975.5381126817424 0.0
110.871533 976.1894526383927 0.0
110.879404 976.8406731818861 0.0
110.887275 977.4917744702459 0.0
110.895146 978.1427568494037 0.0
110.903017 978.7936204959623 0.0
110.910888 979.4443656262167 0.0
110.91876 980.0950896525894 0.0
110.926631 980.7455984737207 0.0
110.934502 981.3959895221949 0.0
110.942373 982.0462630098967 0.0
110.950244 982.6964191049284 0.0
110.958115 983.3464581364481 0.0
110.965986 983.9963802515198 0.0
110.973857 984.6461856928877 0.0
110.981728 985.2958747050984 0.0
110.989599 985.94544743307 0.0
110.99747 986.5949041906704 0.0
111.005341 987.244245141661 0.0
111.013212 987.8934704822714 0.0
111.021083 988.5425804873369 0.0
111.028954 989.1915752968823 0.0
111.036825 989.8404551767952 0.0
111.044696 990.4892203231082 0.0
111.052567 991.1378708885707 0.0
111.060438 991.7864071761284 0.0
111.068309 992.4348293211873 0.0
111.07618 993.0831375447234 0.0
111.084051 993.7313320727982 0.0
111.091922 994.3794130389507 0.0
111.099794 995.027477585592 0.0
111.107665 995.675332127207 0.0
111.115536 996.323073724462 0.0
111.123407 996.970702631419 0.0
111.131278 997.6182189773658 0.0
111.139149 998.265623005071 0.0
111.14702 998.912914896751 0.0
111.154891 999.5600947918459 0.0
111.162762 1000.2071629704927 0.0
111.170633 1000.8541195579603 0.0
111.178504 1001.5009647563332 0.0
111.186375 1002.1476987755709 0.0
111.194246 1002.7943217393164 0.0
111.202117 1003.4408339096436 0.0
111.209988 1004.0872354292237 0.0
111.217859 1004.7335264619217 0.0
111.22573 1005.3797072436519 0.0
111.233601 1006.0257778943514 0.0
111.241472 1006.6717386367685 0.0
111.249343 1007.3175896410179 0.0
111.257214 1007.963331035029 0.0
111.265085 1008.608963079028 0.0
111.272957 1009.2545825023699 0.0
111.280828 1009.8999962400892 0.0
111.288699 1010.5453011258745 0.0
111.29657 1011.1904972747417 0.0
111.304441 1011.8355849278703 0.0
111.312312 1012.4805642193293 0.0
111.320183 1013.1254352999218 0.0
111.328054 1013.7701983897697 0.0
111.335925 1014.4148536006601 0.0
111.343796 1015.0594011379219 0.0
111.351667 1015.7038411611322 0.0
111.359538 1016.3481737881905 0.0
111.367409 1016.9923992620038 0.0
111.37528 1017.6365176913088 0.0
111.383151 1018.2805292475844 0.0
111.391022 1018.9244341144545 0.0
111.398893 1019.5682323994126 0.0
111.406764 1020.2119243255194 0.0
111.414635 1020.8555100192903 0.0
111.422506 1021.4989896202111 0.0
111.430377 1022.1423633346081 0.0
111.438248 1022.7856312671656 0.0
111.446119 1023.4287936081074 0.0
111.453991 1024.071946869395 0.0
111.461862 1024.7148984127798 0.0
111.469733 1025.3577448519463 0.0
111.477604 1026.0004862889155 0.0
111.485475 1026.6431228827942 0.0
111.493346 1027.2856548065276 0.0
111.501217 1027.9280821610548 0.0
111.509088 1028.5704051536677 0.0
111.516959 1029.2126239043164 0.0
111.52483 1029.8547385426218 0.0
111.532701 1030.496749262939 0.0
111.540572 1031.1386561637576 0.0
111.548443 1031.7804594221589 0.0
111.556314 1032.4221591804835 0.0
111.564185 1033.0637555403573 0.0
111.572056 1033.7052487164844 0.0
111.579927 1034.3466388050406 0.0
111.587798 1034.987925954403 0.0
111.595669 1035.6291103282142 0.0
111.60354 1036.2701920217105 0.0
111.611411 1036.9111712285198 0.0
111.619282 1037.5520480628618 0.0
111.627154 1038.1929187700466 0.0
111.635025 1038.8335912618545 0.0
111.642896 1039.4741617793507 0.0
111.650767 1040.114630488204 0.0
111.658638 1040.7549975238157 0.0
111.666509 1041.3952629812077 0.0
111.67438 1042.0354270637488 0.0
111.682251 1042.6754898625377 0.0
111.690122 1043.315451516612 0.0
111.697993 1043.9553121815966 0.0
111.705864 1044.5950719477705 0.0
111.713735 1045.2347309968945 0.0
111.721606 1045.874289438264 0.0
111.729477 1046.5137473854898 0.0
111.737348 1047.1531050135695 0.0
111.745219 1047.792362410938 0.0
111.75309 1048.4315197333954 0.0
111.760961 1049.0705771103462 0.0
111.768832 1049.7095346310848 0.0
111.776703 1050.348392489211 0.0
111.784574 1050.987150771423 0.0
111.792445 1051.6258096086838 0.0
111.800316 1052.2643691497144 0.0
111.808188 1052.9029253597853 0.0
111.816059 1053.5412866287006 0.0
111.82393 1054.179548963985 0.0
111.831801 1054.8177124727792 0.0
111.839672 1055.4557773224246 0.0
111.847543 1056.0937435973142 0.0
111.855414 1056.7316114447094 0.0
111.863285 1057.369380988913 0.0
111.871156 1058.007052314215 0.0
111.879027 1058.6446256059087 0.0
111.886898 1059.2821009468935 0.0
111.894769 1059.919478461143 0.0
111.90264 1060.5567582915237 0.0
111.910511 1061.1939405203184 0.0
111.918382 1061.8310253102552 0.0
111.926253 1062.4680127628023 0.0
111.934124 1063.1049029795286 0.0
111.941995 1063.7416961212691 0.0
111.949866 1064.3783922689445 0.0
111.957737 1065.014991562503 0.0
111.965608 1065.6514941219211 0.0
111.973479 1066.2879000275573 0.0
111.981351 1066.9243051048875 0.0
111.989222 1067.560518115318 0.0
111.997093 1068.1966348474991 0.0
112.004964 1068.832655439381 0.0
112.012835 1069.46857997009 0.0
112.020706 1070.1044085948297 0.0
112.028577 1070.7401414120832 0.0
112.036448 1071.3757785186094 0.0
112.044319 1072.011320069834 0.0
112.05219 1072.6467661437264 0.0
112.060061 1073.2821168739733 0.0
112.067932 1073.9173723769875 0.0
112.075803 1074.5525327302632 0.0
112.083674 1075.1875981037383 0.0
112.091545 1075.8225685755758 0.0
112.099416 1076.4574442586363 0.0
112.107287 1077.092225286818 0.0
112.115158 1077.7269117365768 0.0
112.123029 1078.3615037567718 0.0
112.1309 1078.996001443448 0.0
112.138771 1079.6304048892646 0.0
112.146642 1080.2647142452224 0.0
112.154514 1080.8990250064398 0.0
112.162385 1081.5331464398441 0.0
112.170256 1082.1671741008554 0.0
112.178127 1082.8011080645658 0.0
112.185998 1083.4349484945858 0.0
112.193869 1084.0686954676135 0.0
112.20174 1084.7023490921708 0.0
112.209611 1085.3359094989496 0.0
112.217482 1085.9693767621864 0.0
112.225353 1086.602751025428 0.0
112.233224 1087.2360323828398 0.0
112.241095 1087.8692209235837 0.0
112.248966 1088.5023167952054 0.0
112.256837 1089.135320071156 0.0
112.264708 1089.7682308754424 0.0
112.272579 1090.4010493193925 0.0
112.28045 1091.033775476128 0.0
112.288321 1091.666409504088 0.0
112.296192 1092.2989514788708 0.0
112.304063 1092.9314015054056 0.0
112.311934 1093.5637597119373 0.0
112.319805 1094.1960261709016 0.0
112.327676 1094.8282010215275 0.0
112.335548 1095.4603795405906 0.0
112.343419 1096.0923714245591 0.0
112.35129 1096.7242720242168 0.0
112.359161 1097.356081411375 0.0
112.367032 1097.9877997064566 0.0
112.374903 1098.6194270192182 0.0
112.382774 1099.250963421209 0.0
112.390645 1099.882409066739 0.0
112.398516 1100.5137640306943 0.0
112.406387 1101.1450284150644 0.0
112.414258 1101.776202346417 0.0
112.422129 1102.4072858957768 0.0
112.43 1103.0382791989439 0.0
112.437871 1103.669182347812 0.0
112.445742 1104.299995426246 0.0
112.453613 1104.9307185775176 0.0
112.461484 1105.5613518721912 0.0
112.469355 1106.1918954278733 0.0
112.477226 1106.8223493533505 0.0
112.485097 1107.4527137189868 0.0
112.492968 1108.0829886759598 0.0
112.500839 1108.7131742988058 0.0
112.508711 1109.3433656487828 0.0
112.516582 1109.9733729069856 0.0
112.524453 1110.603291126369 0.0
112.532324 1111.233120440144 0.0
112.540195 1111.862860939822 0.0
112.548066 1112.4925127073566 0.0
112.555937 1113.1220758851669 0.0
112.563808 1113.751550542941 0.0
112.571679 1114.3809367961653 0.0
112.57955 1115.0102347532777 0.0
112.587421 1115.6394444838293 0.0
112.595292 1116.2685661367782 0.0
112.603163 1116.897599786709 0.0
112.611034 1117.526545531558 0.0
112.618905 1118.1554034967078 0.0
112.626776 1118.7841737514866 0.0
112.634647 1119.4128564273356 0.0
112.642518 1120.0414516158628 0.0
112.650389 1120.6699593975798 0.0
112.65826 1121.2983799148783 0.0
112.666131 1121.926713236925 0.0
112.674002 1122.5549594777804 0.0
112.681873 1123.1831187461298 0.0
112.689745 1123.811285843184 0.0
112.697616 1124.4392714314326 0.0
112.705487 1125.0671703389457 0.0
112.713358 1125.6949826624634 0.0
112.721229 1126.3226803819869 0.0
112.7291 1126.950262388774 0.0
112.736971 1127.5777581316504 0.0
112.744842 1128.205167700265 0.0
112.752713 1128.832491174775 0.0
112.760584 1129.4597286935832 0.0
112.768455 1130.0868803234334 0.0
112.776326 1130.713946180882 0.0
112.784197 1131.340926368059 0.0
112.792068 1131.9678209527162 0.0
112.799939 1132.594630085915 0.0
112.80781 1133.221353834432 0.0
112.815681 1133.847992302547 0.0
112.823552 1134.474545605028 0.0
112.831423 1135.101013808644 0.0
112.839294 1135.7273970544245 0.0
112.847165 1136.3536954206852 0.0
112.855036 1136.9799089994206 0.0
112.862908 1137.6061324336524 0.0
112.870779 1138.232176738896 0.0
112.87865 1138.8581365800317 0.0
112.886521 1139.4840120481426 0.0
112.894392 1140.109803222877 0.0
112.902263 1140.735510244907 0.0
112.910134 1141.36113318128 0.0
112.918005 1141.9866721487897 0.0
112.925876 1142.612127251479 0.0
112.933747 1143.2374985565878 0.0
112.941618 1143.8627862181115 0.0
112.949489 1144.4879903033209 0.0
112.95736 1145.113110916829 0.0
112.965231 1145.7381481758853 0.0
112.973102 1146.3631021478311 0.0
112.980973 1146.98797297504 0.0
112.988844 1147.6127607376868 0.0
112.996715 1148.2374655281085 0.0
113.004586 1148.862087477046 0.0
113.012457 1149.4866266521442 0.0
113.020328 1150.111083183791 0.0
113.028199 1150.7354571654755 0.0
113.03607 1151.3597486771287 0.0
113.043942 1151.9840521551748 0.0
113.051813 1152.608179063793 0.0
113.059684 1153.2322238332422 0.0
113.067555 1153.8561865706456 0.0
113.075426 1154.4800673441387 0.0
113.083297 1155.1038663108827 0.0
113.091168 1155.727583540098 0.0
113.099039 1156.351219137818 0.0
113.10691 1156.9747732251294 0.0
113.114781 1157.59824587061 0.0
113.122652 1158.2216372195592 0.0
113.130523 1158.8449473548974 0.0
113.138394 1159.468176370236 0.0
113.146265 1160.0913244010067 0.0
113.154136 1160.7143915162915 0.0
113.162007 1161.337377849366 0.0
113.169878 1161.960283497218 0.0
113.177749 1162.5831085408129 0.0
113.18562 1163.2058531303542 0.0
113.193491 1163.8285173354918 0.0
113.201362 1164.4511012772787 0.0
113.209233 1165.0736050671749 0.0
113.217105 1165.6961228559223 0.0
113.224976 1166.3184666239263 0.0
113.232847 1166.9407305438533 0.0
113.240718 1167.5629147242764 0.0
113.248589 1168.185019291599 0.0
113.25646 1168.8070443163328 0.0
113.264331 1169.4289899483529 0.0
113.272202 1170.0508562743062 0.0
113.280073 1170.6726433900349 0.0
113.287944 1171.2943514373558 0.0
113.295815 1171.9159804875028 0.0
113.303686 1172.5375306781377 0.0
113.311557 1173.159002110935 0.0
113.319428 1173.780394868687 504.78
113.327299 1174.4017091091666 9.66
113.33517 1175.0229449043986 0.0
113.343041 1175.6441023795396 0.0
113.350912 1176.26518165181 0.0
113.358783 1176.8861827935268 86.49
113.366654 1177.5071059731458 0.0
113.374525 1178.1279512664826 0.0
113.382396 1178.748718785856 0.0
113.390267 1179.3694086646026 232.45
113.398139 1179.9901148391784 0.0
113.40601 1180.6106497200938 429.8
113.413881 1181.231107281305 68.81
113.421752 1181.8514876218985 102.85
113.429623 1182.4717908919652 0.0
113.437494 1183.0920171656662 0.0
113.445365 1183.712166586672 0.0
113.453236 1184.3322392626735 0.0
113.461107 1184.9522352791225 189.07
113.468978 1185.5721548035146 284.49
113.476849 1186.1919979110487 24.99
113.48472 1186.8117647324439 281.54
113.492591 1187.4314553922636 92.76
113.500462 1188.051069966097 261.4
113.508333 1188.6706086310949 0.0
113.516204 1189.2900714678124 0.0
113.524075 1189.9094585935763 0.0
113.531946 1190.5287701505274 192.86
113.539817 1191.1480062154028 171.29
113.547688 1191.767166952739 0.0
113.555559 1192.386252460053 0.0
113.56343 1193.0052628407973 0.0
113.571302 1193.6242919133258 0.0
113.579173 1194.243152421082 0.0
113.587044 1194.8619381921915 147.33
113.594915 1195.4806493418844 172.5
113.602786 1196.0992859591856 82.33
113.610657 1196.717848223749 0.0
113.618528 1197.3363362148598 0.0
113.626399 1197.9547500703961 382.58
113.63427 1198.5730899240784 137.91
113.642141 1199.191355855697 0.0
113.650012 1199.8095480534196 0.0
113.657883 1200.4276666037017 0.0
113.665754 1201.0457116302966 263.72
113.673625 1201.663683286273 0.0
113.681496 1202.2815816528655 0.0
113.689367 1202.8994069050611 25.17
113.697238 1203.517159147904 0.0
113.705109 1204.1348384904102 0.0
113.71298 1204.7524451059269 322.96
113.720851 1205.3699790772237 0.0
113.728722 1205.9874405655373 45.4
113.736593 1206.6048296953945 48.98
113.744464 1207.2221465604114 48.3
113.752336 1207.8394848013024 184.96
113.760207 1208.4566575920048 0.0
113.768078 1209.073758543756 0.0
113.775949 1209.6907878015554 59.76
113.78382 1210.307745450447 0.0
113.791691 1210.9246316922483 0.0
113.799562 1211.5414466206964 0.0
113.807433 1212.158190367554 0.0
113.815304 1212.7748630993106 0.0
113.823175 1213.3914649027972 0.0
113.831046 1214.0079959659085 213.34
113.838917 1214.624456402941 240.08
113.846788 1215.2408463298393 76.79
113.854659 1215.857165935702 0.0
113.86253 1216.4734153092584 0.0
113.870401 1217.089594623774 0.0
113.878272 1217.7057040151903 44.1
113.886143 1218.3217435828171 161.43
113.894014 1218.9377135395648 0.0
113.901885 1219.5536139761764 775.44
113.909756 1220.1694450505215 0.0
113.917627 1220.7852069213502 0.0
113.925499 1221.4009929265346 93.6
113.93337 1222.0166167741472 0.0
113.941241 1222.6321718309646 100.98
113.949112 1223.2476582385832 0.0
113.956983 1223.8630761798547 154.4
113.964854 1224.4784257484935 17.37
113.972725 1225.0937071481521 44.28
113.980596 1225.7089205044228 0.0
113.988467 1226.3240659417454 72.54
113.996338 1226.9391436683934 717.06
114.004209 1227.5541537804027 0.0
114.01208 1228.169096465704 4.95
114.019951 1228.7839718741443 0.0
114.027822 1229.3987801120147 62.74
114.035693 1230.013521414461 0.0
114.043564 1230.6281958799811 0.0
114.051435 1231.2428036798447 0.0
114.059306 1231.857344989564 0.0
114.067177 1232.4718199085908 0.0
114.075048 1233.0862286757301 139.72
114.082919 1233.7005714044747 0.0
114.09079 1234.314848248412 65.87
114.098662 1234.929152459559 222.07
114.106533 1235.5432980241906 289.92
114.114404 1236.1573782316264 372.95
114.122275 1236.7713932212137 0.0
114.130146 1237.3853431277219 117.99
114.138017 1237.9992281826883 0.0
114.145888 1238.6130484910652 0.0
114.153759 1239.2268042585456 0.0
114.16163 1239.8404956518837 167.78
114.169501 1240.4541227858601 0.0
114.177372 1241.067685922576 0.0
114.185243 1241.6811851699804 0.0
114.193114 1242.2946207155678 22.97
114.200985 1242.9079927552036 86.89
114.208856 1243.5213013980099 66.54
114.216727 1244.13454690727 21.16
114.224598 1244.7477294097387 12.71
114.232469 1245.360849073481 380.39
114.24034 1245.973906125303 207.42
114.248211 1246.586900677577 0.0
114.256082 1247.1998329761589 0.0
114.263953 1247.8127031771112 85.69
114.271824 1248.4255114277328 78.76
114.279696 1249.0383508340663 0.0
114.287567 1249.6510358027087 312.28
114.295438 1250.2636594237301 319.73
114.303309 1250.8762218844467 0.0
114.31118 1251.4887233099091 32.47
114.319051 1252.1011639948965 142.61
114.326922 1252.7135440588695 55.86
114.334793 1253.3258637089086 62.56
114.342664 1253.9381231656102 146.17
114.350535 1254.5503225498742 229.86
114.358406 1255.1624621545184 64.56
114.366277 1255.7745421224988 0.0
114.374148 1256.3865626393551 0.0
114.382019 1256.9985239611797 91.95
114.38989 1257.6104262128274 0.0
114.397761 1258.2222696679937 168.48
114.405632 1258.8340545031624 0.0
114.413503 1259.4457808807229 0.0
114.421374 1260.0574490946483 0.0
114.429245 1260.6690592739835 0.95
114.437116 1261.280611671786 30.25
114.444987 1261.8921065003847 0.0
114.452859 1262.5036365523029 0.0
114.46073 1263.1150168360002 0.0
114.468601 1263.7263401559446 96.09
114.476472 1264.3376067428565 821.48
114.484343 1264.9488168474581 187.32
114.492214 1265.5599706049961 77.44
114.500085 1266.1710683439564 0.0
114.507956 1266.7821102271332 227.23
114.515827 1267.3930964611677 62.84
114.523698 1268.0040273378174 84.51
114.531569 1268.6149029971534 27.5
114.53944 1269.2257237465067 104.13
114.547311 1269.8364897873382 0.0
114.555182 1270.4472013002592 0.0
114.563053 1271.0578586209688 0.0
114.570924 1271.6684618946535 276.67
114.578795 1272.2790114056606 25.11
114.586666 1272.8895073969375 147.31
114.594537 1273.4999500209506 0.0
114.602408 1274.1103396604708 0.0
114.610279 1274.7206764661132 0.0
114.61815 1275.3309606972473 0.0
114.626021 1275.9411926413525 428.62
114.633893 1276.5514649094164 137.89
114.641764 1277.1615929416516 0.0
114.649635 1277.7716693985353 0.0
114.657506 1278.3816945122421 112.22
114.665377 1278.9916686181239 188.3
114.673248 1279.6015918748549 200.03
114.681119 1280.2114646305283 0.0
114.68899 1280.8212871172668 214.01
114.696861 1281.431059537741 0.0
114.704732 1282.0407822786742 0.0
114.712603 1282.65045550501 62.78
114.720474 1283.2600795390467 0.0
114.728345 1283.869654661307 0.0
114.736216 1284.4791810423922 0.0
114.744087 1285.0886591242308 0.0
114.751958 1285.6980890784305 338.82
114.759829 1286.3074711990794 9.9
114.7677 1286.9168058188322 0.0
114.775571 1287.5260931119597 0.0
114.783442 1288.1353335026827 130.87
114.791313 1288.7445272082164 241.56
114.799184 1289.3536744918135 729.07
114.807056 1289.9628680152484 144.23
114.814927 1290.5719233999946 83.85
114.822798 1291.1809333309081 70.51
114.830669 1291.7898980779414 0.0
114.83854 1292.3988178705872 332.67
114.846411 1293.0076931582619 170.36
114.854282 1293.616524130219 302.43
114.862153 1294.2253111549826 68.23
114.870024 1294.8340545594297 86.65
114.877895 1295.4427545362216 0.0
114.885766 1296.051411600042 0.0
114.893637 1296.660025948363 0.0
114.901508 1297.2685979176144 9.42
114.909379 1297.8771278961992 0.0
114.91725 1298.4856160849044 60.67
114.925121 1299.0940629720733 74.91
114.932992 1299.7024688122922 0.0
114.940863 1300.3108339066923 38.62
114.948734 1300.9191587101943 0.0
114.956605 1301.5274434325631 0.0
114.964476 1302.1356885322107 268.41
114.972347 1302.7438943259806 0.0
114.980218 1303.3520610762034 84.08
114.98809 1303.960281392374 0.0
114.995961 1304.5683713154917 0.0
115.003832 1305.176423366467 0.0
115.011703 1305.7844379297303 37.78
115.019574 1306.3924152284878 138.87
115.027445 1307.000355860302 0.0
115.035316 1307.6082600583002 185.46
115.043187 1308.2161282108382 197.53
115.051058 1308.8239607755747 0.0
115.058929 1309.4317579861993 0.0
115.0668 1310.0395204098527 7.16
115.074671 1310.6472483478556 0.0
115.082542 1311.2549421478539 0.0
115.090413 1311.8626023469483 0.0
115.098284 1312.4702291900176 0.0
115.106155 1313.0778232101454 0.0
115.114026 1313.6853847828654 0.0
115.121897 1314.2929142108082 0.0
115.129768 1314.9004121172761 0.0
115.137639 1315.5078787590971 0.0
115.14551 1316.115314631302 54.25
115.153381 1316.7227201901942 95.23
115.161253 1317.3301876015219 0.0
115.169124 1317.937533744629 0.0
115.176995 1318.5448508138804 96.18
115.184866 1319.1521392617572 1.55
115.192737 1319.7593996325832 0.0
115.200608 1320.3666322011754 52.05
115.208479 1320.9738376322077 597.91
115.21635 1321.5810162858688 0.0
115.224221 1322.1881685673382 0.0
115.232092 1322.7952951166717 15.54
115.239963 1323.4023962227398 0.0
115.247834 1324.0094725112278 178.91
115.255705 1324.616524431592 605.23
115.263576 1325.2235523363836 220.98
115.271447 1325.830556969906 0.0
115.279318 1326.4375386360744 142.56
115.287189 1327.0444979166607 77.88
115.29506 1327.6514353586476 0.0
115.302931 1328.2583512721028 63.46
115.310802 1328.865246482865 0.0
115.318673 1329.4721213269759 0.0
115.326544 1330.078976336851 0.0
115.334415 1330.6858121660348 0.0
115.342287 1331.2927208623264 0.0
115.350158 1331.899519759716 0.0
115.358029 1332.506301024536 29.94
115.3659 1333.1130651337237 0.0
115.373771 1333.7198128573905 0.0
115.381642 1334.32654454001 583.27
115.389513 1334.9332609230585 3.45
115.397384 1335.53996254991 346.67
115.405255 1336.1466498354932 17.98
115.413126 1336.7533236772051 14.05
115.420997 1337.359984438637 0.0
115.428868 1337.9666328102674 64.04
115.436739 1338.5732694543713 119.83
115.44461 1339.1798947424236 0.0
115.452481 1339.7865096591977 0.0
115.460352 1340.393114614715 134.5
115.468223 1340.9997102416755 8.63
115.476094 1341.606297332784 131.75
115.483965 1342.2128762806951 200.3
115.491836 1342.8194480250966 0.0
115.499707 1343.4260130967234 9.03
115.507578 1344.0325720629812 0.0
115.51545 1344.6392174097505 0.0
115.523321 1345.2457664440565 171.1
115.531192 1345.8523116119866 0.0
115.539063 1346.458853577384 77.74
115.546934 1347.0653928338759 1.12
115.554805 1347.6719304744029 37.94
115.562676 1348.2784669389605 0.0
115.570547 1348.88500305556 147.22
115.578418 1349.491539634508 217.69
115.586289 1350.0980771260104 356.79
115.59416 1350.7046167163753 0.0
115.602031 1351.3111589115288 0.0
115.609902 1351.9177044713792 0.0
115.617773 1352.5242543675588 95.04
115.625644 1353.1308090775958 0.0
115.633515 1353.7373697359885 260.49
115.641386 1354.34393699769 15.55
115.649257 1354.9505115450195 159.17
115.657128 1355.557094527325 30.37
115.664999 1356.1636864516317 22.89
115.67287 1356.7702883920315 0.0
115.680741 1357.376901168357 0.0
115.688612 1357.9835253747688 472.12
115.696484 1358.5902537323698 0.0
115.704355 1359.1969040224062 789.65
115.712226 1359.8035686306416 0.0
115.720097 1360.4102485595047 227.21
115.727968 1361.0169443612808 0.0
115.735839 1361.6236574805632 21.09
115.74371 1362.230388548988 0.0
115.751581 1362.8371384896075 93.21
115.759452 1363.4439085066524 0.0
115.767323 1364.0506991880789 0.0
115.775194 1364.657511918807 0.0
115.783065 1365.2643475165605 196.29
115.790936 1365.871206811491 0.0
115.798807 1366.4780912311064 0.0
115.806678 1367.08500140201 105.59
115.814549 1367.6919386385894 329.4
115.82242 1368.2989039654121 0.0
115.830291 1368.905898106207 57.56
115.838162 1369.5129227355437 0.0
115.846033 1370.1199785219474 64.94
115.853904 1370.727066697037 0.0
115.861775 1371.3341885152763 41.13
115.869647 1371.9414358775682 29.55
115.877518 1372.5486281316669 54.52
115.885389 1373.1558572933754 0.0
115.89326 1373.763124497528 211.42
115.901131 1374.3704312543457 0.0
115.909002 1374.9777782973088 0.0
115.916873 1375.585167337143 97.46
115.924744 1376.1925994074966 146.79
115.932615 1376.800075531124 61.73
115.940486 1377.407597502262 145.73
115.948357 1378.015166105715 0.0
115.956228 1378.6227829696052 117.62
115.964099 1379.2304493903393 0.0
115.97197 1379.838166261116 0.0
115.979841 1380.44593569189 46.33
115.987712 1381.0537585233687 0.0
115.995583 1381.6616362853752 0.0
116.003454 1382.2695705678025 355.7
116.011325 1382.8775622353357 68.52
116.019196 1383.4856135075024 39.38
116.027067 1384.0937254066926 74.68
116.034938 1384.7018993466534 0.0
116.04281 1385.3102283038647 0.0
116.050681 1385.9185310901241 265.63
116.058552 1386.5269009033123 1717.63
116.066423 1387.1353390674053 0.0
116.074294 1387.7438468596135 20.71
116.082165 1388.3524265640583 450.96
116.090036 1388.961079177911 107.53
116.097907 1389.5698067444475 0.0
116.105778 1390.1786109259815 0.0
116.113649 1390.7874928406573 83.07
116.12152 1391.3964551815864 18.49
116.129391 1392.0054990216156 0.0
116.137262 1392.6146262868306 0.0
116.145133 1393.2238390194163 0.0
116.153004 1393.83313832511 127.08
116.160875 1394.4425270089373 0.0
116.168746 1395.052006399157 112.08
116.176617 1395.6615782814902 0.0
116.184488 1396.2712451246011 66.97
116.192359 1396.8810081205265 0.0
116.20023 1397.4908699838973 0.0
116.208101 1398.1008324344193 80.98
116.215972 1398.7108970910265 42.92
116.223844 1399.3211578046164 150.37
116.231715 1399.931434062135 18.76
116.239586 1400.5418193611624 25.27
116.247457 1401.1523158638634 0.0
116.255328 1401.762924991823 0.0
116.263199 1402.3736502305437 4.1
116.27107 1402.9844929709684 124.28
116.278941 1403.5954556737802 261.09
116.286812 1404.2065410001976 1055.68
116.294683 1404.8177503870993 657.74
116.302554 1405.4290874305589 0.0
116.310425 1406.0405538827558 0.0
116.318296 1406.6521520338267 0.0
116.326167 1407.2638851083238 0.0
116.334038 1407.8757546628126 0.0
116.341909 1408.4877641912594 104.55
116.34978 1409.0999159623589 0.0
116.357651 1409.7122120606775 0.0
116.365522 1410.3246563466405 0.0
116.373393 1410.9372505088713 180.93
116.381264 1411.549997909041 0.0
116.389135 1412.1629014024859 0.0
116.397007 1412.7760535914024 102.91
116.404878 1413.3892775414 210.22
116.412749 1414.0026658368622 13.65
116.42062 1414.616221671565 0.0
116.428491 1415.2299485675453 0.0
116.436362 1415.843848424824 393.17
116.444233 1416.4579259251714 147.9
116.452104 1417.0721834183437 0.0
116.459975 1417.6866238902471 95.25
116.467846 1418.3012516191045 0.0
116.475717 1418.916068674023 0.0
116.483588 1419.5310796240435 0.0
116.491459 1420.1462875117847 0.0
116.49933 1420.7616950684098 0.0
116.507201 1421.3773074304527 58.28
116.515072 1421.9931268545997 0.0
116.522943 1422.6091577573497 2476.69
116.530814 1423.225403972974 811.94
116.538685 1423.8418679237332 311.6
116.546556 1424.4585557203484 0.0
116.554427 1425.0754698279163 0.0
116.562298 1425.6926144638526 162.61
116.570169 1426.3099943665482 242.27
116.578041 1426.9277027262185 0.0
116.585912 1427.5455645055365 0.0
116.593783 1428.1636735167954 0.0
116.601654 1428.7820337231876 67.24
116.609525 1429.4006508961675 0.0
116.617396 1430.0195278398007 0.0
116.625267 1430.6386706312765 154.37
116.633138 1431.258083423684 60.99
116.641009 1431.87776986351 221.98
116.64888 1432.4977369003818 0.0
116.656751 1433.1179876101564 0.0
116.664622 1433.7385278979013 180.52
116.672493 1434.359363003642 70.64
116.680364 1434.9804961836057 234.68
116.688235 1435.601935731832 0.0
116.696106 1436.223685027839 0.0
116.703977 1436.8457497422796 0.0
116.711848 1437.468136363629 81.49
116.719719 1438.0908484134736 98.7
116.72759 1438.7138942376532 0.0
116.735461 1439.337278296464 332.9
116.743332 1439.961005952927 0.0
116.751204 1440.5851756447682 0.0
116.759075 1441.2096102601267 38.34
116.766946 1441.834408504353 0.0
116.774817 1442.459576152528 33.43
116.782688 1443.0851181730022 804.67
116.790559 1443.7110441326438 0.0
116.79843 1444.3373583131686 0.0
116.806301 1444.9640687565059 0.0
116.814172 1445.5911827559457 44.1
116.822043 1446.2187047859882 291.61
116.829914 1446.8466462986498 0.0
116.837785 1447.4750120270178 0.0
116.845656 1448.103809742723 191.42
116.853527 1448.7330484917002 0.0
116.861398 1449.3627332238666 0.0
116.869269 1449.992875379117 520.32
116.87714 1450.623481284303 0.0
116.885011 1451.2545583418266 310.45
116.892882 1451.8861176186604 274.24
116.900753 1452.5181646019762 8.43
116.908624 1453.1507106378306 0.0
116.916495 1453.7837639083334 0.0
116.924366 1454.4173313302485 0.0
116.932238 1455.0515167181638 0.0
116.940109 1455.6861453896076 160.25
116.94798 1456.3213188582931 0.0
116.955851 1456.9570474613656 333.01
116.963722 1457.593337588159 0.0
116.971593 1458.2302051205393 0.0
116.979464 1458.8676569306208 35.09
116.987335 1459.5057038744317 158.84
116.995206 1460.1443587834463 0.0
117.003077 1460.7836287718605 0.0
117.010948 1461.4235297863645 165.28
117.018819 1462.0640709757495 0.0
117.02669 1462.7052627626128 0.0
117.034561 1463.3471208617436 233.12
117.042432 1463.9896532062635 0.0
117.050303 1464.6328757035249 0.0
117.058174 1465.2768001563566 0.0
117.066045 1465.9214363975816 778.36
117.073916 1466.5668034672171 52.1
117.081787 1467.2129102237502 1089.85
117.089658 1467.859772409376 81.81
117.097529 1468.5074049109353 0.0
117.105401 1469.1559074160868 0.0
117.113272 1469.8051216344065 0.0
117.121143 1470.45514800114 142.1
117.129014 1471.106001940626 28.32
117.136885 1471.7577019134028 141.8
117.144756 1472.4102583603647 237.51
117.152627 1473.0636938054001 1.97
117.160498 1473.7180216966399 0.0
117.168369 1474.3732569664905 0.0
117.17624 1475.0294221936595 26.42
117.184111 1475.6865290754465 14.79
117.191982 1476.3446001896991 52.81
117.199853 1477.0036527913837 0.0
117.207724 1477.6637011164466 5.78
117.215595 1478.3247724697492 0.0
117.223466 1478.9868799644719 0.0
117.231337 1479.6500460619752 0.0
117.239208 1480.314292416327 34.47
117.247079 1480.9796328895272 0.0
117.25495 1481.6460990681542 307.85
117.262821 1482.3137062115172 0.0
117.270692 1482.9824764643452 11.34
117.278563 1483.6524365282467 577.81
117.286435 1484.3236923028237 0.0
117.294306 1484.9960951859255 0.0
117.302177 1485.6697552918697 367.0
117.310048 1486.344694215531 12.69
117.317919 1487.020944404381 0.0
117.32579 1487.6985233071039 271.87
117.333661 1488.3774629827872 109.02
117.341532 1489.057788696274 483.43
117.349403 1489.7395212415838 129.78
117.357274 1490.4226995276317 126.4
117.365145 1491.107343102005 31.71
117.373016 1491.7934839117415 72.0
117.380887 1492.4811532595338 14.39
117.388758 1493.1703718576298 0.0
117.396629 1493.8611838043466 237.02
117.4045 1494.5536119421415 156.19
117.412371 1495.2476878292448 0.0
117.420242 1495.9434494863503 10.71
117.428113 1496.6409200604808 0.0
117.435984 1497.3401439031036 129.35
117.443855 1498.0411501301137 0.0
117.451726 1498.7439696134818 0.0
117.459598 1499.4487380853127 287.68
117.467469 1500.1553007654097 29.35
117.47534 1500.8637920371852 81.07
117.483211 1501.57424787623 32.58
117.491082 1502.2866981650068 0.0
117.498953 1503.00119598391 315.59
117.506824 1503.7177698470202 1898.98
117.514695 1504.4364634413016 1020.53
117.522566 1505.1573199847944 4924.93
117.530437 1505.8803696063057 523.45
117.538308 1506.6056702343787 0.0
117.546179 1507.3332546645909 0.0
117.55405 1508.0631656020303 689.58
117.561921 1508.7954535495387 79.62
117.569792 1509.5301514677162 96.88
117.577663 1510.2673161858345 0.0
117.585534 1511.0069874295914 0.0
117.593405 1511.7492064940482 0.0
117.601276 1512.494030647128 0.0
117.609147 1513.2414954786113 165.63
117.617018 1513.9916558796187 0.0
117.624889 1514.7445579693047 0.0
117.63276 1515.5002412820927 228.01
117.640632 1516.258859023894 0.0
117.648503 1517.0202682083134 304.57
117.656374 1517.7846110757887 0.0
117.664245 1518.5519387165136 0.0
117.672116 1519.3222902650605 353.11
117.679987 1520.095728068893 10.99
117.687858 1520.8722926816915 303.43
117.695729 1521.6520324655073 196.42
117.7036 1522.4350007651212 0.0
117.711471 1523.221237494576 0.0
117.719342 1524.0107982750178 312.07
117.727213 1524.803726117061 0.0
117.735084 1525.6000649636337 0.0
117.742955 1526.399865955193 0.0
117.750826 1527.2031680649459 0.0
117.758697 1528.010018305127 37.26
117.766568 1528.8204577384229 24.84
117.774439 1529.6345254818496 330.88
117.78231 1530.4522637690995 24.06
117.790181 1531.2737081731798 146.67
117.798052 1532.098895366944 0.0
117.805923 1532.9278578412436 383.85
117.813795 1533.7607202737165 24.59
117.821666 1534.5973266271976 0.0
117.829537 1535.4377955465689 0.0
117.837408 1536.2821520836471 0.0
117.845279 1537.130410964286 0.0
117.85315 1537.9825975611077 60.42
117.861021 1538.8387160163882 287.26
117.868892 1539.6987791391412 82.37
117.876763 1540.5627999163091 43.2
117.884634 1541.4307635065247 456.4
117.892505 1542.3026823607925 605.26
117.900376 1543.1785379173393 116.73
117.908247 1544.05831635972 927.52
117.916118 1544.9420194691731 376.19
117.923989 1545.8295889197757 1671.53
117.93186 1546.72101956292 298.31
117.939731 1547.6162700782063 410.93
117.947602 1548.5152873053448 960.86
117.955473 1549.4180569895857 755.74
117.963344 1550.3244774747025 1092.05
117.971215 1551.2345143375499 1756.77
117.979086 1552.1481059256798 2669.16
117.986957 1553.0651468757183 2904.28
117.994829 1553.985690276988 1112.7
118.0027 1554.909420814868 214.73
118.010571 1555.836350283532 870.33
118.018442 1556.7664021420173 1528.84
118.026313 1557.6994081046369 13.57
118.034184 1558.6353051163555 234.25
118.042055 1559.5739347271458 422.4
118.049926 1560.51516547625 266.67
118.057797 1561.4589143348944 0.0
118.065668 1562.4049443902397 846.09
118.073539 1563.353168895615 300.67
118.08141 1564.3034164820995 469.3
118.089281 1565.2554996255208 3425.3
118.097152 1566.2093220361778 237.51
118.105023 1567.1646148685643 1329.38
118.112894 1568.1212554266174 0.0
118.120765 1569.0790739778038 2916.22
118.128636 1570.0378307059739 5291.57
118.136507 1570.9974145320443 8305.63
118.144378 1571.9575611365499 827.08
118.152249 1572.918107532032 1429.34
118.16012 1573.878900808795 255.61
118.167992 1574.839751085229 4121.1
118.175863 1575.8003605918173 924.53
118.183734 1576.7605796426515 2967.83
118.191605 1577.7202153568342 1367.96
118.199476 1578.6791447335038 198.89
118.207347 1579.6370639190534 496.22
118.215218 1580.593862537486 0.0
118.223089 1581.5493395986857 0.0
118.23096 1582.5032874156263 582.59
118.238831 1583.4556018710023 23.13
118.246702 1584.4060160122292 66.41
118.254573 1585.3544154390838 2656.04
118.262444 1586.300648228261 1067.74
118.270315 1587.2445087744861 3005.92
118.278186 1588.1859119681385 6279.26
118.286057 1589.124653396929 371.74
118.293928 1590.0606191149793 755.96
118.301799 1590.9937086351251 3065.66
118.30967 1591.923734177516 0.0
118.317541 1592.8506346337203 475.53
118.325412 1593.7742689043696 466.6
118.333283 1594.6945349762634 1650.32
118.341155 1595.6114703426047 28.63
118.349026 1596.5247355295219 472.32
118.356897 1597.4343858493642 115.68
118.364768 1598.3403373901635 1018.55
118.372639 1599.242508690181 0.0
118.38051 1600.1408748483368 0.0
118.388381 1601.035336612581 0.0
118.396252 1601.9258713928284 1172.62
118.404123 1602.8124418703756 154.69
118.411994 1603.694992307476 1156.25
118.419865 1604.5735195023797 0.0
118.427736 1605.4479770522703 90.0
118.435607 1606.3183560534715 0.0
118.443478 1607.184653448791 26.09
118.451349 1608.0468410438814 396.35
118.45922 1608.90493303191 289.65
118.467091 1609.7589218295666 38.64
118.474962 1610.6088140839859 61.9
118.482833 1611.4546290442902 0.0
118.490704 1612.2963652201656 300.1
118.498575 1613.1340494883934 0.0
118.506446 1613.9677000205045 0.0
118.514317 1614.7973390288191 21.62
118.522189 1615.6230875686997 92.01
118.53006 1616.444788255452 4.94
118.537931 1617.2625664772293 205.58
118.545802 1618.0764552221915 310.47
118.553673 1618.8864909973827 190.31
118.561544 1619.6927105005577 551.42
118.569415 1620.495154297872 367.26
118.577286 1621.2938633487092 290.06
118.585157 1622.0888770559573 481.69
118.593028 1622.8802441993198 266.07
118.600899 1623.668004673851 0.0
118.60877 1624.452206251088 3358.7
118.616641 1625.232896228091 900.36
118.624512 1626.0101144741566 1294.56
118.632383 1626.783919688555 2253.81
118.640254 1627.5543525371233 289.77
118.648125 1628.321461897667 12830.45
118.655996 1629.0853004456906 0.0
118.663867 1629.8459078443193 67.41
118.671738 1630.6033439593455 502.12
118.679609 1631.3576517257256 122.74
118.68748 1632.108877140826 135.7
118.695352 1632.8571681124017 0.0
118.703223 1633.602380526307 1839.87
118.711094 1634.3446625005436 858.25
118.718965 1635.0840591986723 0.0
118.726836 1635.820611375319 699.41
118.734707 1636.5543789778594 179.48
118.742578 1637.285398034907 264.82
118.750449 1638.0137198246844 26.68
118.75832 1638.739391294852 0.0
118.766191 1639.4624468011416 0.0
118.774062 1640.1829481894106 634.96
118.781933 1640.9009287984377 67.19
118.789804 1641.6164332795076 361.16
118.797675 1642.3295098333524 773.09
118.805546 1643.0401900800202 263.87
118.813417 1643.7485287193797 5895.41
118.821288 1644.454560240018 846.03
118.829159 1645.1583222799406 329.11
118.83703 1645.859863747131 0.0
118.844901 1646.559213427448 349.61
118.852772 1647.256418548386 499.69
118.860643 1647.9515144866593 296.73
118.868514 1648.6445319906575 62.03
118.876386 1649.3356112900456 539.34
118.884257 1650.0245958779694 0.0
118.892128 1650.7116170444567 0.0
118.899999 1651.3967107491806 416.63
118.90787 1652.079901546554 48.98
118.915741 1652.7612377431165 679.62
118.923612 1653.4407429628968 74.27
118.931483 1654.118450235597 0.0
118.939354 1654.7943957823895 28.72
118.947225 1655.4686016400028 0.0
118.955096 1656.1411087813788 0.0
118.962967 1656.8119417171492 381.57
118.970838 1657.4811272033826 752.77
118.978709 1658.1487014261036 425.26
118.98658 1658.8146840993743 467.99
118.994451 1659.4791094935172 13844.31
119.002322 1660.1420027452564 1845.29
119.010193 1660.8033850048048 153.18
119.018064 1661.4632921597624 2.51
119.025935 1662.1217418107326 343.08
119.033806 1662.7787622136063 1063.65
119.041677 1663.4343788808746 1259.21
119.049549 1664.0886995869996 0.0
119.05742 1664.7415764159 0.0
119.065291 1665.3931167963183 96.55
119.073162 1666.0433436583278 0.0
119.081033 1666.6922826657062 114.45
119.088904 1667.3399486496803 335.66
119.096775 1667.986370489739 0.0
119.104646 1668.631565069741 0.0
119.112517 1669.2755506617389 417.72
119.120388 1669.9183528771414 52.62
119.128259 1670.5599849479881 188.83
119.13613 1671.2004707532267 112.35
119.144001 1671.839827734107 214.82
119.151872 1672.4780701215498 73.97
119.159743 1673.1152233047692 0.0
119.167614 1673.7512990927619 3.95
119.175485 1674.3863169967165 0.0
119.183356 1675.0202948145054 0.0
119.191227 1675.653243732481 22.46
119.199098 1676.2851879059294 3.34
119.206969 1676.9161383167761 100.08
119.21484 1677.5461106840587 150.38
119.222711 1678.175122988694 31.76
119.230583 1678.8032763402473 0.0
119.238454 1679.4304084925698 106.71
119.246325 1680.0566223361259 68.05
119.254196 1680.6819303116388 33.33
119.262067 1681.306350438206 298.54
119.269938 1681.9298916664545 14.18
119.277809 1682.55257055611 8.2
119.28568 1683.1743992596803 14.68
119.293551 1683.7953874004697 445.28
119.301422 1684.415552910465 137.23
119.309293 1685.0349038104325 0.0
119.317164 1685.6534535990904 0.0
119.325035 1686.271214768053 0.0
119.332906 1686.888194945293 75.09
119.340777 1687.5044110378465 498.95
119.348648 1688.1198706619828 66.23
119.356519 1688.7345846710264 6.32
119.36439 1689.3485657643996 810.63
119.372261 1689.9618207954024 0.0
119.380132 1690.5743638298986 78.24
119.388003 1691.1862030415396 498.67
119.395874 1691.7973470032603 0.0
119.403746 1692.4078995345565 18.39
119.411617 1693.0176846668671 279.07
119.419488 1693.6268051124714 0.0
119.427359 1694.2352694677518 225.07
119.43523 1694.843084342879 64.54
119.443101 1695.4502625423077 0.0
119.450972 1696.0568096239247 219.07
119.458843 1696.6627350476854 0.0
119.466714 1697.2680477149743 102.99
119.474585 1697.8727529324563 62.16
119.482456 1698.476862676597 287.7
119.490327 1699.0803823440558 0.0
119.498198 1699.6833195446256 51.48
119.506069 1700.285683386622 41.99
119.51394 1700.887478666239 0.0
119.521811 1701.4887153685913 227.6
119.529682 1702.0893993403186 1378.53
119.537553 1702.689536592126 1152.05
119.545424 1703.2891363568228 2004.76
119.553295 1703.888202976497 74.26
119.561166 1704.486744703018 0.0
119.569037 1705.0847677322695 153.41
119.576908 1705.6822766947462 391.39
119.58478 1706.279371783935 45.84
119.592651 1706.875875058179 0.0
119.600522 1707.4718842361933 242.79
119.608393 1708.067405778377 102.99
119.616264 1708.6624434581224 18.15
119.624135 1709.2570058962222 0.0
119.632006 1709.8510970030857 0.0
119.639877 1710.4447222120223 0.0
119.647748 1711.0378881739623 150.96
119.655619 1711.6305983202265 143.81
119.66349 1712.2228598596594 55.75
119.671361 1712.8146770620722 0.0
119.679232 1713.4060542231725 0.0
119.687103 1713.9969981228703 0.0
119.694974 1714.5875118866047 0.0
119.702845 1715.177601488756 0.0
119.710716 1715.7672714845476 0.0
119.718587 1716.356525182628 0.0
119.726458 1716.945369440059 86.1
119.734329 1717.5338071083493 54.64
119.7422 1718.1218430829526 60.13
119.750071 1718.70948214118 1017.75
119.757943 1719.2968177999433 4022.6
119.765814 1719.8836747662167 781.16
119.773685 1720.4701467665177 215.75
119.781556 1721.0562377529118 198.86
119.789427 1721.6419526714662 235.66
119.797298 1722.2272940299945 0.0
119.805169 1722.812267124574 0.0
119.81304 1723.3968751367358 0.0
119.820911 1723.9811211954338 0.0
119.828782 1724.5650103686337 118.49
119.836653 1725.1485449539125 4.13
119.844524 1725.7317293537926 0.0
119.852395 1726.314566981687 372.9
119.860266 1726.8970602481518 110.65
119.868137 1727.4792143039203 48.57
119.876008 1728.0610312572323 292.66
119.883879 1728.6425147253537 0.0
119.89175 1729.223668306679 0.0
119.899621 1729.804494034169 0.0
119.907492 1730.3849966102052 0.0
119.915363 1730.9651782212352 0.0
119.923234 1731.5450417945756 30.38
119.931105 1732.124591073256 0.0
119.938977 1732.7039185537378 0.0
119.946848 1733.2828468947384 258.07
119.954719 1733.861469184744 62.69
119.96259 1734.4397877444958 33.54
119.970461 1735.0178064275326 304.3
119.978332 1735.5955269563156 0.0
119.986203 1736.1729526305844 1462.39
119.994074 1736.7500860543596 2183.18
120.001945 1737.3269290162916 391.24
120.009816 1737.90348545017 0.0
120.017687 1738.4797569449438 278.63
120.025558 1739.0557462190943 46.46
120.033429 1739.6314560299734 0.0
120.0413 1740.2068879137946 12.64
120.049171 1740.7820454301539 0.0
120.057042 1741.3569302614371 0.0
120.064913 1741.9315446125026 0.0
120.072784 1742.5058913637133 0.0
120.080655 1743.07997193533 265.75
120.088526 1743.653789332964 0.0
120.096397 1744.227345422599 14.82
120.104268 1744.8006419553217 317.72
120.11214 1745.373772384348 0.0
120.120011 1745.9465570330015 334.37
120.127882 1746.5190889301307 45.25
120.135753 1747.0913700955412 48.11
120.143624 1747.6634018791501 0.83
120.151495 1748.2351873325226 317.61
120.159366 1748.806727674565 0.0
120.167237 1749.3780249809377 190.23
120.175108 1749.9490813985062 32.92
120.182979 1750.5198981084623 246.92
120.19085 1751.0904778466468 54.45
120.198721 1751.6608219295904 0.0
120.206592 1752.23093204437 0.0
120.214463 1752.800810441923 0.0
120.222334 1753.3704582194616 81.61
120.230205 1753.9398776939413 30.19
120.238076 1754.5090703302787 100.65
120.245947 1755.0780374703263 0.0
120.253818 1755.6467814490372 84.4
120.261689 1756.2153032869076 0.0
120.26956 1756.7836049267698 0.0
120.277431 1757.3516879591407 0.0
120.285303 1757.9196437395287 80.75
120.293174 1758.4872939941492 20.94
120.301045 1759.0547300286069 0.0
120.308916 1759.6219534512713 0.0
120.316787 1760.1889659585138 8.82
120.324658 1760.7557684731644 553.16
120.332529 1761.322363127967 212.29
120.3404 1761.8887509691378 0.0
120.348271 1762.454933306574 52.88
120.356142 1763.020911924601 0.0
120.364013 1763.5866876841874 0.0
120.371884 1764.152262396594 0.0
120.379755 1764.7176372288723 0.0
120.387626 1765.2828132243349 0.0
120.395497 1765.8477922398044 256.57
120.403368 1766.4125750794785 197.16
120.411239 1766.9771632660602 332.25
120.41911 1767.5415580700474 0.0
120.426981 1768.1057602966937 727.76
120.434852 1768.6697718617436 0.0
120.442723 1769.2335935172346 0.0
120.450594 1769.7972265268384 0.0
120.458465 1770.3606722491204 0.0
120.466337 1770.9240215695036 204.91
120.474208 1771.4870958344 0.0
120.482079 1772.0499860717325 247.76
120.48995 1772.6126933124256 23.0
120.497821 1773.1752189897213 127.95
120.505692 1773.7375637889916 0.0
120.513563 1774.2997291447123 0.94
120.521434 1774.8617159992755 0.0
120.529305 1775.423525174882 60.53
120.537176 1775.9851581672035 0.0
120.545047 1776.546615618957 0.0
120.552918 1777.1078987389997 93.96
120.560789 1777.6690085555006 0.0
120.56866 1778.2299457033196 0.0
120.576531 1778.7907117299317 0.0
120.584402 1779.3513072386993 93.58
120.592273 1779.9117332349933 0.0
120.600144 1780.4719908208317 80.34
120.608015 1781.0320805842375 86.3
120.615886 1781.5920038725492 3766.43
120.623757 1782.151761374059 353.53
120.631628 1782.711353910599 0.0
120.6395 1783.270872638929 357.35
120.647371 1783.830138100824 0.0
120.655242 1784.389241466001 60.06
120.663113 1784.9481835050028 0.0
120.670984 1785.5069648739525 0.0
120.678855 1786.0655867920777 0.0
120.686726 1786.6240497797737 5.72
120.694597 1787.1823548083062 0.0
120.702468 1787.7405027198447 155.61
120.710339 1788.2984940220913 189.84
120.71821 1788.8563299779469 0.0
120.726081 1789.4140110785797 354.87
120.733952 1789.9715381334001 7.83
120.741823 1790.5289120468724 398.58
120.749694 1791.0861332975799 0.0
120.757565 1791.6432029753732 168.27
120.765436 1792.200121649024 126.08
120.773307 1792.7568899813 61.61
120.781178 1793.3135089306127 404.23
120.789049 1793.8699789485352 161.65
120.79692 1794.4263009675358 84.0
120.804791 1794.9824756248563 247.41
120.812662 1795.5385034504009 0.0
120.820534 1796.0944752691757 0.0
120.828405 1796.6502118415144 122.1
120.836276 1797.2058038027792 85.43
120.844147 1797.7612518506041 0.0
120.852018 1798.3165564016947 0.0
120.859889 1798.8717184862694 0.0
120.86776 1799.4267385148266 255.04
120.875631 1799.981617146303 0.0
120.883502 1800.536355131214 0.0
120.891373 1801.0909528636857 0.0
120.899244 1801.6454112348515 0.0
120.907115 1802.1997307199977 166.54
120.914986 1802.7539118595587 0.0
120.922857 1803.3079554503076 0.0
120.930728 1803.8618618653556 0.0
120.938599 1804.4156318688406 0.0
120.94647 1804.969265993625 676.34
120.954341 1805.522764672316 0.0
120.962212 1806.0761287419896 194.3
120.970083 1806.629358556184 0.0
120.977954 1807.1824547630536 0.0
120.985825 1807.7354179465308 29.72
120.993697 1808.2883381076279 0.0
121.001568 1808.8410367610018 0.0
121.009439 1809.3936039329014 80.83
121.01731 1809.9460401654374 92.65
121.025181 1810.4983460878384 0.0
121.033052 1811.0505220282953 60.64
121.040923 1811.6025687229305 0.0
121.048794 1812.1544865730903 0.0
121.056665 1812.7062760241013 92.06
121.064536 1813.257937745084 0.0
121.072407 1813.809472047701 160.0
121.080278 1814.3608795645177 0.0
121.088149 1814.9121607456818 6645.85
121.09602 1815.4633159480927 0.0
121.103891 1816.0143458759792 190.14
121.111762 1816.5652508255662 0.0
121.119633 1817.1160313344749 75.61
121.127504 1817.6666878964609 72.56
121.135375 1818.2172208017287 159.74
121.143246 1818.767630757082 37.87
121.151117 1819.3179180584236 0.0
121.158988 1819.868083156315 0.0
121.166859 1820.4181265834025 0.0
121.174731 1820.9681380977154 28.44
121.182602 1821.517939326708 120.67
121.190473 1822.0676201174588 0.0
121.198344 1822.6171808406045 0.0
121.206215 1823.1666220634875 93.6
121.214086 1823.7159440491614 0.0
121.221957 1824.2651473263475 652.66
121.229828 1824.8142322790295 73.43
121.237699 1825.3631992046069 189.3
121.24557 1825.912048701171 260.75
121.253441 1826.4607810194814 0.0
121.261312 1827.0093966097804 0.0
121.269183 1827.5578958935623 0.0
121.277054 1828.1062791167938 30.27
121.284925 1828.6545468732957 0.0
121.292796 1829.2026994180635 402.37
121.300667 1829.7507371291083 89.5
121.308538 1830.2986604616265 0.0
121.316409 1830.8464696503731 251.39
121.32428 1831.3941652123688 105.92
121.332151 1831.9417474422382 382.87
121.340022 1832.4892166514958 112.13
121.347894 1833.036662641381 0.0
121.355765 1833.5839069827261 0.0
121.363636 1834.131039459254 30.87
121.371507 1834.6780604015696 59.85
121.379378 1835.224970059889 20.54
121.387249 1835.771768946808 18.73
121.39512 1836.3184572766904 275.15
121.402991 1836.8650354301087 0.0
121.410862 1837.4115037701858 143.43
121.418733 1837.957862507432 0.0
121.426604 1838.5041121452964 0.0
121.434475 1839.0502529055573 204.87
121.442346 1839.596285108306 0.0
121.450217 1840.1422091460859 28.8
121.458088 1840.6880252203753 57.28
121.465959 1841.2337337704207 16.4
121.47383 1841.7793350522015 76.49
121.481701 1842.324829329922 0.0
121.489572 1842.870217022726 1183.15
121.497443 1843.4154983235971 508.3
121.505314 1843.9606736123085 0.0
121.513185 1844.505743176015 0.0
121.521056 1845.0507072272687 477.13
121.528928 1845.595655351455 0.0
121.536799 1846.1404094282702 0.0
121.54467 1846.6850589454555 0.0
121.552541 1847.2296042186342 0.0
121.560412 1847.774045429676 0.0
121.568283 1848.3183830092112 0.0
121.576154 1848.8626171518515 0.0
121.584025 1849.406748131106 0.0
121.591896 1849.9507762884778 0.0
121.599767 1850.4947017985073 0.0
121.607638 1851.0385250376883 0.0
121.615509 1851.5822462303904 0.0
121.62338 1852.1258656027396 0.0
121.631251 1852.6693835198082 0.0
121.639122 1853.212800149231 0.0
121.646993 1853.756115817181 0.0
121.654864 1854.2993307753168 0.0
121.662735 1854.8424452058023 0.0
121.670606 1855.3854594951674 0.0
121.678477 1855.928373804539 0.0
121.686348 1856.4711884132953 0.0
121.694219 1857.0139035981185 0.0
121.702091 1857.556608493996 0.0
121.709962 1858.0991254996147 0.0
121.717833 1858.6415437837604 0.0
121.725704 1859.18386358223 0.0
121.733575 1859.7260851947005 0.0
121.741446 1860.2682087737683 0.0
121.749317 1860.8102346449677 0.0
121.757188 1861.3521630066684 0.0
121.765059 1861.893994054146 0.0
121.77293 1862.4357281081259 0.0
121.780801 1862.9773653155564 0.0
121.788672 1863.5189059590368 0.0
121.796543 1864.060350261022 0.0
121.804414 1864.6016983790516 0.0
121.812285 1865.1429506531606 0.0
121.820156 1865.6841072249654 0.0
121.828027 1866.2251683369993 0.0
121.835898 1866.7661342339436 0.0
121.843769 1867.3070050553335 0.0
121.85164 1867.847781124607 0.0
121.859511 1868.3884625955052 0.0
121.867382 1868.929049673152 0.0
121.875253 1869.4695426227456 0.0
121.883125 1870.0100303823037 0.0
121.890996 1870.550335609568 0.0
121.898867 1871.0905473042674 0.0
121.906738 1871.630665636536 0.0
121.914609 1872.1706908905644 0.0
121.92248 1872.7106231963326 0.0
121.930351 1873.2504628008323 0.0
121.938222 1873.7902099023986 0.0
121.946093 1874.3298646384976 0.0
121.953964 1874.8694273108367 0.0
121.961835 1875.4088980450106 0.0
121.969706 1875.948277053417 0.0
121.977577 1876.4875645543063 0.0
121.985448 1877.026760671554 0.0
121.993319 1877.5658656891273 0.0
122.00119 1878.1048797454457 0.0
122.009061 1878.6438030204922 0.0
122.016932 1879.1826357510224 0.0
122.024803 1879.7213780568634 0.0
122.032674 1880.260030187864 0.0
122.040545 1880.7985923030842 0.0
122.048416 1881.3370645521081 0.0
122.056288 1881.8755358272915 0.0
122.064159 1882.4138289490147 0.0
122.07203 1882.9520327923203 0.0
122.079901 1883.4901475355712 0.0
122.087772 1884.0281732997835 0.0
122.095643 1884.566110354998 0.0
122.103514 1885.10395881359 0.0
122.111385 1885.6417188632156 0.0
122.119256 1886.1793907002425 0.0
122.127127 1886.716974435625 0.0
122.134998 1887.2544703208848 0.0
122.142869 1887.7918784817064 0.0
122.15074 1888.3291990774162 0.0
122.158611 1888.8664323212292 0.0
122.166482 1889.4035783207535 0.0
122.174353 1889.940637297777 0.0
122.182224 1890.4776093965907 0.0
122.190095 1891.0144947498504 0.0
122.197966 1891.5512935865547 0.0
122.205837 1892.0880060111474 0.0
122.213708 1892.6246322173881 0.0
122.221579 1893.1611723670444 0.0
122.229451 1893.697715041606 0.0
122.237322 1894.234083518593 0.0
122.245193 1894.7703663918076 0.0
122.253064 1895.3065638285418 0.0
122.260935 1895.8426760070308 0.0
122.268806 1896.3787030275414 0.0
122.276677 1896.914645114874 0.0
122.284548 1897.4505023841198 0.0
122.292419 1897.9862749776003 0.0
122.30029 1898.521963089037 0.0
122.308161 1899.0575668159297 0.0
122.316032 1899.5930863569486 0.0
122.323903 1900.1285218441242 0.0
122.331774 1900.6638733961727 0.0
122.339645 1901.1991412214304 0.0
122.347516 1901.7343254147784 0.0
122.355387 1902.269426150163 0.0
122.363258 1902.80444357563 0.0
122.371129 1903.3393777875522 0.0
122.379 1903.8742290080854 0.0
122.386871 1904.408997329634 0.0
122.394742 1904.9436829027268 0.0
122.402613 1905.4782858905712 0.0
122.410485 1906.0128946874227 0.0
122.418356 1906.547332872539 0.0
122.426227 1907.0816888729532 0.0
122.434098 1907.6159628169612 0.0
122.441969 1908.1501548821786 0.0
122.44984 1908.684265157751 0.0
122.457711 1909.2182938232927 0.0
122.465582 1909.7522410006982 0.0
122.473453 1910.2861067971814 0.0
122.481324 1910.8198914040308 0.0
122.489195 1911.3535949082313 0.0
122.497066 1911.8872174673966 0.0
122.504937 1912.4207592182468 0.0
122.512808 1912.9542202479524 0.0
122.520679 1913.4876007608311 0.0
122.52855 1914.0209008418242 0.0
122.536421 1914.5541206276205 0.0
122.544292 1915.0872602690747 0.0
122.552163 1915.6203198503226 0.0
122.560034 1916.1532995560335 0.0
122.567905 1916.6861994852638 0.0
122.575776 1917.219019754773 0.0
122.583648 1917.7518486687648 0.0
122.591519 1918.284510012338 0.0
122.59939 1918.8170921067688 0.0
122.607261 1919.3495950656304 0.0
122.615132 1919.882018986648 0.0
122.623003 1920.4143640471423 0.0
122.630874 1920.9466303275883 0.0
122.638745 1921.478817972172 0.0
122.646616 1922.0109271083438 0.0
122.654487 1922.542957815874 0.0
122.662358 1923.0749102840987 0.0
122.670229 1923.6067845920206 0.0
122.6781 1924.1385808649522 0.0
122.685971 1924.6702992436706 0.0
122.693842 1925.2019398063107 0.0
122.701713 1925.7335027226893 0.0
122.709584 1926.2649880859688 0.0
122.717455 1926.796396003402 0.0
122.725326 1927.327726628594 0.0
122.733197 1927.8589800381396 0.0
122.741068 1928.3901563831753 0.0
122.748939 1928.9212557704898 0.0
122.75681 1929.4522782900297 0.0
122.764682 1929.9833120780863 0.0
122.772553 1930.5141812521067 0.0
122.780424 1931.0449739327153 0.0
122.788295 1931.57569023987 0.0
122.796166 1932.1063302481375 0.0
122.804037 1932.636894132971 0.0
122.811908 1933.1673819694226 0.0
122.819779 1933.6977938735135 0.0
122.82765 1934.2281299779143 0.0
122.835521 1934.7583903558666 0.0
122.843392 1935.2885751651252 0.0
122.851263 1935.8186844941279 0.0
122.859134 1936.3487184423655 0.0
122.867005 1936.8786771548357 0.0
122.874876 1937.4085607035393 0.0
122.882747 1937.938369229213 0.0
122.890618 1938.4681028332664 0.0
122.898489 1938.9977615992618 0.0
122.90636 1939.5273456841876 0.0
122.914231 1940.0568551588797 0.0
122.922102 1940.5862901476858 0.0
122.929973 1941.1156507646165 0.0
122.937845 1941.645024889067 0.0
122.945716 1942.1742370505633 0.0
122.953587 1942.703375146825 0.0
122.961458 1943.232439286364 0.0
122.969329 1943.761429595487 0.0
122.9772 1944.290346143512 0.0
122.985071 1944.8191890785256 0.0
122.992942 1945.347958485291 0.0
123.000813 1945.876654457029 0.0
123.008684 1946.4052771320403 0.0
123.016555 1946.9338265786614 0.0
123.024426 1947.4623029293216 0.0
123.032297 1947.990706281283 0.0
123.040168 1948.519036712951 0.0
123.048039 1949.0472943743796 0.0
123.05591 1949.5754793329932 0.0
123.063781 1950.1035917060617 0.0
123.071652 1950.6316316030789 0.0
123.079523 1951.159599091106 0.0
123.087394 1951.6874943256644 0.0
123.095265 1952.2153173763782 0.0
123.103136 1952.7430683458072 0.0
123.111007 1953.2707473554508 0.0
123.118879 1953.7984421128883 0.0
123.12675 1954.325977459596 0.0
123.134621 1954.8534411353576 0.0
123.142492 1955.3808332284102 0.0
123.150363 1955.908153872088 0.0
123.158234 1956.435403131888 0.0
123.166105 1956.962581133769 0.0
123.173976 1957.489687971981 0.0
123.181847 1958.0167237208232 0.0
123.189718 1958.543688525295 0.0
123.197589 1959.0705824502102 0.0
123.20546 1959.5974056073483 0.0
123.213331 1960.1241581029865 0.0
123.221202 1960.6508400016617 0.0
123.229073 1961.1774514522108 0.0
123.236944 1961.7039925226834 0.0
123.244815 1962.2304633110232 0.0
123.252686 1962.7568639353967 0.0
123.260557 1963.2831944597433 0.0
123.268428 1963.8094550188919 0.0
123.276299 1964.3356456930721 0.0
123.28417 1964.8617665666934 0.0
123.292042 1965.3879052515729 0.0
123.299913 1965.913886831327 0.0
123.307784 1966.4397989250238 0.0
123.315655 1966.9656416249713 0.0
123.323526 1967.491415002284 0.0
123.331397 1968.017119198661 0.0
123.339268 1968.542754277031 0.0
123.347139 1969.0683203451047 0.0
123.35501 1969.593817507165 0.0
123.362881 1970.119245825941 0.0
123.370752 1970.6446054454973 0.0
123.378623 1971.1698964330099 0.0
123.386494 1971.69511888302 0.0
123.394365 1972.2202729117378 0.0
123.402236 1972.7453585814974 0.0
123.410107 1973.2703760231198 0.0
123.417978 1973.795325315894 0.0
123.425849 1974.3202065413961 0.0
123.43372 1974.8450198277465 0.0
123.441591 1975.3697652369442 0.0
123.449462 1975.894442886788 0.0
123.457333 1976.4190528686452 0.0
123.465204 1976.9435952512956 0.0
123.473076 1977.4681574909553 0.0
123.480947 1977.992565001272 0.0
123.488818 1978.5169052191188 0.0
123.496689 1979.0411782479573 0.0
123.50456 1979.5653841493813 0.0
123.512431 1980.0895230644494 0.0
123.520302 1980.6135950601504 0.0
123.528173 1981.1376002287473 0.0
123.536044 1981.6615386858152 0.0
123.543915 1982.185410492748 0.0
123.551786 1982.7092157779362 0.0
123.559657 1983.2329546205724 0.0
123.567528 1983.756627100344 0.0
123.575399 1984.2802333450115 0.0
123.58327 1984.8037734158231 0.0
123.591141 1985.3272474286316 0.0
123.599012 1985.850655474888 0.0
123.606883 1986.3739976217805 0.0
123.614754 1986.8972740093586 0.0
123.622625 1987.4204846987793 0.0
123.630496 1987.943629793459 0.0
123.638367 1988.466685709698 0.0
123.646239 1988.9897303577372 0.0
123.65411 1989.5126225364716 0.0
123.661981 1990.03544948525 0.0
123.669852 1990.5582112955203 0.0
123.677723 1991.0809080790689 0.0
123.685594 1991.603539894798 0.0
123.693465 1992.12610687312 0.0
123.701336 1992.6486090869796 0.0
123.709207 1993.171046620212 0.0
123.717078 1993.6934195924684 0.0
123.724949 1994.2157280626836 0.0
123.73282 1994.7379721538105 0.0
123.740691 1995.2601519466098 0.0
123.748562 1995.7822675173259 0.0
123.756433 1996.304318993632 0.0
123.764304 1996.8263064345426 0.0
123.772175 1997.3482299556006 0.0
123.780046 1997.870089645511 0.0
123.787917 1998.3918855729278 0.0
123.795788 1998.9136178737233 0.0
123.803659 1999.4352866070385 0.0
123.81153 1999.9568918810392 0.0
123.819401 2000.4784337925207 0.0
123.827273 2000.9999993975455 0.0
123.835144 2001.5214148352247 0.0
123.843015 2002.0427671750415 0.0
123.850886 2002.5640565177714 0.0
123.858757 2003.0852829684875 0.0
123.866628 2003.6064465865722 0.0
123.874499 2004.1275475129178 0.0
123.88237 2004.6485858130843 0.0
123.890241 2005.1695615804629 0.0
123.898112 2005.6904749285836 0.0
123.905983 2006.2113259170812 0.0
123.913854 2006.7321146797751 0.0
123.921725 2007.2528412904776 0.0
123.929596 2007.7735058351589 0.0
123.937467 2008.2941084360245 0.0
123.945338 2008.8146491530142 0.0
123.953209 2009.3351281128694 0.0
123.96108 2009.8555453978436 0.0
123.968951 2010.3759010864303 0.0
123.976822 2010.8961953097532 0.0
123.984693 2011.4164281281082 0.0
123.992564 2011.9365996611361 0.0
124.000436 2012.456796839291 0.0
124.008307 2012.9768460396008 0.0
124.016178 2013.4968342567586 0.0
124.024049 2014.0167615514729 0.0
124.03192 2014.5366280362111 0.0
124.039791 2015.0564338107943 0.0
124.047662 2015.5761789384887 0.0
124.055533 2016.095863569098 0.0
124.063404 2016.6154877637973 0.0
124.071275 2017.1350516278305 0.0
124.079146 2017.6545552701812 0.0
124.087017 2018.1739987521823 0.0
124.094888 2018.6933822217372 0.0
124.102759 2019.212705746396 0.0
124.11063 2019.7319694240841 0.0
124.118501 2020.2511733732374 0.0
124.126372 2020.7703176557354 0.0
124.134243 2021.2894024126817 0.0
124.142114 2021.8084277206788 0.0
124.149985 2022.327393670222 0.0
124.157856 2022.8463003895174 0.0
124.165727 2023.3651479410478 0.0
124.173599 2023.8840231441525 0.0
124.18147 2024.4027527000615 0.0
124.189341 2024.9214233912985 80.93
124.197212 2025.4400353562112 136.77
124.205083 2025.9585886579412 0.0
124.212954 2026.477083423708 2.54
124.220825 2026.9955197491345 0.0
124.228696 2027.5138977093875 0.0
124.236567 2028.0322174533142 29.33
124.244438 2028.5504790447776 32.38
124.252309 2029.0686826038823 0.0
124.26018 2029.5868282362574 153.42
124.268051 2030.1049160091454 0.0
124.275922 2030.6229460822997 0.0
124.283793 2031.1409185203706 42.82
124.291664 2031.6588334361925 26.6
124.299535 2032.1766909457792 351.83
124.307406 2032.6944911140563 0.0
124.315277 2033.212234100478 552.3
124.323148 2033.7299199763702 0.0
124.331019 2034.2475488471202 298.9
124.33889 2034.7651208395343 0.0
124.346761 2035.2826360194133 0.0
124.354633 2035.8001810643511 1012.65
124.362504 2036.3175829920604 5.41
124.370375 2036.8349284392427 6.87
124.378246 2037.3522175439552 139.7
124.386117 2037.8694503729437 563.6
124.393988 2038.386627072099 0.0
124.401859 2038.9037477335214 110.74
124.40973 2039.42081244705 394.4
124.417601 2039.9378213624534 0.0
124.425472 2040.4547745474918 51.18
124.433343 2040.971672141013 33.6
124.441214 2041.4885142461392 137.62
124.449085 2042.0053009445694 440.81
124.456956 2042.522032398298 0.0
124.464827 2043.038708676171 0.0
124.472698 2043.5553299097771 83.38
124.480569 2044.0718962137382 223.99
124.48844 2044.5884076613252 0.0
124.496311 2045.1048644273094 0.0
124.504182 2045.6212665816986 0.0
124.512053 2046.1376142485797 66.14
124.519924 2046.6539075545859 0.0
124.527796 2047.1702329427999 0.0
124.535667 2047.6864178304738 23.09
124.543538 2048.202548681214 0.0
124.551409 2048.71862561131 0.0
124.55928 2049.2346487599793 39.9
124.567151 2049.7506181989265 0.0
124.575022 2050.2665340977355 92.07
124.582893 2050.782396545268 204.03
124.590764 2051.298205649733 418.57
124.598635 2051.8139615635137 207.42
124.606506 2052.3296643596655 0.0
124.614377 2052.8453142007907 103.65
124.622248 2053.3609111879914 75.61
124.630119 2053.8764554210643 72.01
124.63799 2054.3919470661917 0.0
124.645861 2054.9073861978713 0.0
124.653732 2055.4227729714376 0.0
124.661603 2055.9381075008314 0.0
124.669474 2056.4533898770637 16.92
124.677345 2056.9686202808048 85.57
124.685216 2057.483798788083 0.0
124.693087 2057.9989255466517 412.87
124.700958 2058.514000683928 161.04
124.70883 2059.029110496484 0.0
124.716701 2059.5440827373436 0.0
124.724572 2060.05900371231 17.75
124.732443 2060.5738735611794 0.0
124.740314 2061.0886924255597 0.0
124.748185 2061.60346038371 0.0
124.756056 2062.118177635371 257.61
124.763927 2062.6328442660188 0.0
124.771798 2063.147460407131 116.17
124.779669 2063.662026215223 220.44
124.78754 2064.1765417703177 0.0
124.795411 2064.6910072652513 0.0
124.803282 2065.205422799209 316.81
124.811153 2065.7197884949296 1.6
124.819024 2066.2341045246253 0.0
124.826895 2066.748370970191 0.0
124.834766 2067.2625880172027 23.01
124.842637 2067.7767557792895 0.0
124.850508 2068.29087436999 0.0
124.858379 2068.8049439780666 0.0
124.86625 2069.3189646873952 103.94
124.874121 2069.832936675893 39.35
124.881993 2070.3469461373843 223.45
124.889864 2070.860821032845 33.62
124.897735 2071.3746476464335 0.0
124.905606 2071.888426064126 0.0
124.913477 2072.4021564557183 0.0
124.921348 2072.9158389662075 0.0
124.929219 2073.4294736891425 0.0
124.93709 2073.9430608492116 0.0
124.944961 2074.456600534613 37.93
124.952832 2074.9700929065693 14.7
124.960703 2075.483538127094 0.0
124.968574 2075.99693628521 0.0
124.976445 2076.5102876124324 0.0
124.984316 2077.023592205638 0.0
124.992187 2077.5368502169586 74.05
125.000058 2078.0500618264027 0.0
125.007929 2078.563227125397 19.64
125.0158 2079.0763463382527 98.72
125.023671 2079.5894195782357 112.23
125.031542 2080.10244698782 56.37
125.039413 2080.615428766061 0.0
125.047284 2081.1283650069295 0.0
125.055155 2081.6412559270484 58.67
125.063027 2082.154187566699 0.0
125.070898 2082.6669882263304 0.0
125.078769 2083.1797440473215 0.0
125.08664 2083.692455126329 0.0
125.094511 2084.2051216717255 0.0
125.102382 2084.717743832619 0.0
125.110253 2085.230321730209 0.0
125.118124 2085.7428556051686 0.0
125.125995 2086.2553455569987 0.0
125.133866 2086.7677917852666 361.09
125.141737 2087.2801944586554 0.0
125.149608 2087.7925536866737 0.0
125.157479 2088.304869732692 0.0
125.16535 2088.817142699219 78.79
125.173221 2089.329372776383 82.18
125.181092 2089.841560153662 0.0
125.188963 2090.3537049346896 0.0
125.196834 2090.865807393708 122.95
125.204705 2091.3778676430165 123.34
125.212576 2091.8898858626117 0.0
125.220447 2092.4018622640747 0.0
125.228318 2092.913796954297 0.0
125.23619 2093.4257759622765 31.36
125.244061 2093.9376278836257 270.26
125.251932 2094.4494386617375 298.12
125.259803 2094.9612085317453 104.9
125.267674 2095.472937603977 507.25
125.275545 2095.9846261367748 8.64
125.283416 2096.4962742837174 78.16
125.291287 2097.0078822021637 0.0
125.299158 2097.519450152281 75.87
125.307029 2098.0309782480326 32.49
125.3149 2098.542466738808 0.0
125.322771 2099.053915800882 834.63
125.330642 2099.565325579005 2634.7
125.338513 2100.0766963600013 142.33
125.346384 2100.588028261685 1029.76
125.354255 2101.0993215237204 350.71
125.362126 2101.6105763466057 0.0
125.369997 2102.121792861508 0.0
125.377868 2102.6329713836567 237.33
125.385739 2103.144112034941 0.0
125.39361 2103.6552150444586 0.0
125.401481 2104.166280638571 102.31
125.409352 2104.6773089407134 0.0
125.417224 2105.188385892441 0.0
125.425095 2105.699340395878 0.0
125.432966 2106.210258289772 0.0
125.440837 2106.7211398281556 0.0
125.448708 2107.2319851388725 89.22
125.456579 2107.74279454549 334.48
125.46445 2108.253568205917 17.36
125.472321 2108.764306325244 0.0
125.480192 2109.275009187035 38.28
125.488063 2109.7856769238037 0.0
125.495934 2110.2963098501846 33.19
125.503805 2110.806908150619 0.0
125.511676 2111.317472016625 30.13
125.519547 2111.8280017633447 361.86
125.527418 2112.3384975282365 71.64
125.535289 2112.8489596160784 0.0
125.54316 2113.3593882397618 0.0
125.551031 2113.8697835760395 53.3
125.558902 2114.380145973837 223.56
125.566773 2114.890475575854 1494.28
125.574644 2115.4007726759987 363.32
125.582515 2115.911037517676 0.0
125.590387 2116.4213557269854 75.44
125.598258 2116.931556747617 58.86
125.606129 2117.4417262038696 90.54
125.614 2117.9518643776228 537.46
125.621871 2118.461971545073 0.0
125.629742 2118.972047856613 0.0
125.637613 2119.482093721665 0.0
125.645484 2119.9921093015882 0.0
125.653355 2120.5020948650713 0.0
125.661226 2121.012050723459 276.66
125.669097 2121.5219770331732 0.0
125.676968 2122.031874195048 0.0
125.684839 2122.5417424017237 1150.1
125.69271 2123.0515819073685 238.85
125.700581 2123.5613930610716 22.69
125.708452 2124.0711760256536 297.81
125.716323 2124.580931192261 150.78
125.724194 2125.0906587872296 0.0
125.732065 2125.6003590487617 213.14
125.739936 2126.110032366493 0.0
125.747807 2126.619678910038 191.49
125.755678 2127.129299059641 0.0
125.763549 2127.638893077956 388.71
125.771421 2128.1485465016485 0.0
125.779292 2128.6580891221756 0.0
125.787163 2129.167606442171 2255.5
125.795034 2129.677098829579 5268.21
125.802905 2130.1865665862697 492.72
125.810776 2130.696009913544 4108.62
125.818647 2131.2054292915254 1891.03
125.826518 2131.714824904713 29.05
125.834389 2132.2241971073513 1132.05
125.84226 2132.7335462435285 0.0
125.850131 2133.2428725007135 1403.41
125.858002 2133.7521763947316 391.31
125.865873 2134.2614581255775 1835.2
125.873744 2134.7707180321822 452.72
125.881615 2135.27995650418 2345.07
125.889486 2135.7891737373934 162.61
125.897357 2136.2983702386705 799.98
125.905228 2136.807546248277 772.94
125.913099 2137.3167020880596 287.26
125.92097 2137.8258381968017 592.41
125.928841 2138.3349547792136 590.74
125.936712 2138.8440523317245 58.31
125.944584 2139.3532163130712 0.0
125.952455 2139.8622766676117 56.01
125.960326 2140.371319070873 102.28
125.968197 2140.8803437370316 102.59
125.976068 2141.389351150427 150.49
125.983939 2141.8983416422807 0.0
125.99181 2142.407315494179 399.28
125.999681 2142.916273255324 57.85
126.007552 2143.4252151499777 12.16
126.015423 2143.9341416486936 0.0
126.023294 2144.443053133914 40.78
126.031165 2144.9519498637237 575.28
126.039036 2145.4608324492124 0.0
126.046907 2145.96970112539 317.91
126.054778 2146.478556347076 202.28
126.062649 2146.9873985522327 0.0
126.07052 2147.496227980078 0.0
126.078391 2148.005045294175 214.22
126.086262 2148.5138507482034 45.79
126.094133 2149.0226447790888 83.95
126.102004 2149.5314278849946 0.0
126.109875 2150.0402003169106 183.82
126.117746 2150.5489627293778 0.0
126.125618 2151.0578004581166 0.0
126.133489 2151.5665438539754 0.0
126.14136 2152.07527851717 0.0
126.149231 2152.584004711257 0.0
126.157102 2153.0927230797724 0.0
126.164973 2153.601433987012 153.32
126.172844 2154.1101378266353 21.57
126.180715 2154.618835233036 177.14
126.188586 2155.1275264831984 0.0
126.196457 2155.6362122076284 0.0
126.204328 2156.1448928334066 78.11
126.212199 2156.653568728389 0.0
126.22007 2157.1622406038546 0.0
126.227941 2157.67090875115 0.0
126.235812 2158.179573785396 230.73
126.243683 2158.6882362020947 15.39
126.251554 2159.1968963400927 0.0
126.259425 2159.705554994142 171.29
126.267296 2160.2142124709617 0.0
126.275167 2160.7228693676666 0.0
126.283038 2161.2315262543366 42.65
126.290909 2161.740183443781 3.41
126.298781 2162.248926700166 180.74
126.306652 2162.7575865636445 27.96
126.314523 2163.2662485081855 0.0
126.322394 2163.7749131852893 33.1
126.330265 2164.2835809246913 58.98
126.338136 2164.7922525904323 175.42
126.346007 2165.3009285833264 1.75
126.353878 2165.8096094553007 181.13
126.361749 2166.318295946532 618.03
126.36962 2166.8269884049037 53.89
126.377491 2167.335687683707 0.0
126.385362 2167.844394261592 139.2
126.393233 2168.3531086627245 0.0
126.401104 2168.86183172401 0.0
126.408975 2169.3705638128113 215.23
126.416846 2169.8793057688576 36.49
126.424717 2170.388058156114 0.0
126.432588 2170.89682146698 107.51
126.440459 2171.4055966439173 0.0
126.44833 2171.914384075209 97.63
126.456201 2172.4231845838644 0.0
126.464072 2172.931998827376 54.38
126.471944 2173.4409120185496 88.91
126.479815 2173.949755697608 179.46
126.487686 2174.458615036317 67.2
126.495557 2174.967490837279 0.0
126.503428 2175.476383860673 185.43
126.511299 2175.9852945263274 553.09
126.51917 2176.4942240080227 77.85
126.527041 2177.0031727456776 72.7
126.534912 2177.512141517642 0.0
126.542783 2178.0211311965677 376.91
126.550654 2178.530142227222 430.42
126.558525 2179.0391757776633 1908.91
126.566396 2179.5482323854726 819.27
126.574267 2180.0573128002898 238.5
126.582138 2180.5664180181434 168.04
126.590009 2181.075548510679 0.0
126.59788 2181.584705436928 0.0
126.605751 2182.093889442209 0.0
126.613622 2182.6031012424496 84.24
126.621493 2183.1123419690693 0.0
126.629364 2183.6216121227008 0.0
126.637235 2184.1309128495923 228.73
126.645106 2184.6402449139246 200.23
126.652978 2185.149693610449 7.24
126.660849 2185.6590909811166 0.0
126.66872 2186.168522177998 0.0
126.676591 2186.677988330107 172.19
126.684462 2187.1874903329567 0.0
126.692333 2187.6970288173834 0.0
126.700204 2188.206605226816 3.02
126.708075 2188.7162201270166 0.0
126.715946 2189.2258746250955 0.0
126.723817 2189.735569761307 0.0
126.731688 2190.245306115249 73.76
126.739559 2190.7550853068647 0.0
126.74743 2191.264907939906 13.46
126.755301 2191.7747750940907 0.0
126.763172 2192.2846879694384 17.09
126.771043 2192.794647183365 237.7
126.778914 2193.3046543562323 0.0
126.786785 2193.8147102297494 0.0
126.794656 2194.324815850026 2096.45
126.802527 2194.8349725934804 2719.69
126.810398 2195.345181118512 38.07
126.818269 2195.855443041555 34.77
126.826141 2196.365843746539 0.0
126.834012 2196.8762152621384 0.0
126.841883 2197.3866436477 45.63
126.849754 2197.8971296060886 183.02
126.857625 2198.4076747445542 2.4
126.865496 2198.9182801286474 0.0
126.873367 2199.4289467149806 191.75
126.881238 2199.939676290311 0.0
126.889109 2200.450469605801 3.2
126.89698 2200.961328253956 0.0
126.904851 2201.4722534896005 270.87
126.912722 2201.983246211727 0.0
126.920593 2202.4943084450388 11.98
126.928464 2203.0054409932095 180.81
126.936335 2203.5166454273567 205.78
126.944206 2204.027923212664 0.0
126.952077 2204.539275180329 0.0
126.959948 2205.0507036181757 115.05
126.967819 2205.562209387053 0.0
126.97569 2206.073794029051 0.0
126.983561 2206.5854592432006 0.0
126.991432 2207.097205914364 738.72
126.999303 2207.609036355557 26.46
127.007175 2208.121035980596 0.0
127.015046 2208.6330375835837 0.0
127.022917 2209.145127476432 142.69
127.030788 2209.6573066086617 5205.46
127.038659 2210.169577301312 1324.23
127.04653 2210.6819408357906 78.32
127.054401 2211.1943986682923 261.39
127.062272 2211.7069530474523 160.32
127.070143 2212.2196049934114 64.39
127.078014 2212.732356828895 68.91
127.085885 2213.245210087241 77.15
127.093756 2213.7581661653653 295.1
127.101627 2214.271227633781 13.96
127.109498 2214.7843955898543 56.71
127.117369 2215.2976723502097 136.14
127.12524 2215.8110597303175 0.0
127.133111 2216.3245590547112 241.03
127.140982 2216.8381732522257 291.66
127.148853 2217.3519035047966 14.58
127.156724 2217.865752113831 137.13
127.164595 2218.3797212107984 0.0
127.172466 2218.8938120328858 2.58
127.180338 2219.4081121447034 536.36
127.188209 2219.9224543582263 0.0
127.19608 2220.4369251750313 0.0
127.203951 2220.951527081025 118.62
127.211822 2221.46626139083 9.98
127.219693 2221.981131512907 0.0
127.227564 2222.4961390060544 0.0
127.235435 2223.01128610716 66.65
127.243306 2223.5265756988424 0.0
127.251177 2224.042009201797 0.0
127.259048 2224.5575900602707 0.0
127.266919 2225.0733201750536 178.16
127.27479 2225.5892017304104 406.68
127.282661 2226.1052380536453 0.0
127.290532 2226.6214306821907 16.63
127.298403 2227.137783087578 164.84
127.306274 2227.654297556818 32.71
127.314145 2228.170976204893 0.0
127.322016 2228.6878228577457 0.0
127.329887 2229.204839181472 0.0
127.337758 2229.722028664636 119.64
127.345629 2230.2393940304037 0.0
127.3535 2230.7569373052115 176.65
127.361372 2231.2747469909737 24.01
127.369243 2231.7926566809756 0.0
127.377114 2232.310753966782 0.0
127.384985 2232.8290420647368 3.32
127.392856 2233.3475228898697 0.0
127.400727 2233.8662014558568 0.0
127.408598 2234.3850797278124 103.22
127.416469 2234.904161188534 0.0
127.42434 2235.4234496107943 0.0
127.432211 2235.942947029488 0.0
127.440082 2236.462658650364 324.9
127.447953 2236.982586868748 0.0
127.455824 2237.502735140147 159.26
127.463695 2238.023107865937 30.82
127.471566 2238.5437072629525 0.0
127.479437 2239.064538632606 133.4
127.487308 2239.585604911018 88.52
127.495179 2240.1069095059033 0.0
127.50305 2240.6284575289433 0.0
127.510921 2241.1502513989067 33.15
127.518792 2241.6722965028384 67.72
127.526663 2242.1945963930175 0.0
127.534535 2242.7172384146656 0.0
127.542406 2243.240060491951 0.0
127.550277 2243.763149249929 434.16
127.558148 2244.2865101477846 82.85
127.566019 2244.810147440537 40.98
127.57389 2245.3340643629417 0.0
127.581761 2245.858267738 766.99
127.589632 2246.382760458916 27.48
127.597503 2246.907548042041 1.23
127.605374 2247.432635541883 0.0
127.613245 2247.95802605986 88.96
127.621116 2248.4837274454408 71.67
127.628987 2249.009742870518 72.13
127.636858 2249.5360778892777 355.94
127.644729 2250.062738466701 76.72
127.6526 2250.5897279035203 41.09
127.660471 2251.1170544678803 0.0
127.668342 2251.6447220141104 170.28
127.676213 2252.1727361107182 1.69
127.684084 2252.701103759455 0.0
127.691955 2253.229828588778 0.0
127.699826 2253.7589190916256 77.69
127.707697 2254.2883800148425 0.0
127.715569 2254.818300821983 0.0
127.72344 2255.348521921379 47.43
127.731311 2255.879131174591 0.0
127.739182 2256.4101372886425 0.0
127.747053 2256.9415460371197 68.2
127.754924 2257.473362925367 0.0
127.762795 2258.005597480691 0.0
127.770666 2258.5382541100844 134.84
127.778537 2259.07134172248 944.47
127.786408 2259.604867268999 2377.76
127.794279 2260.138836166699 907.08
127.80215 2260.673259472494 740.18
127.810021 2261.208142055486 236.99
127.817892 2261.743493008736 367.46
127.825763 2262.2793206343654 1032.34
127.833634 2262.8156302136326 117.12
127.841505 2263.352434543822 289.94
127.849376 2263.8897390136153 270.15
127.857247 2264.427552877202 0.0
127.865118 2264.9658859854712 141.84
127.872989 2265.50474397961 108.19
127.88086 2266.0441405333304 0.0
127.888732 2266.584166001372 209.07
127.896603 2267.1246621766268 12.26
127.904474 2267.6657244493804 261.44
127.912345 2268.2073590808122 0.0
127.920216 2268.7495802398457 0.0
127.928087 2269.2923959885366 34.69
127.935958 2269.8358158075575 0.0
127.943829 2270.3798533528234 0.0
127.9517 2270.924515584852 140.24
127.959571 2271.4698171657124 0.0
127.967442 2272.015767931167 0.0
127.975313 2272.562377414382 336.64
127.983184 2273.109661589777 5.35
127.991055 2273.657628207322 0.0
127.998926 2274.2062924130882 185.19
128.006797 2274.755666087543 0.0
128.014668 2275.3057587643048 1364.5
128.022539 2275.8565890619384 97.33
128.03041 2276.408165621933 502.6
128.038281 2276.9605040588926 207.25
128.046152 2277.5136186046475 0.0
128.054023 2278.067518732182 136.56
128.061894 2278.6222260689533 92.23
128.069766 2279.177834033966 10.03
128.077637 2279.7341912484726 0.0
128.085508 2280.291398311999 504.15
128.093379 2280.849465394398 71.33
128.10125 2281.4084158791566 37.38
128.109121 2281.968261381535 258.26
128.116992 2282.52901837452 128.39
128.124863 2283.0907068697124 0.0
128.132734 2283.6533382485013 299.51
128.140605 2284.2169369106955 202.75
128.148476 2284.7815171749626 120.63
128.156347 2285.3470958903968 145.53
128.164218 2285.9136965735393 554.08
128.172089 2286.4813319722384 11.6
128.17996 2287.0500275025256 0.0
128.187831 2287.6198005890487 17.64
128.195702 2288.1906684098117 648.82
128.203573 2288.7626584467866 101.36
128.211444 2289.335784985382 120.78
128.219315 2289.9100744462366 19.98
128.227186 2290.485547799124 6978.47
128.235057 2291.0622224964877 1404.64
128.242929 2291.640214223908 1404.18
128.2508 2292.2193716525744 542.64
128.258671 2292.7998057732034 109.56
128.266542 2293.3815415729223 645.45
128.274413 2293.9645967154024 6.02
128.282284 2294.5490081016032 0.0
128.290155 2295.13479366387 345.51
128.298026 2295.721981738469 205.02
128.305897 2296.3106018096555 0.0
128.313768 2296.900672889701 141.13
128.321639 2297.4922349490103 0.0
128.32951 2298.085309242833 19.2
128.337381 2298.6799249918363 158.6
128.345252 2299.276116651489 66.55
128.353123 2299.8739054978946 0.0
128.360994 2300.473333085651 45.71
128.368865 2301.074425165403 361.85
128.376736 2301.677211771897 370.55
128.384607 2302.281732757823 76.03
128.392478 2302.888011870663 0.0
128.400349 2303.496092114404 5.61
128.40822 2304.1060041642036 28.68
128.416092 2304.717862564025 0.0
128.423963 2305.331545568915 197.98
128.431834 2305.9471631222773 134.09
128.439705 2306.5647594753254 235.49
128.447576 2307.1843705601405 157.17
128.455447 2307.8060277794098 0.0
128.463318 2308.4297825469857 7.7
128.471189 2309.0556640464447 0.0
128.47906 2309.6837175097276 0.0
128.486931 2310.313984258173 0.0
128.494802 2310.9464962500924 106.13
128.502673 2311.5813105445536 36.9
128.510544 2312.2184591417863 67.86
128.518415 2312.8579878978394 5.64
128.526286 2313.4999433445932 0.0
128.534157 2314.144359249231 18.95
128.542028 2314.79129499258 15.07
128.549899 2315.4407865921658 19.12
128.55777 2316.092880076848 114.07
128.565641 2316.747626520477 197.46
128.573512 2317.4050623608264 829.75
128.581383 2318.0652461313834 25.65
128.589254 2318.7282183998423 83.72
128.597126 2319.394108703421 11.8
128.604997 2320.062803866949 386.29
128.612868 2320.734426038173 55.54
128.620739 2321.409031573672 22.32
128.62861 2322.086664369253 843.02
128.636481 2322.767369048566 773.05
128.644352 2323.4512005970314 15.49
128.652223 2324.1381989467627 0.0
128.660094 2324.828416639812 40.9
128.667965 2325.521898693161 298.77
128.675836 2326.218687986355 0.0
128.683707 2326.9188365083237 643.61
128.691578 2327.622384098914 231.84
128.699449 2328.3293775241805 916.06
128.70732 2329.039859419761 0.0
128.715191 2329.753870165921 50.58
128.723062 2330.4714532942216 1420.13
128.730933 2331.1926464967505 73.39
128.738804 2331.9174885275297 0.0
128.746675 2332.6460145115125 205.0
128.754546 2333.378261294877 105.23
128.762417 2334.1142571123114 0.0
128.770289 2334.854118419135 191.63
128.77816 2335.5977059714282 1430.9
128.786031 2336.3451239325977 168.49
128.793902 2337.0964026038114 60.99
128.801773 2337.8515501971074 101.58
128.809644 2338.6105878085846 306.55
128.817515 2339.3735310640623 165.83
128.825386 2340.140377128254 962.0
128.833257 2340.9111457967697 612.15
128.841128 2341.6858211316303 950.95
128.848999 2342.4644049763792 394.65
128.85687 2343.246898328456 1135.66
128.864741 2344.033264405469 5666.33
128.872612 2344.8235080778663 9902.68
128.880483 2345.617585935871 1989.05
128.888354 2346.415471391618 316.4
128.896225 2347.2171498224793 1537.37
128.904096 2348.022539305874 2048.02
128.911967 2348.8316254658807 466.95
128.919838 2349.6443357462945 315.3
128.927709 2350.4606056995385 418.23
128.93558 2351.280405573083 1256.15
128.943451 2352.103597987841 0.0
128.951323 2352.9302300294 782.39
128.959194 2353.760033158783 161.1
128.967065 2354.592980607227 191.88
128.974936 2355.4290244463255 0.0
128.982807 2356.267975665757 228.03
128.990678 2357.1097677119915 2504.37
128.998549 2357.954275782338 547.79
129.00642 2358.801338721245 1686.04
129.014291 2359.6508847496675 1969.19
129.022162 2360.5026922186303 6825.01
129.030033 2361.3566561590997 3612.87
129.037904 2362.2126355562978 1145.56
129.045775 2363.0704190208126 5036.23
129.053646 2363.929914206835 4922.7
129.061517 2364.7908793129923 1775.73
129.069388 2365.653172421772 0.0
129.077259 2366.516647129138 132.57
129.08513 2367.3810487704363 1160.61
129.093001 2368.2462711055273 0.0
129.100872 2369.112068167517 761.8
129.108743 2369.978267864845 321.24
129.116614 2370.844730753954 1516.05
129.124486 2371.7112559760603 187.24
129.132357 2372.577564962386 1264.84
129.140228 2373.4435085346427 3175.97
129.148099 2374.3088958222847 4547.76
129.15597 2375.1736061178904 649.66
129.163841 2376.0373425613047 2642.44
129.171712 2376.8999997169694 9717.96
129.179583 2377.7613728500237 2017.5
129.187454 2378.621266583324 796.28
129.195325 2379.479581391589 1451.49
129.203196 2380.3360406872985 2454.88
129.211067 2381.1905471673504 2587.35
129.218938 2382.0429353170707 0.0
129.226809 2382.893019747791 495.39
129.23468 2383.740718928003 458.59
129.242551 2384.5858101322424 314.79
129.250422 2385.428202843237 893.47
129.258293 2386.2677759637763 224.36
129.266164 2387.104366450369 52.23
129.274035 2387.9379155475535 138.08
129.281906 2388.768258494582 331.22
129.289777 2389.5953194506665 321.08
129.297648 2390.4190211808955 154.01
129.30552 2391.2393151296787 92.85
129.313391 2392.055999160968 407.27
129.321262 2392.8690480098576 104.85
129.329133 2393.678405617358 0.0
129.337004 2394.484033539234 0.0
129.344875 2395.2858349907774 92.49
129.352746 2396.083797908302 0.0
129.360617 2396.8778613797244 0.0
129.368488 2397.667991394023 47.1
129.376359 2398.4541804639953 0.0
129.38423 2399.236367597674 8.43
129.392101 2400.0145597953465 147.16
129.399972 2400.7887347454594 62.04
129.407843 2401.558880285638 0.0
129.415714 2402.325009890744 0.0
129.423585 2403.08709846886 18.91
129.431456 2403.84516640727 286.82
129.439327 2404.599219707483 5.39
129.447198 2405.349266130839 222.26
129.455069 2406.0953315824045 0.0
129.46294 2406.8374231954385 0.0
129.470811 2407.5755699939914 224.52
129.478683 2408.3098803818752 40.05
129.486554 2409.040211511169 313.0
129.494425 2409.766681588398 50.92
129.502296 2410.489319395109 0.0
129.510167 2411.208161364855 1258.56
129.518038 2411.923243279996 524.23
129.525909 2412.63460360884 178.18
129.53378 2413.3422811972127 102.56
129.541651 2414.0463178026275 195.31
129.549522 2414.7467557903374 76.74
129.557393 2415.4436358048083 304.75
129.565264 2416.1370067496537 1879.26
129.573135 2416.8269093912795 1988.55
129.581006 2417.513391835212 22.79
129.588877 2418.196500865462 757.76
129.596748 2418.8762776509316 11634.62
129.604619 2419.552778556673 58.17
129.61249 2420.226044252523 1441.96
129.620361 2420.8961244351303 2332.14
129.628232 2421.5630688991478 2789.49
129.636103 2422.226916992467 1302.21
129.643974 2422.8877289561947 1412.01
129.651845 2423.5455445146486 687.68
129.659717 2424.2004954684844 2150.84
129.667588 2424.852465608148 886.96
129.675459 2425.50157656123 573.83
129.68333 2426.147886894992 389.04
129.691201 2426.791436269552 227.96
129.699072 2427.4322691894486 173.88
129.706943 2428.07043797868 119.87
129.714814 2428.705977731273 236.58
129.722685 2429.338943273718 1807.37
129.730556 2429.969373941366 594.01
129.738427 2430.5973095743375 1136.82
129.746298 2431.22280241175 282.24
129.754169 2431.845884770931 118.31
129.76204 2432.466606578724 6420.3
129.769911 2433.0850066003036 19077.94
129.777782 2433.701119559298 9.39
129.785653 2434.3149969614697 2098.5
129.793524 2434.9266682482576 713.89
129.801395 2435.5361779292703 1952.42
129.809266 2436.143563981002 1575.44
129.817137 2436.7488559775093 112.7
129.825008 2437.3521042025423 1184.09
129.83288 2437.953419071843 0.0
129.840751 2438.552671735764 210.62
129.848622 2439.1499832586364 0.0
129.856493 2439.745378740072 648.24
129.864364 2440.338905991163 333.78
129.872235 2440.930589389582 0.0
129.880106 2441.5204626202785 3.48
129.887977 2442.1085615729817 52.5
129.895848 2442.6949087981907 403.91
129.903719 2443.2795463047114 41.35
129.91159 2443.8624979644796 964.24
129.919461 2444.4437924968906 223.48
129.927332 2445.023464562305 231.35
129.935203 2445.6015343567565 1139.38
129.943074 2446.1780384488206 363.09
129.950945 2446.753000159437 16688.99
129.958816 2447.3264436774944 12651.48
129.966687 2447.8984023568337 643.74
129.974558 2448.468894248586 384.44
129.982429 2449.037950928243 802.11
129.9903 2449.605595117768 421.47
129.998171 2450.171846943306 809.4
130.006042 2450.736738404114 216.94
130.013914 2451.3003694381155 357.74
130.021785 2451.862599295275 107.32
130.029656 2452.423534050381 170.5
130.037527 2452.983190230362 1049.05
130.045398 2453.541598459848 39.05
130.053269 2454.098773121754 232.82
130.06114 2454.6547372469313 14.8
130.069011 2455.2095122365317 85.46
130.076882 2455.763111685357 189.86
130.084753 2456.315564401817 0.0
130.092624 2456.8668834413693 204.25
130.100495 2457.417088268532 79.53
130.108366 2457.966199574932 157.57
130.116237 2458.514229507776 113.82
130.124108 2459.0612029300246 331.58
130.131979 2459.6071328134476 0.0
130.13985 2460.152035488048 0.0
130.147721 2460.695930916285 49.7
130.155592 2461.238829959257 0.0
130.163463 2461.780753988053 364.84
130.171334 2462.3217158329503 0.0
130.179205 2462.8617290843176 0.0
130.187077 2463.400896753087 35.68
130.194948 2463.9390608635795 309.24
130.202819 2464.4763236187687 155.6
130.21069 2465.0126976593556 26.87
130.218561 2465.548194189701 323.97
130.226432 2466.082831690753 0.0
130.234303 2466.616618872647 0.0
130.242174 2467.1495713285653 791.74
130.250045 2467.681701464596 102.84
130.257916 2468.2130184191183 11.5
130.265787 2468.7435399327783 0.0
130.273658 2469.2732738210193 15.67
130.281529 2469.8022333146905 0.0
130.2894 2470.3304305505317 49.4
130.297271 2470.8578729646338 0.0
130.305142 2471.384577400846 0.0
130.313013 2471.9105509650844 0.0
130.320884 2472.4358048257495 80.56
130.328755 2472.9603508227797 17.92
130.336626 2473.48419564668 0.0
130.344497 2474.0073538388415 0.0
130.352368 2474.5298325956705 61.24
130.36024 2475.051725012043 0.0
130.368111 2475.572875075027 23.53
130.375982 2476.093372627122 0.0
130.383853 2476.613230186882 36.72
130.391724 2477.132454990391 38.23
130.399595 2477.6510548437395 37.79
130.407466 2478.169040938005 2.64
130.415337 2478.6864187152796 19.01
130.423208 2479.203198921731 74.83
130.431079 2479.7193887871704 66.52
130.43895 2480.2349947593684 464.42
130.446821 2480.750027686581 0.0
130.454692 2481.2644924892434 0.0
130.462563 2481.778398360465 0.0
130.470434 2482.2917524867917 137.88
130.478305 2482.804560137298 0.0
130.486176 2483.316831811731 591.36
130.494047 2483.828571966418 21.79
130.501918 2484.3397884344326 0.0
130.509789 2484.850488328499 0.0
130.51766 2485.3606759158415 0.0
130.525531 2485.8703613059643 65.43
130.533402 2486.379548561572 44.97
130.541274 2486.888327959352 144.97
130.549145 2487.3965391789616 198.38
130.557016 2487.9042697974587 0.0
130.564887 2488.411528587604 0.0
130.572758 2488.9183197372913 91.64
130.580629 2489.424648846556 0.0
130.5885 2489.9305228116414 97.42
130.596371 2490.4359451583427 7.46
130.604242 2490.940923482573 26.26
130.612113 2491.445462057896 0.0
130.619984 2491.949565573451 35.14
130.627855 2492.453240790826 188.76
130.635726 2492.956490922946 85.87
130.643597 2493.4593225286794 266.06
130.651468 2493.9617399346675 281.73
130.659339 2494.4637470336293 12.37
130.66721 2494.96535044029 4011.18
130.675081 2495.4665530872976 2004.63
130.682952 2495.9673606195734 1559.13
130.690823 2496.4677773893136 0.0
130.698694 2496.9678065931457 85.04
130.706565 2497.467454689794 0.0
130.714437 2497.9668078951167 95.76
130.722308 2498.465703926368 0.0
130.730179 2498.9642307264085 1.56
130.73805 2499.4623908829526 51.04
130.745921 2499.960190692903 0.0
130.753792 2500.4576326114325 0.0
130.761663 2500.954720767098 0.0
130.769534 2501.451459498313 504.87
130.777405 2501.9478511709726 179.69
130.785276 2502.4439012965745 202.16
130.793147 2502.939612436107 0.0
130.801018 2503.434988092166 55.58
130.808889 2503.9300325701756 0.0
130.81676 2504.4247480419945 48.39
130.824631 2504.9191393107008 103.06
130.832502 2505.413209023369 0.0
130.840373 2505.906960130717 226.99
130.848244 2506.4003968919765 74.58
130.856115 2506.893521303912 19.14
130.863986 2507.386337540716 64.65
130.871857 2507.8788483130643 269.52
130.879728 2508.371056085101 0.0
130.887599 2508.8629650590933 358.85
130.895471 2509.3546604939593 6947.1
130.903342 2509.8459791218547 637.91
130.911213 2510.3370071615136 66.84
130.919084 2510.8277466475656 528.64
130.926955 2511.3182017171466 0.0
130.934826 2511.8083740655375 99.63
130.942697 2512.298266811771 5.21
130.950568 2512.7878827392615 0.0
130.958439 2513.2772235045213 173.16
130.96631 2513.766293172088 0.0
130.974181 2514.255093307405 0.0
130.982052 2514.743626588633 35.95
130.989923 2515.2318958130404 0.0
130.997794 2515.719902495582 14.1
131.005665 2516.207650239419 64.13
131.013536 2516.695140683818 609.34
131.021407 2517.182376115055 125.78
131.029278 2517.6693593323685 70.47
131.037149 2518.156091737692 0.0
131.04502 2518.6425764909004 0.0
131.052891 2519.128815304697 21.57
131.060762 2519.6148101169474 0.0
131.068634 2520.1006470233833 131.27
131.076505 2520.586160678168 0.0
131.084376 2521.0714371849663 625.96
131.092247 2521.5564783150426 13.6
131.100118 2522.0412856960666 112.94
131.107989 2522.52586210303 909.92
131.11586 2523.0102087412984 2577.41
131.123731 2523.494328018849 10503.29
131.131602 2523.9782217518546 1395.19
131.139473 2524.4618912925066 0.0
131.147344 2524.945339392152 53.07
131.155215 2525.4285671706425 252.64
131.163086 2525.9115767181556 304.8
131.170957 2526.394369884302 169.22
131.178828 2526.8769477762994 0.0
131.186699 2527.359313115966 33.6
131.19457 2527.841466945013 242.35
131.202441 2528.323411068965 70.08
131.210312 2528.805147360941 0.0
131.218183 2529.2866768325925 0.0
131.226054 2529.7680019268355 0.0
131.233925 2530.2491237361446 23.6
131.241796 2530.730043810999 0.0
131.249668 2531.2108472185855 0.0
131.257539 2531.6913685127274 0.0
131.26541 2532.171693058239 214.93
131.273281 2532.651822007188 0.0
131.281152 2533.1317566812013 0.0
131.289023 2533.6114989761677 593.12
131.296894 2534.0910497717787 0.0
131.304765 2534.5704109631506 97.23
131.312636 2535.0495837512576 136.55
131.320507 2535.528569252853 0.0
131.328378 2536.0073693650197 9.94
131.336249 2536.4859849095074 9.6
131.34412 2536.964417547426 0.0
131.351991 2537.442668519521 0.0
131.359862 2537.920738758883 3.98
131.367733 2538.398630158347 153.03
131.375604 2538.87634348641 91.84
131.383475 2539.353880193101 98.53
131.391346 2539.831241550931 127.91
131.399217 2540.308428328329 77.67
131.407088 2540.785442409239 0.0
131.414959 2541.262284513155 0.0
131.422831 2541.7390389555753 34.16
131.430702 2542.215540894637 40.03
131.438573 2542.6918741145264 227.27
131.446444 2543.1680403261935 321.03
131.454315 2543.6440402841595 98.93
131.462186 2544.119875075862 56.68
131.470057 2544.5955460173673 0.0
131.477928 2545.0710537658283 0.0
131.485799 2545.5463998385962 197.13
131.49367 2546.0215850372615 540.82
131.501541 2546.49661029405 301.95
131.509412 2546.971476938247 0.0
131.517283 2547.44618558675 0.0
131.525154 2547.920737581233 217.61
131.533025 2548.3951337631734 435.31
131.540896 2548.8693749246418 0.0
131.548767 2549.3434624034553 4.94
131.556638 2549.8173967793123 193.02
131.564509 2550.2911792344053 0.0
131.57238 2550.76481064374 0.0
131.580251 2551.2382916728034 54.56
131.588122 2551.711623663853 53.81
131.595993 2552.1848071621844 39.82
131.603865 2552.657926130144 0.0
131.611736 2553.1308155962483 91.6
131.619607 2553.6035590610436 170.55
131.627478 2554.0761578678357 24.78
131.635349 2554.5486125300654 35.52
131.64322 2555.0209239533506 0.0
131.651091 2555.4930930636287 0.0
131.658962 2555.965120362239 0.0
131.666833 2556.4370070830414 155.82
131.674704 2556.908753763573 89.92
131.682575 2557.3803611898898 53.11
131.690446 2557.8518303063906 0.0
131.698317 2558.3231615858053 339.87
131.706188 2558.794356127777 101.9
131.714059 2559.2654145071247 0.0
131.72193 2559.736337401225 59.45
131.729801 2560.20712576903 166.08
131.737672 2560.6777800567065 0.0
131.745543 2561.1483012413446 0.0
131.753414 2561.6186899300187 0.0
131.761285 2562.088946701298 270.36
131.769156 2562.5590725252246 108.45
131.777028 2563.0291506215594 18.43
131.784899 2563.499016236556 0.0
131.79277 2563.9687528258005 14.06
131.800641 2564.438360877885 16.05
131.808512 2564.9078413710067 40.88
131.816383 2565.3771947037176 166.77
131.824254 2565.8464216387206 91.13
131.832125 2566.315522834717 220.69
131.839996 2566.7844986985924 0.0
131.847867 2567.253350213881 7.91
131.855738 2567.7220777577754 0.0
131.863609 2568.190681999467 132.42
131.87148 2568.659163617797 25.46
131.879351 2569.127522981865 95.94
131.887222 2569.595761005116 137.84
131.895093 2570.06387808137 0.0
131.902964 2570.531874794315 0.0
131.910835 2570.99975183972 0.0
131.918706 2571.4675095673497 90.18
131.926577 2571.9351487950166 60.74
131.934448 2572.402669946242 0.0
131.942319 2572.8700735265106 629.83
131.95019 2573.337360245648 0.0
131.958062 2573.804613099962 1347.85
131.965933 2574.271667469675 1226.59
131.973804 2574.7386064897305 1229.66
131.981675 2575.20543059396 32.05
131.989546 2575.67214050379 1111.3
131.997417 2576.138736534119 205.69
132.005288 2576.605219334124 98.47
132.013159 2577.071589376471 0.0
132.02103 2577.5378470295273 36.31
132.028901 2578.0039930239286 205.92
132.036772 2578.47002765884 68.21
132.044643 2578.935951509285 18.21
132.052514 2579.4017650679275 25.24
132.060385 2579.867468643218 0.0
132.068256 2580.3330629729726 0.0
132.076127 2580.7985483416423 0.0
132.083998 2581.2639252560753 15.36
132.091869 2581.729194226318 0.0
132.09974 2582.194355531257 78.53
132.107611 2582.6594098635187 79.09
132.115482 2583.1243575190615 103.18
132.123353 2583.5891989420447 26.84
132.131225 2584.0540171934713 599.75
132.139096 2584.5186474477237 0.0
132.146967 2584.9831728827485 34.26
132.154838 2585.4475938184974 0.0
132.162709 2585.911910641366 67.81
132.17058 2586.3761238894135 0.0
132.178451 2586.8402338155665 89.72
132.186322 2587.304240978033 0.0
132.194193 2587.768145718088 459.35
132.202064 2588.231948369059 157.52
132.209935 2588.6956494800015 285.98
132.217806 2589.159249292068 0.0
132.225677 2589.6227483039092 128.0
132.233548 2590.0861468757817 0.0
132.241419 2590.5494452921653 0.0
132.24929 2591.012644111399 0.0
132.257161 2591.4757435635897 250.36
132.265032 2591.93874409236 0.0
132.272903 2592.4016460748235 0.0
132.280774 2592.8644497504893 0.0
132.288645 2593.327155685439 0.0
132.296516 2593.789764099411 0.0
132.304387 2594.252275385167 2.06
132.312259 2594.7147723357757 139.97
132.32013 2595.1770903468923 0.0
132.328001 2595.639312374663 251.42
132.335872 2596.1014386468687 0.0
132.343743 2596.563469509181 146.31
132.351614 2597.0254053668923 34.87
132.359485 2597.4872464263217 679.46
132.367356 2597.948993172246 293.34
132.375227 2598.4106458519327 0.0
132.383098 2598.8722047675574 0.0
132.390969 2599.3336703360205 0.0
132.39884 2599.7950427547094 64.9
132.406711 2600.25632246 420.16
132.414582 2600.717509716756 11.53
132.422453 2601.1786047869127 113.74
132.430324 2601.6396080975433 0.0
132.438195 2602.1005198376333 0.0
132.446066 2602.561340398636 707.49
132.453937 2603.022070061284 62.39
132.461808 2603.4827090502686 278.6
132.469679 2603.943257801545 0.0
132.47755 2604.403716496187 123.76
132.485422 2604.864167755636 125.69
132.493293 2605.324447314267 40.51
132.501164 2605.7846376512434 3.94
132.509035 2606.244739210291 49.92
132.516906 2606.7047521650297 104.98
132.524777 2607.1646768263918 13.77
132.532648 2607.6245135023337 224.68
132.540519 2608.0842623636677 31.52
132.54839 2608.5439238355793 203.38
132.556261 2609.003498097266 0.0
132.564132 2609.4629854236446 0.0
132.572003 2609.92238613424 0.0
132.579874 2610.3817003930058 0.0
132.587745 2610.840928585368 0.0
132.595616 2611.300070906638 0.0
132.603487 2611.75912759825 0.0
132.611358 2612.218098990108 0.0
132.619229 2612.676985239701 0.0
132.6271 2613.1357866953886 0.0
132.634971 2613.594503567197 0.0
132.642842 2614.0531360654136 0.0
132.650713 2614.5116845292487 0.0
132.658585 2614.9702312524355 0.0
132.666456 2615.4286122475455 0.0
132.674327 2615.8869098969612 0.0
132.682198 2616.345124381939 0.0
132.690069 2616.8032560500646 0.0
132.69794 2617.261305046963 0.0
132.705811 2617.719271654121 0.0
132.713682 2618.1771561073065 0.0
132.721553 2618.634958560796 0.0
132.729424 2619.0926793696135 0.0
132.737295 2619.550318673946 0.0
132.745166 2620.007876725164 0.0
132.753037 2620.46535377023 0.0
132.760908 2620.9227499472786 0.0
132.768779 2621.3800655999867 0.0
132.77665 2621.8373008723934 0.0
132.784521 2622.2944559877424 0.0
132.792392 2622.7515312032115 0.0
132.800263 2623.2085266519116 0.0
132.808134 2623.6654426466325 0.0
132.816005 2624.1222793449533 0.0
132.823876 2624.5790369438314 0.0
132.831747 2625.0357157097706 0.0
132.839619 2625.4923977782346 0.0
132.84749 2625.948919403016 0.0
132.855361 2626.405362777203 0.0
132.863232 2626.861728073131 0.0
132.871103 2627.3180155658574 0.0
132.878974 2627.7742253792535 0.0
132.886845 2628.2303577700272 0.0
132.894716 2628.6864129198457 0.0
132.902587 2629.1423909780456 0.0
132.910458 2629.5982922274584 0.0
132.918329 2630.0541167877072 0.0
132.9262 2630.509864890084 0.0
132.934071 2630.96553672692 0.0
132.941942 2631.421132426026 0.0
132.949813 2631.8766522773303 0.0
132.957684 2632.332096396441 0.0
132.965555 2632.7874649908017 0.0
132.973426 2633.2427582626096 0.0
132.981297 2633.6979763259474 0.0
132.989168 2634.153119464352 0.0
132.997039 2634.6081877960696 0.0
133.00491 2635.063181506156 0.0
133.012782 2635.518182683795 0.0
133.020653 2635.9730276683435 0.0
133.028524 2636.4277986120574 0.0
133.036395 2636.8824956448034 0.0
133.044266 2637.337118930574 0.0
133.052137 2637.791668689192 0.0
133.060008 2638.2461450275 0.0
133.067879 2638.7005481815727 0.0
133.07575 2639.154878292085 0.0
133.083621 2639.6091355032595 0.0
133.091492 2640.0633200427715 0.0
133.099363 2640.517432014126 0.0
133.107234 2640.9714716317503 0.0
133.115105 2641.4254390464134 0.0
133.122976 2641.8793343837383 0.0
133.130847 2642.3331578786933 0.0
133.138718 2642.7869096316267 0.0
133.146589 2643.240589836568 0.0
133.15446 2643.694198653725 0.0
133.162331 2644.1477361912057 0.0
133.170202 2644.6012026907697 0.0
133.178073 2645.0545982497765 0.0
133.185944 2645.5079230430183 0.0
133.193816 2645.961258982514 0.0
133.201687 2646.4144426637413 0.0
133.209558 2646.8675560833335 0.0
133.217429 2647.320599340464 0.0
133.2253 2647.7735725917455 0.0
133.233171 2648.226476014545 0.0
133.241042 2648.679309702313 0.0
133.248913 2649.1320738742056 0.0
133.256784 2649.5847686395114 0.0
133.264655 2650.037394137696 0.0
133.272526 2650.4899505539224 0.0
133.280397 2650.9424379790134 0.0
133.288268 2651.3948566135277 0.0
133.296139 2651.8472065762858 0.0
133.30401 2652.2994879905477 0.0
133.311881 2652.751701048814 0.0
133.319752 2653.2038458394227 0.0
133.327623 2653.6559225453307 0.0
133.335494 2654.107931294362 0.0
133.343365 2654.5598721944402 0.0
133.351236 2655.0117454449937 0.0
133.359107 2655.463551132005 0.0
133.366979 2655.915371035983 0.0
133.37485 2656.3670420504363 0.0
133.382721 2656.818645897375 0.0
133.390592 2657.2701827828087 0.0
133.398463 2657.721652790492 0.0
133.406334 2658.173056070885 0.0
133.414205 2658.6243927684327 0.0
133.422076 2659.075662966036 0.0
133.429947 2659.526866869301 0.0
133.437818 2659.9780045631865 0.0
133.445689 2660.429076183156 0.0
133.45356 2660.8800818813293 0.0
133.461431 2661.331021738542 0.0
133.469302 2661.781895944287 0.0
133.477173 2662.232704592544 0.0
133.485044 2662.683447804532 0.0
133.492915 2663.13412573968 0.0
133.500786 2663.5847384768726 0.0
133.508657 2664.0352861902866 0.0
133.516528 2664.485768982499 0.0
133.524399 2664.936186961181 0.0
133.53227 2665.3865402927445 0.0
133.540141 2665.8368290542267 0.0
133.548013 2666.2871348852123 0.0
133.555884 2666.7372949225364 0.0
133.563755 2667.1873907549448 0.0
133.571626 2667.6374225555614 0.0
133.579497 2668.087390399677 0.0
133.587368 2668.537294433 0.0
133.595239 2668.987134774205 0.0
133.60311 2669.4369115057325 0.0
133.610981 2669.8866248071313 0.0
133.618852 2670.3362747520437 0.0
133.626723 2670.785861472947 0.0
133.634594 2671.235385096061 0.0
133.642465 2671.684845694397 0.0
133.650336 2672.1342434490593 0.0
133.658207 2672.5835784344504 0.0
133.666078 2673.03285077042 0.0
133.673949 2673.4820605904442 0.0
133.68182 2673.931207966018 0.0
133.689691 2674.380293064802 0.0
133.697562 2674.829315969449 0.0
133.705433 2675.2782767877316 0.0
133.713304 2675.727175660133 0.0
133.721176 2676.176094008687 0.0
133.729047 2676.624869270602 0.0
133.736918 2677.073582902137 0.0
133.744789 2677.522234999482 0.0
133.75266 2677.970825709923 0.0
133.760531 2678.419355102168 0.0
133.768402 2678.8678233187306 0.0
133.776273 2679.3162304578996 0.0
133.784144 2679.7645766047835 0.0
133.792015 2680.212861913253 0.0
133.799886 2680.6610864507456 0.0
133.807757 2681.1092503480004 0.0
133.815628 2681.557353710741 0.0
133.823499 2682.0053966134287 0.0
133.83137 2682.45337921635 0.0
133.839241 2682.9013015857486 0.0
133.847112 2683.349163841065 0.0
133.854983 2683.7969660952435 0.0
133.862854 2684.2447084140676 0.0
133.870725 2684.6923909609663 0.0
133.878596 2685.140013802626 0.0
133.886467 2685.587577047631 0.0
133.894338 2686.0350808159596 0.0
133.90221 2686.482606390877 0.0
133.910081 2686.929991473927 0.0
133.917952 2687.3773173714526 0.0
133.925823 2687.8245841815606 0.0
133.933694 2688.2717920311284 0.0
133.941565 2688.7189409838256 0.0
133.949436 2689.166031180678 0.0
133.957307 2689.6130627036578 0.0
133.965178 2690.060035640798 0.0
133.973049 2690.506950125708 0.0
133.98092 2690.9538062211063 0.0
133.988791 2691.400604057453 0.0
133.996662 2691.847343724081 0.0
134.004533 2692.2940252992853 0.0
134.012404 2692.7406489233017 0.0
134.020275 2693.1872146579626 0.0
134.028146 2693.6337226235332 0.0
134.036017 2694.080172916561 0.0
134.043888 2694.526565605913 0.0
134.051759 2694.972900838366 0.0
134.05963 2695.419178674925 0.0
134.067501 2695.8653992260097 0.0
134.075373 2696.311643686683 0.0
134.083244 2696.7577499217555 0.0
134.091115 2697.2037991870016 0.0
134.098986 2697.649791543646 0.0
134.106857 2698.095727092549 0.0
134.114728 2698.54160594436 0.0
134.122599 2698.987428159018 0.0
134.13047 2699.4331938779583 0.0
134.138341 2699.8789031698584 0.0
134.146212 2700.3245561263257 0.0
134.154083 2700.7701528649236 0.0
134.161954 2701.2156934449113 0.0
134.169825 2701.6611779981645 0.0
134.177696 2702.106606600701 0.0
134.185567 2702.551979335133 0.0
134.193438 2702.9972963258824 0.0
134.201309 2703.442557631594 0.0
134.20918 2703.88776337486 0.0
134.217051 2704.332913638957 0.0
134.224922 2704.7780084977358 0.0
134.232793 2705.22304808244 0.0
134.240664 2705.668032451154 0.0
134.248535 2706.112961717453 0.0
134.256407 2706.5579169308267 0.0
134.264278 2707.002736225791 0.0
134.272149 2707.4475007121823 0.0
134.28002 2707.8922104475696 0.0
134.287891 2708.3368655367335 0.0
134.295762 2708.781466077313 0.0
134.303633 2709.226012126676 0.0
134.311504 2709.6705038287755 0.0
134.319375 2710.114941241203 0.0
134.327246 2710.559324460164 0.0
134.335117 2711.0036535904305 0.0
134.342988 2711.447928688937 0.0
134.350859 2711.892149890913 0.0
134.35873 2712.336317261341 0.0
134.366601 2712.780430888034 0.0
134.374472 2713.2244908828975 0.0
134.382343 2713.6684973024853 0.0
134.390214 2714.1124502735165 0.0
134.398085 2714.556349868338 0.0
134.405956 2715.0001961665293 0.0
134.413827 2715.4439892871505 0.0
134.421698 2715.8877292864313 0.0
134.42957 2716.331497115649 0.0
134.437441 2716.77513117629 0.0
134.445312 2717.218712385177 0.0
134.453183 2717.6622408685853 0.0
134.461054 2718.105716682467 0.0
134.468925 2718.5491399370403 0.0
134.476796 2718.992510719391 0.0
134.484667 2719.4358290930154 0.0
134.492538 2719.879095191454 0.0
134.500409 2720.3223090704314 0.0
134.50828 2720.7654708321484 0.0
134.516151 2721.208580571099 0.0
134.524022 2721.6516383429152 0.0
134.531893 2722.094644288442 0.0
134.539764 2722.537598463253 0.0
134.547635 2722.9805009616457 0.0
134.555506 2723.4233518855835 0.0
134.563377 2723.8661512905423 0.0
134.571248 2724.308899309498 0.0
134.579119 2724.751596005563 0.0
134.58699 2725.1942414652294 0.0
134.594861 2725.6368357980114 0.0
134.602733 2726.0794597665704 0.0
134.610604 2726.5219520693704 0.0
134.618475 2726.964393496606 0.0
134.626346 2727.4067841270253 0.0
134.634217 2727.8490961705947 0.0
134.642088 2728.2913295914764 0.0
134.649959 2728.733512500662 0.0
134.65783 2729.175644974082 0.0
134.665701 2729.6177270834423 0.0
134.673572 2730.059758949092 0.0
134.681443 2730.5017406242023 0.0
134.689314 2730.9436722218757 0.0
134.697185 2731.385553821195 0.0
134.705056 2731.8273854908293 0.0
134.712927 2732.2691673544227 0.0
134.720798 2732.710899465181 0.0
134.728669 2733.1525819333237 0.0
134.73654 2733.594214841174 0.0
134.744411 2734.0357982544 0.0
134.752282 2734.4773323000722 0.0
134.760153 2734.9188170314756 0.0
134.768024 2735.360252556025 0.0
134.775895 2735.801638959373 0.0
134.783767 2736.2430568807545 0.0
134.791638 2736.6843452858448 0.0
134.799509 2737.1255848165006 0.0
134.80738 2737.5667755773784 0.0
134.815251 2738.0079176575855 0.0
134.823122 2738.449011116862 0.0
134.830993 2738.8900560895727 0.0
134.838864 2739.3310526292967 0.0
134.846735 2739.772000838014 0.0
134.854606 2740.212900808379 0.0
134.862477 2740.653752597203 0.0
134.870348 2741.0945563427204 0.0
134.878219 2741.5353120987284 0.0
134.88609 2741.976019964577 0.0
134.893961 2742.416680036594 0.0
134.901832 2742.8572923686656 0.0
134.909703 2743.2978571030667 0.0
134.917574 2743.738374293858 0.0
134.925445 2744.1788440378036 0.0
134.933316 2744.619266435036 0.0
134.941187 2745.059641539695 0.0
134.949058 2745.499969491916 0.0
134.95693 2745.9403308013193 0.0
134.964801 2746.380564646358 0.0
134.972672 2746.8207515948216 0.0
134.980543 2747.2608917011826 0.0
134.988414 2747.7009851034363 0.0
134.996285 2748.141031862777 0.0
135.004156 2748.5810320708756 0.0
135.012027 2749.020985835934 0.0
135.019898 2749.460893212798 0.0
135.027769 2749.900754337412 0.0
135.03564 2750.3405692747083 0.0
135.043511 2750.7803381138574 0.0
135.051382 2751.2200609673278 0.0
135.059253 2751.6597378903903 0.0
135.067124 2752.0993690169958 0.0
135.074995 2752.5389544159466 0.0
135.082866 2752.9784941739194 0.0
135.090737 2753.4179884078285 0.0
135.098608 2753.8574371734217 0.0
135.106479 2754.2968406027067 0.0
135.11435 2754.7361987684944 0.0
135.122221 2755.175511754972 0.0
135.130092 2755.614779683688 0.0
135.137964 2756.054082933504 0.0
135.145835 2756.4932609780376 0.0
135.153706 2756.9323942281844 0.0
135.161577 2757.371482765621 0.0
135.169448 2757.8105267167507 0.0
135.177319 2758.249526138432 0.0
135.18519 2758.6884811588966 0.0
135.193061 2759.1273918594516 0.0
135.200932 2759.5662583192634 0.0
135.208803 2760.0050806697914 0.0
135.216674 2760.4438589685255 0.0
135.224545 2760.8825933418716 0.0
135.232416 2761.321283875629 0.0
135.240287 2761.7599306464367 33.69
135.248158 2762.198533791034 0.0
135.256029 2762.6370933676053 267.21
135.2639 2763.075609500746 355.58
135.271771 2763.5140822809417 0.0
135.279642 2763.9525117822686 0.0
135.287513 2764.3908981469954 163.82
135.295384 2764.8292414340517 0.0
135.303255 2765.267541766245 0.0
135.311127 2765.7058794383092 338.77
135.318998 2766.144094111958 73.34
135.326869 2766.5822661456673 116.15
135.33474 2767.0203955991697 186.98
135.342611 2767.4584825934744 0.0
135.350482 2767.89652722907 62.42
135.358353 2768.3345295747595 158.28
135.366224 2768.772489784686 124.67
135.374095 2769.2104079194505 263.58
135.381966 2769.6482840982785 0.0
135.389837 2770.08611842699 4.76
135.397708 2770.523910971679 155.19
135.405579 2770.9616618928467 0.0
135.41345 2771.399371252025 239.25
135.421321 2771.837039166647 64.34
135.429192 2772.2746657481134 20.55
135.437063 2772.712251059739 499.21
135.444934 2773.149795268695 112.79
135.452805 2773.587298437507 32.87
135.460676 2774.024760681803 0.0
135.468547 2774.4621821188275 0.0
135.476418 2774.899562811445 0.0
135.484289 2775.336902929007 0.0
135.492161 2775.774282608768 1.2
135.500032 2776.2115418113176 55.61
135.507903 2776.648760742001 152.79
135.515774 2777.085939464769 0.0
135.523645 2777.5230781482305 8.24
135.531516 2777.960176863576 9.74
135.539387 2778.3972357227153 18.54
135.547258 2778.8342548554647 82.16
135.555129 2779.271234326935 101.45
135.563 2779.708174305036 168.09
135.570871 2780.1450748663765 0.0
135.578742 2780.581936120959 63.0
135.586613 2781.0187582053427 279.38
135.594484 2781.4555411858723 0.0
135.602355 2781.89228522978 0.0
135.610226 2782.3289904193566 65.18
135.618097 2782.7656568626417 94.32
135.625968 2783.2022847032813 29.25
135.633839 2783.6388740089287 75.72
135.64171 2784.0754249461534 2.26
135.649581 2784.5119376032067 62.29
135.657452 2784.948412086106 0.0
135.665324 2785.3849284953512 0.0
135.673195 2785.82132699084 0.0
135.681066 2786.2576876982234 372.6
135.688937 2786.6940107120445 73.19
135.696808 2787.130296136198 0.0
135.704679 2787.5665441296383 28.56
135.71255 2788.0027547628815 0.0
135.720421 2788.43892820115 218.29
135.728292 2788.8750645455766 81.39
135.736163 2789.3111638978744 0.0
135.744034 2789.7472264252438 215.55
135.751905 2790.183252199763 16.2
135.759776 2790.619241385978 0.0
135.767647 2791.05519409196 223.64
135.775518 2791.491110417143 0.0
135.783389 2791.9269905374117 0.0
135.79126 2792.3628345264965 0.0
135.799131 2792.7986425482504 0.0
135.807002 2793.2344147180493 166.41
135.814873 2793.6701511329425 0.0
135.822744 2794.1058519779617 0.0
135.830615 2794.541517328588 16.25
135.838486 2794.977147347952 0.0
135.846358 2795.4128219819186 5.78
135.854229 2795.8483816694898 77.52
135.8621 2796.283906438121 23.71
135.869971 2796.7193963651425 13.2
135.877842 2797.154851612898 44.41
135.885713 2797.590272312614 0.0
135.893584 2798.025658556162 27.09
135.901455 2798.461010548416 0.0
135.909326 2798.8963283686635 194.78
135.917197 2799.3316121784355 128.67
135.925068 2799.7668621175376 0.0
135.932939 2800.2020782750433 0.0
135.94081 2800.6372608665606 0.0
135.948681 2801.0724099734425 8.54
135.956552 2801.5075257563544 0.0
135.964423 2801.942608364155 0.0
135.972294 2802.37765788296 0.0
135.980165 2802.812674539705 38.91
135.988036 2803.247658417929 58.84
135.995907 2803.682609677357 24.06
136.003778 2804.117528476418 84.86
136.011649 2804.552414899421 0.0
136.019521 2804.9873488850358 122.55
136.027392 2805.422171106042 0.0
136.035263 2805.8569614331077 0.0
136.043134 2806.29172003481 0.0
136.051005 2806.7264469978118 301.54
136.058876 2807.16114255956 0.0
136.066747 2807.5958068153996 0.0
136.074618 2808.0304399228903 0.0
136.082489 2808.4650420613143 0.0
136.09036 2808.8996133198166 0.0
136.098231 2809.334153937114 0.0
136.106102 2809.7686640171705 9.02
136.113973 2810.2031437163223 293.53
136.121844 2810.6375932251794 10.87
136.129715 2811.072012635515 41.38
136.137586 2811.50640218732 25.03
136.145457 2811.9407619937015 149.77
136.153328 2812.375092209649 0.0
136.161199 2812.809393037771 1267.28
136.16907 2813.24366457261 308.39
136.176941 2813.6779070554358 0.0
136.184812 2814.1121206090606 0.0
136.192683 2814.546305386986 0.0
136.200555 2814.9805411820143 267.16
136.208426 2815.4146689276317 42.37
136.216297 2815.8487684528804 0.0
136.224168 2816.2828398909132 0.0
136.232039 2816.7168833935525 40.72
136.23991 2817.150899189626 0.0
136.247781 2817.584887379696 0.0
136.255652 2818.0188482075173 0.0
136.263523 2818.452781817192 0.0
136.271394 2818.8866883587248 45.32
136.279265 2819.3205680752317 88.88
136.287136 2819.7544210705396 0.0
136.295007 2820.1882475896264 0.0
136.302878 2820.6220477882325 105.19
136.310749 2821.055821814351 0.0
136.31862 2821.4895699262565 0.0
136.326491 2821.923292231226 85.78
136.334362 2822.356988975417 58.26
136.342233 2822.7906603269494 11.34
136.350104 2823.224306431592 13.07
136.357975 2823.657927563705 56.32
136.365846 2824.0915238342113 0.0
136.373718 2824.5251749492077 195.82
136.381589 2824.9587221638844 0.0
136.38946 2825.3922450888394 46.37
136.397331 2825.8257440155535 3.96
136.405202 2826.259219058808 38.65
136.413073 2826.6926704669063 1.62
136.420944 2827.1260984352043 0.0
136.428815 2827.559503104238 172.77
136.436686 2827.9928847836436 289.66
136.444557 2828.4262435922674 246.65
136.452428 2828.859579779393 287.21
136.460299 2829.292893555311 246.72
136.46817 2829.7261850575437 74.45
136.476041 2830.1594546150154 0.0
136.483912 2830.5927023508766 69.84
136.491783 2831.0259285152906 137.54
136.499654 2831.459133334465 118.4
136.507525 2831.8923169425866 0.0
136.515396 2832.3254796890897 21.05
136.523267 2832.758621701678 5.09
136.531138 2833.191743231278 120.52
136.539009 2833.6248445210636 360.16
136.546881 2834.0580050425806 17.97
136.554752 2834.4910664771296 0.0
136.562623 2834.924108306193 0.0
136.570494 2835.3571307812726 0.0
136.578365 2835.7901341636866 0.0
136.586236 2836.223118587724 135.48
136.594107 2836.6560844321034 0.0
136.601978 2837.0890318423467 592.85
136.609849 2837.5219610704253 171.91
136.61772 2837.954872396967 0.0
136.625591 2838.3877659614636 78.61
136.633462 2838.820642147977 72.5
136.641333 2839.2535011171126 617.95
136.649204 2839.6863431211327 1.85
136.657075 2840.1191684612754 33.59
136.664946 2840.5519772825473 0.0
136.672817 2840.984769974425 198.56
136.680688 2841.417546713687 5.78
136.688559 2841.8503077526816 0.0
136.69643 2842.2830534146565 575.4
136.704301 2842.715783850459 0.0
136.712172 2843.148499455053 216.44
136.720043 2843.5812004225604 662.12
136.727915 2844.013966224161 725.18
136.735786 2844.4466387615716 216.49
136.743657 2844.87929741796 1921.57
136.751528 2845.311942593766 72.78
136.759399 2845.744574501787 139.65
136.76727 2846.177193393744 1099.68
136.775141 2846.609799641602 0.0
136.783012 2847.042393408967 968.22
136.790883 2847.4749751018658 0.0
136.798754 2847.9075449530683 630.16
136.806625 2848.340103213582 993.27
136.814496 2848.7726502822575 913.85
136.822367 2849.2051863296647 1189.42
136.830238 2849.637711767449 530.52
136.838109 2850.0702268498253 1163.92
136.84598 2850.502731826753 550.8
136.853851 2850.935227125848 174.22
136.861722 2851.36771292507 277.03
136.869593 2851.8001896417063 0.0
136.877464 2852.2326575529996 0.0
136.885335 2852.6651169074876 0.0
136.893206 2853.097568163579 168.8
136.901078 2853.5300906104567 401.61
136.908949 2853.9625264580704 28.57
136.91682 2854.3949551180854 97.58
136.924691 2854.8273768371278 36.04
136.932562 2855.2597921066513 9.95
136.940433 2855.692201120806 0.0
136.948304 2856.1246043080523 0.0
136.956175 2856.5570019970714 145.44
136.964046 2856.9893944321793 271.65
136.971917 2857.4217821401635 0.0
136.979788 2857.8541653240404 84.94
136.987659 2858.286544417837 78.63
136.99553 2858.71891977886 94.11
137.003401 2859.151291648591 5.05
137.011272 2859.5836605916943 24.5
137.019143 2860.0160268206223 384.2
137.027014 2860.448390774899 259.46
137.034885 2860.8807528426273 314.66
137.042756 2861.313113261881 0.0
137.050627 2861.745472637948 0.0
137.058498 2862.177831193318 29.3
137.066369 2862.6101893729237 121.14
137.07424 2863.042547598017 323.86
137.082112 2863.4749850862827 0.0
137.089983 2863.9073445141735 12.56
137.097854 2864.339705103728 0.0
137.105725 2864.7720673050617 51.88
137.113596 2865.2044315752223 0.0
137.121467 2865.6367981514286 49.91
137.129338 2866.0691677133486 0.0
137.137209 2866.5015405136196 153.63
137.14508 2866.9339170074654 167.2
137.152951 2867.366297690411 244.55
137.160822 2867.798682811352 0.0
137.168693 2868.2310730657537 0.0
137.176564 2868.6634687356545 0.0
137.184435 2869.0958702811768 0.0
137.192306 2869.52827823933 0.0
137.200177 2869.960692871469 0.0
137.208048 2870.3931148892943 27.59
137.215919 2870.8255446067274 127.22
137.22379 2871.2579824885393 15.51
137.231661 2871.6904291164824 272.04
137.239532 2872.1228847652155 0.0
137.247403 2872.5553501631193 132.85
137.255275 2872.9879045293537 9.6
137.263146 2873.4203905879026 0.0
137.271017 2873.852887843389 146.92
137.278888 2874.285396584687 0.0
137.286759 2874.717917557198 0.0
137.29463 2875.1504511470525 33.94
137.302501 2875.582997827263 0.0
137.310372 2876.015558280109 0.0
137.318243 2876.44813280966 456.32
137.326114 2876.880722178878 0.0
137.333985 2877.3133268146335 0.0
137.341856 2877.745947193511 110.79
137.349727 2878.1785840541165 42.08
137.357598 2878.6112377167833 159.23
137.365469 2879.0439089624674 0.0
137.37334 2879.476598262288 149.91
137.381211 2879.9093060959067 0.0
137.389082 2880.342033262819 0.0
137.396953 2880.774780100772 3.98
137.404824 2881.207547409151 0.0
137.412695 2881.640335707146 0.0
137.420566 2882.073145476929 12.71
137.428437 2882.5059775838495 28.8
137.436309 2882.938911138429 0.0
137.44418 2883.3717894485685 0.0
137.452051 2883.8046918420737 116.69
137.459922 2884.237618802835 31.97
137.467793 2884.6705712676076 72.47
137.475664 2885.103549612834 0.0
137.483535 2885.5365546758544 226.2
137.491406 2885.9695870850915 0.0
137.499277 2886.402647325518 0.0
137.507148 2886.83573641108 170.92
137.515019 2887.2688547397124 16.64
137.52289 2887.70200316839 83.05
137.530761 2888.135182387388 288.8
137.538632 2888.568392881886 0.0
137.546503 2889.0016357494724 0.0
137.554374 2889.434911411186 20.5
137.562245 2889.868220743991 0.0
137.570116 2890.3015645055075 25.81
137.577987 2890.7349431801235 0.0
137.585858 2891.168357956122 44.41
137.593729 2891.60180927939 103.32
137.6016 2892.0352980472207 167.06
137.609472 2892.4689037349776 1153.46
137.617343 2892.902469536234 0.0
137.625214 2893.336075382351 319.09
137.633085 2893.7697217459668 28.23
137.640956 2894.2034095448385 0.0
137.648827 2894.6371396900727 103.37
137.656698 2895.0709126648167 46.26
137.664569 2895.504729854612 34.7
137.67244 2895.938591765012 0.0
137.680311 2896.3724993346527 4.32
137.688182 2896.8064535618587 34.16
137.696053 2897.240454959474 0.0
137.703924 2897.674504960328 0.0
137.711795 2898.1086041354815 0.0
137.719666 2898.5427534446567 0.0
137.727537 2898.9769539813624 0.0
137.735408 2899.4112062904946 48.42
137.743279 2899.845511854253 0.0
137.75115 2900.2798713157185 0.0
137.759021 2900.7142856558453 84.0
137.766892 2901.1487560720902 0.0
137.774763 2901.583283143975 38.27
137.782634 2902.017868405252 174.74
137.790506 2902.452591110234 75.1
137.798377 2902.887295199805 0.0
137.806248 2903.3220605145934 27.56
137.814119 2903.7568876715795 789.13
137.82199 2904.19177825813 339.06
137.829861 2904.626733083929 91.43
137.837732 2905.0617531723187 835.85
137.845603 2905.4968399587888 1179.83
137.853474 2905.931994100866 0.0
137.861345 2906.3672172421266 0.0
137.869216 2906.802510288235 77.55
137.877087 2907.237874283714 7.05
137.884958 2907.6733108000008 0.0
137.892829 2908.1088205385768 32.98
137.9007 2908.54440520172 0.0
137.908571 2908.9800658008244 63.53
137.916442 2909.4158034013676 0.0
137.924313 2909.8516197236727 0.0
137.932184 2910.287515516915 0.0
137.940055 2910.7234925446874 0.22
137.947926 2911.1595519349135 0.0
137.955797 2911.5956947736695 137.82
137.963669 2912.0320013715495 0.0
137.97154 2912.468315681662 0.0
137.979411 2912.9047179524414 0.0
137.987282 2913.3412094406135 9.54
137.995153 2913.7777912520537 83.24
138.003024 2914.2144654495337 18.43
138.010895 2914.651232890417 79.12
138.018766 2915.0880954689246 105.38
138.026637 2915.525054583627 0.0
138.034508 2915.9621113597673 100.27
138.042379 2916.3992680566157 41.89
138.05025 2916.836525592916 195.09
138.058121 2917.27388593273 51.06
138.065992 2917.7113506312635 1000.4
138.073863 2918.148920832223 2461.14
138.081734 2918.5865990107586 1557.75
138.089605 2919.02438615255 407.64
138.097476 2919.4622842945955 38.74
138.105347 2919.900295165192 0.0
138.113218 2920.3384199253583 0.0
138.121089 2920.776661287627 140.1
138.12896 2921.2150203107603 408.36
138.136831 2921.6534991079193 124.27
138.144703 2922.0921779197965 62.4
138.152574 2922.530901292196 20.51
138.160445 2922.969750509414 174.46
138.168316 2923.408726710123 43.37
138.176187 2923.8478320866216 56.39
138.184058 2924.2870687708505 13.28
138.191929 2924.726437953462 0.0
138.1998 2925.165942896412 0.0
138.207671 2925.605584825845 32.98
138.215542 2926.0453660170488 0.0
138.223413 2926.485288836606 104.74
138.231284 2926.925354547528 0.0
138.239155 2927.3655666083564 71.43
138.247026 2927.805926401488 14.1
138.254897 2928.246436288824 0.0
138.262768 2928.6870988970295 0.0
138.270639 2929.1279155888506 49.58
138.27851 2929.568889992444 133.9
138.286381 2930.010023685744 89.22
138.294252 2930.451319121033 50.04
138.302123 2930.892779213489 0.0
138.309994 2931.3344054354416 0.0
138.317866 2931.7762798191484 106.4
138.325737 2932.218247731704 226.6
138.333608 2932.660389925799 0.0
138.341479 2933.102709637447 0.0
138.34935 2933.545208459578 57.98
138.357221 2933.9878903925332 4.67
138.365092 2934.4307574787613 0.0
138.372963 2934.8738123625917 0.0
138.380834 2935.317058636011 0.0
138.388705 2935.7604980248398 0.0
138.396576 2936.2041347342233 59.8
138.404447 2936.6479710813146 38.7
138.412318 2937.092009812887 20.11
138.420189 2937.5362549168085 129.74
138.42806 2937.9807082655707 0.0
138.435931 2938.4253742827514 0.0
138.443802 2938.870255593518 0.17
138.451673 2939.315355051388 175.0
138.459544 2939.7606770848756 182.02
138.467415 2940.2062237286054 15.11
138.475286 2940.6519996392954 0.0
138.483157 2941.098007787702 19.37
138.491028 2941.544251138521 320.22
138.4989 2941.9908127391373 0.49
138.506771 2942.437538574654 30.75
138.514642 2942.884511651929 313.2
138.522513 2943.331735330443 0.0
138.530384 2943.779212689909 119.0
138.538255 2944.22694919782 55.82
138.546126 2944.674947267367 472.09
138.553997 2945.123212069786 0.0
138.561868 2945.5717474005087 9.45
138.569739 2946.020556459644 0.0
138.57761 2946.469645325517 301.48
138.585481 2946.9190166323865 0.0
138.593352 2947.368675836299 157.18
138.601223 2947.818627222769 77.23
138.609094 2948.2688741171423 19.89
138.616965 2948.719423279926 77.46
138.624836 2949.170277591299 0.0
138.632707 2949.6214428122994 0.0
138.640578 2950.0729237797377 0.0
138.648449 2950.5247239491896 0.0
138.65632 2950.976850843617 0.0
138.664191 2951.4293076171984 226.52
138.672063 2951.8821784019524 122.77
138.679934 2952.335312606597 20.13
138.687805 2952.788791826735 197.75
138.695676 2953.242624439139 0.0
138.703547 2953.6968139037917 0.0
138.711418 2954.15136665827 0.0
138.719289 2954.6062888598485 0.0
138.72716 2955.0615842392035 155.22
138.735031 2955.5172621276383 204.92
138.742902 2955.9733263269054 0.0
138.750773 2956.429783651066 0.0
138.758644 2956.886641044954 3.43
138.766515 2957.3439024706695 212.57
138.774386 2957.8015781582385 55.85
138.782257 2958.2596723771003 0.0
138.790128 2958.7181923459825 209.61
138.797999 2959.17714589751 79.82
138.80587 2959.6365373975323 46.3
138.813741 2960.096377770745 46.75
138.821612 2960.556671966952 304.47
138.829483 2961.0174276402877 0.0
138.837354 2961.4786536244706 0.0
138.845226 2961.9404327110187 18.86
138.853097 2962.4026206908497 49.57
138.860968 2962.8653012058985 241.38
138.868839 2963.328482377826 186.73
138.87671 2963.792174170921 0.0
138.884581 2964.256381913855 37.57
138.892452 2964.7211180998293 0.0
138.900323 2965.186389341291 54.52
138.908194 2965.65220426552 273.94
138.916065 2966.1185741102877 11.31
138.923936 2966.58550477784 110.3
138.931807 2967.0530096477623 43.64
138.939678 2967.521096341628 164.49
138.947549 2967.989774032608 585.01
138.95542 2968.4590553943744 85.65
138.963291 2968.928946975602 174.7
138.971162 2969.399463118004 326.04
138.979033 2969.87061259303 119.44
138.986904 2970.3424051639877 168.41
138.994775 2970.8148551227187 476.99
139.002646 2971.287969747151 174.12
139.010517 2971.761764423418 2260.18
139.018388 2972.236249232167 1375.32
139.02626 2972.7115124880847 1065.83
139.034131 2973.187414567856 184.86
139.042002 2973.664041399779 321.11
139.049873 2974.1414095013547 11.69
139.057744 2974.6195304443377 154.71
139.065615 2975.0984153212707 0.0
139.073486 2975.5780822967604 240.82
139.081357 2976.058540402077 282.58
139.089228 2976.539807384132 245.61
139.097099 2977.021896505309 120.46
139.10497 2977.504819610046 0.0
139.112841 2977.988597161929 86.03
139.120712 2978.4732392426886 72.67
139.128583 2978.9587649315945 90.5
139.136454 2979.445189406284 0.0
139.144325 2979.932525329022 0.0
139.152196 2980.4207957361973 40.27
139.160067 2980.9100118955907 0.0
139.167938 2981.400194328292 0.0
139.175809 2981.8913603751803 400.24
139.18368 2982.383523589646 10.48
139.191551 2982.876709876654 0.0
139.199423 2983.371009725728 276.2
139.207294 2983.8662895784064 1045.33
139.215165 2984.362646965358 0.0
139.223036 2984.860096409664 3127.77
139.230907 2985.358667001945 2473.46
139.238778 2985.858372853558 3105.52
139.246649 2986.359237715348 175.16
139.25452 2986.861284088509 959.69
139.262391 2987.3645275597864 0.0
139.270262 2987.869000727142 268.55
139.278133 2988.37471939189 260.6
139.286004 2988.881709101324 209.13
139.293875 2989.3899953830296 80.79
139.301746 2989.8995949922764 0.0
139.309617 2990.410544351369 6.23
139.317488 2990.9228611529597 52.83
139.325359 2991.436572858851 6.81
139.33323 2991.95170832804 0.0
139.341101 2992.468286334804 178.22
139.348972 2992.9863459543167 0.0
139.356843 2993.505907715737 0.0
139.364714 2994.0270011048133 98.65
139.372585 2994.549658601498 56.44
139.380457 2995.073979112592 0.0
139.388328 2995.599848849103 116.95
139.396199 2996.127369175046 0.0
139.40407 2996.6565716878245 587.14
139.411941 2997.187492739532 225.33
139.419812 2997.720155798362 518.35
139.427683 2998.25460537713 544.08
139.435554 2998.7908685676293 788.2
139.443425 2999.32897914473 1088.08
139.451296 2999.8689774918007 836.57
139.459167 3000.410889733468 0.0
139.467038 3000.954763012423 560.27
139.474909 3001.5006280573143 312.07
139.48278 3002.048520834289 0.0
139.490651 3002.5984857792223 57.95
139.498522 3003.150551832517 0.0
139.506393 3003.704768538079 397.04
139.514264 3004.2611703677394 99.11
139.522135 3004.819795420198 0.0
139.530006 3005.3806919807244 136.85
139.537877 3005.9438918875103 0.0
139.545748 3006.509446666592 0.0
139.55362 3007.0774724117337 0.0
139.561491 3007.647853581814 72.22
139.569362 3008.2207194288985 0.0
139.577233 3008.7961046422743 247.33
139.585104 3009.3740620476283 66.11
139.592975 3009.954633078796 0.0
139.600846 3010.5378594539447 33.93
139.608717 3011.1237950596483 0.0
139.616588 3011.7124771905665 0.0
139.624459 3012.303958955977 0.0
139.63233 3012.898284290484 0.0
139.640201 3013.4954960528644 0.0
139.648072 3014.095648723999 41.58
139.655943 3014.6987816674005 0.0
139.663814 3015.3049468157496 95.98
139.671685 3015.9141892161833 0.0
139.679556 3016.526552086681 281.5
139.687427 3017.1420879207544 5.86
139.695298 3017.760837210726 0.0
139.703169 3018.3828487106484 178.96
139.71104 3019.0081663969463 124.23
139.718911 3019.6368327304413 4.56
139.726782 3020.268894507027 0.0
139.734654 3020.904469962568 7.47
139.742525 3021.543446313141 277.82
139.750396 3022.1859409199556 256.34
139.758267 3022.8319939735175 658.78
139.766138 3023.4816415105993 244.47
139.774009 3024.1349212199752 66.25
139.78188 3024.7918669096275 163.72
139.789751 3025.452509657354 131.04
139.797622 3026.116885442722 42.15
139.805493 3026.7850129900057 509.87
139.813364 3027.4569246741544 0.0
139.821235 3028.1326412038234 148.53
139.829106 3028.812179370366 114.67
139.836977 3029.4955686002336 57.02
139.844848 3030.1828023071575 172.64
139.852719 3030.8739039869206 173.72
139.86059 3031.568876815739 130.03
139.868461 3032.2677164981756 131.36
139.876332 3032.970442060985 0.0
139.884203 3033.6770150103644 98.61
139.892074 3034.3874446293125 170.35
139.899945 3035.1017120622028 170.42
139.907817 3035.8198625763075 16.1
139.915688 3036.5417442095372 241.01
139.923559 3037.2673592278643 205.32
139.93143 3037.9966963372335 387.15
139.939301 3038.729710761274 0.0
139.947172 3039.4663336138287 155.95
139.955043 3040.206549594878 247.77
139.962914 3040.95024206002 396.48
139.970785 3041.697373590962 0.0
139.978656 3042.4478710673575 22.63
139.986527 3043.2016237092935 762.46
139.994398 3043.9585940518978 1003.59
140.002269 3044.718622880921 3.72
140.01014 3045.4816425938334 149.47
140.018011 3046.247551811921 0.0
140.025882 3047.016194984296 48.37
140.033753 3047.7875115755955 1340.19
140.041624 3048.561302674974 588.99
140.049495 3049.337469227847 370.85
140.057366 3050.1158850066404 1152.68
140.065237 3050.8963513628696 1202.87
140.073108 3051.678786691752 185.69
140.080979 3052.4629601949987 892.0
140.088851 3053.248821887888 142.57
140.096722 3054.0360719933874 6372.74
140.104593 3054.8245536055515 3146.6
140.112464 3055.6141692821043 356.0
140.120335 3056.404668862326 411.31
140.128206 3057.1959022264623 3922.17
140.136077 3057.987717580534 4589.76
140.143948 3058.779856588473 553.35
140.151819 3059.5722139615473 3093.01
140.15969 3060.364535848085 866.81
140.167561 3061.1566602306048 14.2
140.175432 3061.9484391826118 311.45
140.183303 3062.739606679495 1743.77
140.191174 3063.5300590421148 1316.42
140.199045 3064.3195552214797 2150.88
140.206916 3065.107933415566 3696.13
140.214787 3065.895060760855 634.2
140.222658 3066.6806806250815 1186.02
140.230529 3067.464700096862 866.12
140.2384 3068.2469054634803 200.58
140.246271 3069.027146979046 2682.4
140.254142 3069.805315625017 61.57
140.262014 3070.5812571045426 586.69
140.269885 3071.35474100301 57.45
140.277756 3072.125669185457 171.82
140.285627 3072.8939135316036 497.74
140.293498 3073.6593939682202 1330.05
140.301369 3074.4219147926337 359.79
140.30924 3075.1814232014626 134.31
140.317111 3075.937785941532 2664.34
140.324982 3076.690902682392 2154.11
140.332853 3077.4407233127886 2666.3
140.340724 3078.187094720378 3019.26
140.348595 3078.9299872233278 227.2
140.356466 3079.6693102772024 1563.08
140.364337 3080.4049937179852 1245.75
140.372208 3081.137015041758 2692.64
140.380079 3081.865265178518 0.0
140.38795 3082.589735870058 1148.14
140.395821 3083.3103752774 2437.28
140.403692 3084.027142544982 471.63
140.411563 3084.7400374997696 215.62
140.419434 3085.4489939251075 323.22
140.427305 3086.1540208783567 620.64
140.435176 3086.8550988083225 1244.74
140.443048 3087.552290467812 8.39
140.450919 3088.2454561484797 423.74
140.45879 3088.9346470409305 1210.2
140.466661 3089.619884421765 0.0
140.474532 3090.3011736914887 349.64
140.482403 3090.9785219569358 0.0
140.490274 3091.651956498229 20.1
140.498145 3092.321480857095 16.22
140.506016 3092.987125697544 94.99
140.513887 3093.6489142211867 618.85
140.521758 3094.3068705805067 11.81
140.529629 3094.9610297025674 0.0
140.5375 3095.611416848732 314.22
140.545371 3096.258069300252 3.95
140.553242 3096.901021817266 0.0
140.561113 3097.540311069208 69.95
140.568984 3098.175976277653 52.91
140.576855 3098.8080570855673 141.55
140.584726 3099.436594957211 268.92
140.592597 3100.0616311686363 228.57
140.600468 3100.6832109425495 314.33
140.608339 3101.3013751791013 79.81
140.616211 3101.9162495608352 17.38
140.624082 3102.5277222576624 99.02
140.631953 3103.1359152088844 121.97
140.639824 3103.7408789311366 0.0
140.647695 3104.3426541019867 0.0
140.655566 3104.941292920177 0.0
140.663437 3105.5368397119096 97.09
140.671308 3106.1293384528212 0.0
140.679179 3106.718842395737 325.22
140.68705 3107.3053907093245 0.0
140.694921 3107.8890364486324 0.0
140.702792 3108.4698234829025 129.23
140.710663 3109.047793987961 52.57
140.718534 3109.6230020320295 70.53
140.726405 3110.195484478337 207.58
140.734276 3110.765293063187 0.0
140.742147 3111.3324704187603 58.39
140.750018 3111.8970558259975 0.0
140.757889 3112.4591027825213 0.0
140.76576 3113.018645415359 12.73
140.773631 3113.575732757371 52.17
140.781502 3114.1304056927834 0.0
140.789374 3114.6827776684895 182.48
140.797245 3115.2327450755224 90.94
140.805116 3115.7804170771033 0.0
140.812987 3116.3258391982654 17.92
140.820858 3116.8690502725503 0.0
140.828729 3117.410082403681 13.15
140.8366 3117.948985411687 53.19
140.844471 3118.4857876106666 0.0
140.852342 3119.0205306389876 0.0
140.860213 3119.5532511166475 0.0
140.868084 3120.083977467883 295.33
140.875955 3120.612756980757 0.0
140.883826 3121.1396151773233 0.0
140.891697 3121.6645897103485 166.03
140.899568 3122.187714933516 0.0
140.907439 3122.7090157584475 99.49
140.91531 3123.2285367448017 110.48
140.923181 3123.7463007999218 372.75
140.931052 3124.262341677918 235.01
140.938923 3124.7766914858826 2.48
140.946794 3125.2893718752694 83.7
140.954665 3125.800424609954 920.95
140.962536 3126.3098701922795 203.34
140.970408 3126.8178163725447 339.12
140.978279 3127.324137494393 606.04
140.98615 3127.8289307599825 361.91
140.994021 3128.3322339135475 44.94
141.001892 3128.8340658978786 478.61
141.009763 3129.334453334061 1559.57
141.017634 3129.8334240723448 3738.45
141.025505 3130.330995374252 1799.52
141.033376 3130.827201062602 847.17
141.041247 3131.322058728769 579.75
141.049118 3131.815591857112 0.0
141.056989 3132.307826331039 191.39
141.06486 3132.798777574269 534.0
141.072731 3133.2884757954616 196.24
141.080602 3133.7769373484325 89.82
141.088473 3134.264182882657 54.65
141.096344 3134.7502364378697 37.66
141.104215 3135.2351117952135 279.68
141.112086 3135.7188358685326 99.59
141.119957 3136.201423877994 106.0
141.127828 3136.6828939324596 143.64
141.135699 3137.1632683534017 515.79
141.143571 3137.6426371519347 62.28
141.151442 3138.1208687400845 144.77
141.159313 3138.5980551320667 211.21
141.167184 3139.074212171467 0.0
141.175055 3139.54936058772 355.16
141.182926 3140.0235114009515 0.0
141.190797 3140.4966858647977 702.8
141.198668 3140.9688972092845 3522.24
141.206539 3141.440159272864 1230.49
141.21441 3141.9104913093097 197.2
141.222281 3142.379903187505 62.2
141.230152 3142.8484137648343 297.31
141.238023 3143.3160353954145 0.0
141.245894 3143.7827801468648 719.11
141.253765 3144.2486659105225 410.52
141.261636 3144.7137015354924 179.57
141.269507 3145.177903742074 178.56
141.277378 3145.641284078986 209.7
141.285249 3146.1038530541223 463.21
141.29312 3146.565627302762 72.06
141.300991 3147.0266147709026 198.6
141.308862 3147.4868302775362 35.29
141.316733 3147.9462846299666 59.78
141.324605 3148.4050646146966 0.0
141.332476 3148.8630303137215 44.67
141.340347 3149.3202666218685 0.0
141.348218 3149.776786667695 105.53
141.356089 3150.2326005769733 349.61
141.36396 3150.6877162812684 151.52
141.371831 3151.1421481956413 216.57
141.379702 3151.595902757085 44.15
141.387573 3152.0489915963894 86.12
141.395444 3152.5014242087273 605.32
141.403315 3152.953207470507 606.24
141.411186 3153.4043548163927 2642.48
141.419057 3153.8548720544677 97.32
141.426928 3154.304769487923 2264.25
141.434799 3154.7540560294406 864.9
141.44267 3155.202737630847 55.25
141.450541 3155.650826824393 459.27
141.458412 3156.098328859684 172.82
141.466283 3156.545252863637 230.36
141.474154 3156.991607210303 273.59
141.482025 3157.437397041702 822.93
141.489896 3157.882634059234 226.39
141.497768 3158.327400605302 0.0
141.505639 3158.771549513468 0.0
141.51351 3159.2151663225472 0.0
141.521381 3159.6582555823475 60.56
141.529252 3160.1008279939365 0.0
141.537123 3160.542887986382 13.59
141.544994 3160.9844427201915 19.87
141.552865 3161.425499609919 0.0
141.560736 3161.8660627869704 186.29
141.568607 3162.3061418424154 14.22
141.576478 3162.7457410134643 66.54
141.584349 3163.1848666426577 68.42
141.59222 3163.6235257158683 46.46
141.600091 3164.061721990954 0.0
141.607962 3164.499464068753 0.0
141.615833 3164.9367560043484 0.0
141.623704 3165.373603415209 0.0
141.631575 3165.810012889169 0.0
141.639446 3166.2459878500795 23.62
141.647317 3166.6815360149476 0.0
141.655188 3167.116661265789 0.0
141.663059 3167.551368577046 0.0
141.67093 3167.985664166614 0.0
141.678802 3168.4196286690753 0.0
141.686673 3168.8531139370884 0.0
141.694544 3169.2862012541814 0.0
141.702415 3169.7188950233744 100.63
141.710286 3170.1512011192485 4.83
141.718157 3170.583122398223 0.0
141.726028 3171.0146650817296 0.0
141.733899 3171.4458327313705 79.42
141.74177 3171.8766292436753 80.5
141.749641 3172.307060172704 101.37
141.757512 3172.7371281338496 37.07
141.765383 3173.166838717711 0.0
141.773254 3173.596195336751 0.0
141.781125 3174.025201437544 29.13
141.788996 3174.4538622754353 0.0
141.796867 3174.882180248931 0.0
141.804738 3175.310160384003 0.0
141.812609 3175.7378059511166 0.0
141.82048 3176.1651199968624 0.0
141.828351 3176.5921074979397 21.36
141.836222 3177.018770657381 0.0
141.844093 3177.4451139953812 136.29
141.851965 3177.8712180711786 178.03
141.859836 3178.2969306832097 0.0
141.867707 3178.722334017049 53.49
141.875578 3179.147430099258 0.0
141.883449 3179.5722229959806 90.67
141.89132 3179.9967157142232 111.59
141.899191 3180.42091062753 45.29
141.907062 3180.844812209933 359.94
141.914933 3181.268422328459 0.0
141.922804 3181.6917446424195 0.0
141.930675 3182.1147820360884 0.0
141.938546 3182.537536600999 0.0
141.946417 3182.960012583809 0.0
141.954288 3183.3822117070777 0.0
141.962159 3183.8041372647576 0.0
141.97003 3184.2257920242055 0.0
141.977901 3184.6471778256255 0.0
141.985772 3185.0682987028645 0.0
141.993643 3185.4891562474577 1.97
142.001514 3185.90975342496 165.77
142.009385 3186.330092891356 3.9
142.017256 3186.750176262718 15.14
142.025127 3187.1700073735537 0.0
142.032999 3187.589665024299 56.11
142.04087 3188.008997193168 0.0
142.048741 3188.4280837945016 0.0
142.056612 3188.846926255245 0.0
142.064483 3189.2655282009036 0.0
142.072354 3189.683891007017 0.0
142.080225 3190.102017077317 0.0
142.088096 3190.5199088609643 0.0
142.095967 3190.9375676809304 399.0
142.103838 3191.354996838342 0.0
142.111709 3191.7721976846333 0.0
142.11958 3192.189172383895 46.37
142.127451 3192.60592328891 65.56
142.135322 3193.022451627853 0.0
142.143193 3193.4387604079798 58.59
142.151064 3193.8548509553734 22.44
142.158935 3194.270725218015 387.45
142.166806 3194.686385456841 114.66
142.174677 3195.101832813472 30.78
142.182548 3195.517070028691 160.49
142.190419 3195.9320984022816 0.0
142.19829 3196.3469196871774 142.65
142.206162 3196.7616132882135 0.0
142.214033 3197.1760257747446 9.67
142.221904 3197.5902369074215 0.0
142.229775 3198.004247959361 0.0
142.237646 3198.4180605070073 63.29
142.245517 3198.8316766406433 7.38
142.253388 3199.24509735029 0.0
142.261259 3199.6583249148866 87.8
142.26913 3200.0713605800656 12.42
142.277001 3200.484205763064 0.0
142.284872 3200.8968624745985 89.22
142.292743 3201.3093316382683 129.47
142.300614 3201.7216153333043 2.47
142.308485 3202.1337147775725 0.0
142.316356 3202.545631244301 0.0
142.324227 3202.957366668348 9.75
142.332098 3203.3689219123453 0.0
142.339969 3203.7802988737944 40.05
142.34784 3204.1914987426853 0.0
142.355711 3204.602522661898 157.27
142.363582 3205.0133724939446 0.0
142.371453 3205.4240490454263 17.07
142.379324 3205.8345540483533 0.0
142.387196 3206.2449657923444 0.0
142.395067 3206.6551310209848 81.75
142.402938 3207.065128681787 0.0
142.410809 3207.474959529784 0.0
142.41868 3207.8846251459145 30.78
142.426551 3208.294126664814 852.17
142.434422 3208.703465004073 1771.22
142.442293 3209.112641891611 92.88
142.450164 3209.521658034959 0.0
142.458035 3209.9305148774906 90.5
142.465906 3210.339213526337 6.81
142.473777 3210.7477548020756 51.55
142.481648 3211.1561403698065 63.92
142.489519 3211.5643708932444 0.0
142.49739 3211.9724476901947 3.64
142.505261 3212.380371840597 0.0
142.513132 3212.78814407701 0.0
142.521003 3213.1957660045778 0.0
142.528874 3213.6032382465573 2.99
142.536745 3214.010562006047 0.0
142.544616 3214.4177383361825 278.11
142.552487 3214.8247678896128 216.83
142.560359 3215.2317292400558 381.29
142.56823 3215.6384688987423 0.0
142.576101 3216.0450650127414 61.7
142.583972 3216.451518609013 48.09
142.591843 3216.8578302674423 155.08
142.599714 3217.2640014814874 0.0
142.607585 3217.670032802391 23.09
142.615456 3218.075925232285 176.84
142.623327 3218.4816797722438 0.0
142.631198 3218.88729696068 0.0
142.639069 3219.2927781899266 33.16
142.64694 3219.6981240036284 0.0
142.654811 3220.103335316119 129.68
142.662682 3220.508413103108 1943.56
142.670553 3220.9133578719147 0.0
142.678424 3221.3181709073237 283.62
142.686295 3221.7228527520915 7.31
142.694166 3222.1274042401274 60.35
142.702037 3222.5318263223317 64.97
142.709908 3222.936119477169 0.0
142.717779 3223.3402848904743 2.61
142.72565 3223.7443231030607 11.41
142.733522 3224.14831179772 78.04
142.741393 3224.552098035204 93.02
142.749264 3224.9557592106476 0.0
142.757135 3225.359296418629 0.0
142.765006 3225.7627101972525 12.0
142.772877 3226.1660012389675 10.46
142.780748 3226.5691704469255 92.07
142.788619 3226.972218247881 350.64
142.79649 3227.3751456524756 0.0
142.804361 3227.777953195171 0.0
142.812232 3228.180641506384 0.0
142.820103 3228.583211466211 127.05
142.827974 3228.985663478223 154.78
142.835845 3229.387998475676 66.89
142.843716 3229.7902169887134 0.0
142.851587 3230.192319590798 129.08
142.859458 3230.5943071395777 0.0
142.867329 3230.996180017031 3.89
142.8752 3231.3979390850163 32.46
142.883071 3231.7995848687906 0.0
142.890942 3232.201117889493 330.4
142.898813 3232.6025389829333 374.48
142.906684 3233.0038485109612 142.01
142.914556 3233.405124083105 0.0
142.922427 3233.806212573302 1.71
142.930298 3234.2071912869715 138.32
142.938169 3234.6080610388058 161.95
142.94604 3235.0088221718725 0.0
142.953911 3235.4094754211196 0.0
142.961782 3235.8100213007724 0.0
142.969653 3236.210460239537 181.53
142.977524 3236.6107930314834 30.6
142.985395 3237.01102000214 5.34
142.993266 3237.4111418301804 0.0
143.001137 3237.811159023717 0.0
143.009008 3238.2110719707707 0.0
143.016879 3238.6108814453887 116.96
143.02475 3239.0105877567075 0.0
143.032621 3239.4101915313563 60.56
143.040492 3239.8096932710623 97.06
143.048363 3240.209093326395 237.23
143.056234 3240.6083924519753 210.36
143.064105 3241.00759094161 3.33
143.071976 3241.406689373765 0.0
143.079847 3241.8056882435644 0.0
143.087719 3242.2046645755527 129.0
143.09559 3242.603465671229 110.7
143.103461 3243.0021685359666 8.26
143.111332 3243.4007737035454 60.16
143.119203 3243.7992816624064 12.24
143.127074 3244.197692696768 0.0
143.134945 3244.596007524249 65.92
143.142816 3244.9942264108563 10.16
143.150687 3245.392349849063 73.39
143.158558 3245.790378320408 0.0
143.166429 3246.1883120859816 42.35
143.1743 3246.586151833402 504.88
143.182171 3246.983897822231 41.3
143.190042 3247.381550506649 134.15
143.197913 3247.7791103612053 585.87
143.205784 3248.1765776347 63.87
143.213655 3248.5739529682032 0.0
143.221526 3248.9712366241624 154.88
143.229397 3249.3684290212473 9.58
143.237268 3249.7655306269594 32.88
143.245139 3250.162541678567 0.0
143.25301 3250.5594627738187 43.4
143.260881 3250.9562941774334 0.0
143.268753 3251.3531128731533 0.0
143.276624 3251.749766109234 0.0
143.284495 3252.1463307263384 47.03
143.292366 3252.542807281803 146.31
143.300237 3252.939196042137 0.0
143.308108 3253.335497362402 139.82
143.315979 3253.7317116960194 68.17
143.32385 3254.1278392592517 99.53
143.331721 3254.523880571852 0.0
143.339592 3254.9198359015563 250.65
143.347463 3255.315705575017 0.0
143.355334 3255.711490038606 0.0
143.363205 3256.107189499011 0.0
143.371076 3256.5028044409546 2.1
143.378947 3256.8983351329616 0.0
143.386818 3257.293781875289 82.92
143.394689 3257.6891451072943 0.0
143.40256 3258.0844250266623 0.0
143.410431 3258.4796220854414 59.5
143.418302 3258.874736552558 95.53
143.426173 3259.269768703728 242.05
143.434044 3259.6647189713585 0.0
143.441916 3260.0596640367053 0.0
143.449787 3260.454451322039 0.0
143.457658 3260.849157603648 94.09
143.465529 3261.243783134359 54.23
143.4734 3261.638328339766 51.98
143.481271 3262.0327934010847 70.22
143.489142 3262.427178711347 90.46
143.497013 3262.821484539358 122.98
143.504884 3263.2157111167057 0.0
143.512755 3263.6098588621912 224.61
143.520626 3264.003927949506 114.36
143.528497 3264.397918745091 15.03
143.536368 3264.791831517242 0.0
143.544239 3265.185666477772 0.0
143.55211 3265.579424038795 130.35
143.559981 3265.9731043669017 84.17
143.567852 3266.3667078036838 21.04
143.575723 3266.7602346166946 24.69
143.583594 3267.1536849993304 127.59
143.591465 3267.5470593571245 0.0
143.599336 3267.940357849972 426.01
143.607207 3268.333580796228 122.1
143.615078 3268.7267284624995 0.0
143.62295 3269.1198774059435 361.37
143.630821 3269.512875249439 0.0
143.638692 3269.9057985418826 0.0
143.646563 3270.298647579843 0.0
143.654434 3270.6914226288573 91.07
143.662305 3271.0841238491093 6.54
143.670176 3271.4767516333923 0.0
143.678047 3271.8693061293025 0.0
143.685918 3272.2617876130657 99.3
143.693789 3272.654196348948 96.33
143.70166 3273.046532482365 357.61
143.709531 3273.4387963996 276.83
143.717402 3273.830988242761 0.0
143.725273 3274.223108269025 0.0
143.733144 3274.6151567412567 614.29
143.741015 3275.0071337993522 0.0
143.748886 3275.3990398067263 0.0
143.756757 3275.7908749085545 0.0
143.764628 3276.18263934417 0.0
143.772499 3276.5743333749283 0.0
143.78037 3276.965957135507 0.0
143.788241 3277.3575109678413 0.0
143.796113 3277.749071294441 0.0
143.803984 3278.140485775018 0.0
143.811855 3278.531830957671 0.0
143.819726 3278.923106972141 0.0
143.827597 3279.3143141401406 0.0
143.835468 3279.7054526120583 0.0
143.843339 3280.0965225947634 0.0
143.85121 3280.4875243463985 0.0
143.859081 3280.878457992026 0.0
143.866952 3281.2693238343895 0.0
143.874823 3281.6601220260345 0.0
143.882694 3282.0508527591146 0.0
143.890565 3282.4415162900495 0.0
143.898436 3282.83211273948 0.0
143.906307 3283.222642392305 0.0
143.914178 3283.6131054029834 0.0
143.922049 3284.0035019498514 0.0
143.92992 3284.3938322875674 0.0
143.937791 3284.784096532583 0.0
143.945662 3285.1742949530058 0.0
143.953533 3285.56442770499 0.0
143.961404 3285.9544949538904 0.0
143.969275 3286.344496952576 0.0
143.977147 3286.7345099769127 0.0
143.985018 3287.1243819393408 0.0
143.992889 3287.5141891740236 0.0
144.00076 3287.903931834086 0.0
144.008631 3288.293610170622 0.0
144.016502 3288.683224292365 0.0
144.024373 3289.0727744366864 0.0
144.032244 3289.462260762584 0.0
144.040115 3289.8516834117127 0.0
144.047986 3290.2410426333613 0.0
144.055857 3290.630338532696 0.0
144.063728 3291.019571333059 0.0
144.071599 3291.408741194606 0.0
144.07947 3291.7978482482004 0.0
144.087341 3292.186892741326 0.0
144.095212 3292.5758747757745 0.0
144.103083 3292.964794561658 0.0
144.110954 3293.353652260149 0.0
144.118825 3293.742447991953 0.0
144.126696 3294.1311820027645 0.0
144.134567 3294.5198543911724 0.0
144.142438 3294.908465354811 0.0
144.15031 3295.2970911127854 0.0
144.158181 3295.685579649536 0.0
144.166052 3296.0740072786766 0.0
144.173923 3296.462374095766 0.0
144.181794 3296.8506802866264 0.0
144.189665 3297.2389260141395 0.0
144.197536 3297.627111380395 0.0
144.205407 3298.015236627605 0.0
144.213278 3298.403301848455 0.0
144.221149 3298.7913072176425 0.0
144.22902 3299.1792528987417 0.0
144.236891 3299.567138985332 0.0
144.244762 3299.9549657179296 0.0
144.252633 3300.34273318649 0.0
144.260504 3300.7304415552 0.0
144.268375 3301.1180909882455 0.0
144.276246 3301.505681574586 0.0
144.284117 3301.893213546265 0.0
144.291988 3302.2806869940555 0.0
144.299859 3302.66810207221 0.0
144.30773 3303.0554589454596 0.0
144.315601 3303.442757700226 0.0
144.323472 3303.829998556848 0.0
144.331344 3304.217257554691 0.0
144.339215 3304.6043829344503 0.0
144.347086 3304.991450819538 0.0
144.354957 3305.3784612939703 0.0
144.362828 3305.765414566971 0.0
144.370699 3306.152310734384 0.0
144.37857 3306.5391499321317 0.0
144.386441 3306.9259323259075 0.0
144.394312 3307.312657997448 0.0
144.402183 3307.699327145476 0.0
144.410054 3308.08593986814 0.0
144.417925 3308.4724962929286 0.0
144.425796 3308.858996585948 0.0
144.433667 3309.2454408267718 0.0
144.441538 3309.631829204169 0.0
144.449409 3310.0181618184665 0.0
144.45728 3310.4044387891604 0.0
144.465151 3310.7906602827434 0.0
144.473022 3311.176826376736 0.0
144.480893 3311.562937250476 0.0
144.488764 3311.948993006349 0.0
144.496635 3312.334993756271 0.0
144.504507 3312.7210155070325 0.0
144.512378 3313.1069066425935 0.0
144.520249 3313.4927431850238 0.0
144.52812 3313.878525238706 0.0
144.535991 3314.264252908333 0.0
144.543862 3314.6499263611563 0.0
144.551733 3315.0355456709126 0.0
144.559604 3315.4211109994512 0.0
144.567475 3315.806622453036 0.0
144.575346 3316.1920801295178 0.0
144.583217 3316.577484196514 0.0
144.591088 3316.9628347260186 0.0
144.598959 3317.3481318718013 0.0
144.60683 3317.7333757419333 0.0
144.614701 3318.1185664277577 0.0
144.622572 3318.5037040972684 0.0
144.630443 3318.888788820808 0.0
144.638314 3319.2738207444663 0.0
144.646185 3319.658799978056 0.0
144.654056 3320.043726606729 0.0
144.661927 3320.4286007988694 0.0
144.669798 3320.8134226232546 0.0
144.67767 3321.198267952734 0.0
144.685541 3321.582985419257 0.0
144.693412 3321.967650847564 0.0
144.701283 3322.3522644064783 0.0
144.709154 3322.7368261633 0.0
144.717025 3323.121336249839 0.0
144.724896 3323.505794779264 0.0
144.732767 3323.8902018251715 0.0
144.740638 3324.27455755683 0.0
144.748509 3324.658862040145 0.0
144.75638 3325.0431154002968 0.0
144.764251 3325.42731775207 0.0
144.772122 3325.8114691636806 0.0
144.779993 3326.195569804881 0.0
144.787864 3326.5796197402587 0.0
144.795735 3326.963619088676 0.0
144.803606 3327.3475679665044 0.0
144.811477 3327.7314664378414 0.0
144.819348 3328.115314670919 0.0
144.827219 3328.4991127301028 0.0
144.83509 3328.882860728226 0.0
144.842961 3329.2665587832334 0.0
144.850832 3329.6502069580065 0.0
144.858704 3330.033881037569 0.0
144.866575 3330.4174298304542 0.0
144.874446 3330.8009290784735 0.0
144.882317 3331.1843789011546 0.0
144.890188 3331.5677793602335 0.0
144.898059 3331.951130610559 0.0
144.90593 3332.334432721529 0.0
144.913801 3332.7176857946893 0.0
144.921672 3333.1008899511326 0.0
144.929543 3333.484045251519 0.0
144.937414 3333.867151844471 0.0
144.945285 3334.250209801815 0.0
144.953156 3334.63321921982 0.0
144.961027 3335.016180221154 0.0
144.968898 3335.3990928654657 0.0
144.976769 3335.7819572954368 0.0
144.98464 3336.1647735852735 0.0
144.992511 3336.5475418261935 0.0
145.000382 3336.930262142452 0.0
145.008253 3337.3129345927528 0.0
145.016124 3337.695559314099 0.0
145.023995 3338.0781363830442 0.0
145.031867 3338.460741404234 0.0
145.039738 3338.8432234561697 0.0
145.047609 3339.225658125781 0.0
145.05548 3339.608045544624 0.0
145.063351 3339.990385791594 0.0
145.071222 3340.372678948385 0.0
145.079093 3340.7549251425257 0.0
145.086964 3341.1371244310085 0.0
145.094835 3341.5192769401942 0.0
145.102706 3341.901382751286 0.0
145.110577 3342.2834419414953 0.0
145.118448 3342.665454640034 0.0
145.126319 3343.047420903125 0.0
145.13419 3343.4293408521517 0.0
145.142061 3343.8112145706177 0.0
145.149932 3344.1930421314173 0.0
145.157803 3344.574823665488 0.0
145.165674 3344.9565592283407 0.0
145.173545 3345.3382489365863 0.0
145.181416 3345.7198928760286 0.0
145.189287 3346.1014911153957 0.0
145.197158 3346.483043787404 0.0
145.205029 3346.8645509469065 0.0
145.212901 3347.246088114371 0.0
145.220772 3347.6275045505045 0.0
145.228643 3348.008875738978 0.0
145.236514 3348.3902018143613 0.0
145.244385 3348.771482830902 0.0
145.252256 3349.152718896207 0.0
145.260127 3349.533910100736 0.0
145.267998 3349.9150565052737 0.0
145.275869 3350.296158246294 0.0
145.28374 3350.6772153774896 0.0
145.291611 3351.0582280022295 0.0
145.299482 3351.439196213327 0.0
145.307353 3351.8201200677845 0.0
145.315224 3352.200999704048 0.0
145.323095 3352.5818351753123 0.0
145.330966 3352.9626265808597 0.0
145.338837 3353.343374015889 0.0
145.346708 3353.724077533726 0.0
145.354579 3354.104737274873 0.0
145.36245 3354.4853532920692 0.0
145.370321 3354.8659256806586 0.0
145.378192 3355.246454538265 0.0
145.386064 3355.6270152211637 0.0
145.393935 3356.007457248667 0.0
145.401806 3356.3878559899313 0.0
145.409677 3356.7682115364705 0.0
145.417548 3357.148523988402 0.0
145.425419 3357.5287933979007 0.0
145.43329 3357.9090198979743 0.0
145.441161 3358.2892035465475 0.0
145.449032 3358.6693444314487 0.0
145.456903 3359.0494426553246 0.0
145.464774 3359.4294982700117 0.0
145.472645 3359.8095114046905 0.0
145.480516 3360.189482120059 0.0
145.488387 3360.5694105003677 0.0
145.496258 3360.9492966508587 0.0
145.504129 3361.329140623079 0.0
145.512 3361.7089425425243 0.0
145.519871 3362.088702472696 0.0
145.527742 3362.468420494368 0.0
145.535613 3362.8480967154496 0.0
145.543484 3363.2277311872426 0.0
145.551355 3363.6073240316978 0.0
145.559226 3363.9868753151527 0.0
145.567098 3364.3664603095585 0.0
145.574969 3364.7459287264533 0.0
145.58284 3365.125355821515 0.0
145.590711 3365.504741713259 0.0
145.598582 3365.884086470921 0.0
145.606453 3366.263390168576 0.0
145.614324 3366.642652919728 0.0
145.622195 3367.0218747753274 0.0
145.630066 3367.401055850586 0.0
145.637937 3367.7801962176754 0.0
145.645808 3368.1592959474424 0.0
145.653679 3368.53835515632 0.0
145.66155 3368.917373895152 0.0
145.669421 3369.296352275956 0.0
145.677292 3369.6752903738984 0.0
145.685163 3370.054188256661 0.0
145.693034 3370.4330460437136 0.0
145.700905 3370.8118567634324 0.0
145.708776 3371.1905943050997 0.0
145.716647 3371.5692771126182 0.0
145.724518 3371.9479201221293 0.0
145.732389 3372.3265234531823 0.0
145.740261 3372.705162244989 0.0
145.748132 3373.0836864142375 0.0
145.756003 3373.462171137147 0.0
145.763874 3373.840616478892 0.0
145.771745 3374.2190225578247 0.0
145.779616 3374.597389422643 0.0
145.787487 3374.9757171824053 0.0
145.795358 3375.35400591177 0.0
145.803229 3375.7322556773875 0.0
145.8111 3376.110466596498 0.0
145.818971 3376.4886387178585 0.0
145.826842 3376.8667721521965 0.0
145.834713 3377.244866972958 0.0
145.842584 3377.622923248337 0.0
145.850455 3378.0009410945545 0.0
145.858326 3378.378920560468 0.0
145.866197 3378.7568617585866 0.0
145.874068 3379.1347647611956 0.0
145.881939 3379.5126296381036 0.0
145.88981 3379.8904565046064 0.0
145.897681 3380.268245409702 0.0
145.905552 3380.6459964677974 0.0
145.913423 3381.023709750066 0.0
145.921295 3381.4014603101427 0.0
145.929166 3381.7790982887313 0.0
145.937037 3382.156698726651 0.0
145.944908 3382.53426174031 0.0
145.952779 3382.9117873998316 0.0
145.96065 3383.289275778472 0.0
145.968521 3383.6667269899567 0.0
145.976392 3384.0441410836906 0.0
145.984263 3384.4215181782256 0.0
145.992134 3384.798858342662 0.0
146.000005 3385.1761616521135 0.0
146.007876 3385.5534282196404 0.0
146.015747 3385.930658094913 0.0
146.023618 3386.307851398756 0.0
146.031489 3386.68500819929 0.0
146.03936 3387.062128573575 0.0
146.047231 3387.4392126340863 0.0
146.055102 3387.816260430803 0.0
146.062973 3388.1932720869636 0.0
146.070844 3388.570247669739 0.0
146.078715 3388.947187258235 0.0
146.086586 3389.3240909644187 0.0
146.094458 3389.7010337175057 0.0
146.102329 3390.0778658762956 0.0
146.1102 3390.454662395175 0.0
146.118071 3390.8314233553783 0.0
146.125942 3391.208148868461 0.0
146.133813 3391.584838985152 0.0
146.141684 3391.961493833933 0.0
146.149555 3392.338113480193 0.0
146.157426 3392.7146980074176 0.0
146.165297 3393.09124752681 0.0
146.173168 3393.4677620895377 0.0
146.181039 3393.8442418269437 0.0
146.18891 3394.2206868035614 0.0
146.196781 3394.5970971052434 0.0
146.204652 3394.9734728429066 0.0
146.212523 3395.349814068207 0.0
146.220394 3395.726120915513 0.0
146.228265 3396.102393448525 0.0
146.236136 3396.47863175558 0.0
146.244007 3396.854835947382 0.0
146.251878 3397.2310060761215 0.0
146.259749 3397.6071422793643 0.0
146.26762 3397.983244619997 0.0
146.275492 3398.3593879603236 0.0
146.283363 3398.7354228592453 0.0
146.291234 3399.1114241498585 0.0
146.299105 3399.4873919730876 0.0
146.306976 3399.863326391041 0.0
146.314847 3400.239227497393 0.0
146.322718 3400.6150954026425 0.0
146.330589 3400.990930160195 0.0
146.33846 3401.3667319145393 0.0
146.346331 3401.7425007270053 0.0
146.354202 3402.1182366941503 0.0
146.362073 3402.49393992646 0.0
146.369944 3402.8696104780224 0.0
146.377815 3403.245248497089 0.0
146.385686 3403.6208540442185 0.0
146.393557 3403.9964272190036 0.0
146.401428 3404.3719681319767 0.0
146.409299 3404.747476837963 0.0
146.41717 3405.1229534891813 0.0
146.425041 3405.4983981454307 0.0
146.432912 3405.873810909492 0.0
146.440783 3406.249191892007 0.0
146.448655 3406.624615817568 0.0
146.456526 3406.9999334959625 48.42
146.464397 3407.3752196638943 171.9
146.472268 3407.750474427481 120.4
146.480139 3408.125697897548 0.0
146.48801 3408.5008901305614 203.66
146.495881 3408.8760512873223 0.0
146.503752 3409.251181426133 0.0
146.511623 3409.626280656638 67.76
146.519494 3410.001349089899 139.33
146.527365 3410.3763867837583 152.53
146.535236 3410.7513939027103 174.39
146.543107 3411.1263705047827 18.01
146.550978 3411.5013167033308 0.0
146.558849 3411.8762326097008 10.83
146.56672 3412.2511182844673 55.64
146.574591 3412.6259738934928 0.0
146.582462 3413.000799495809 0.0
146.590333 3413.375595208679 0.0
146.598204 3413.750361143789 0.0
146.606075 3414.1250973645797 0.0
146.613946 3414.4998040384016 26.66
146.621817 3414.8744812253517 0.0
146.629689 3415.2492036092217 0.0
146.63756 3415.62382216892 0.0
146.645431 3415.998411541659 135.26
146.653302 3416.372971896414 88.9
146.661173 3416.7475032944176 0.0
146.669044 3417.1220058613562 5.86
146.676915 3417.496479709768 194.23
146.684786 3417.8709249092594 44.29
146.692657 3418.2453416305275 0.0
146.700528 3418.619729936008 0.0
146.708399 3418.994089955945 0.0
146.71627 3419.3684218033795 3.47
146.724141 3419.742725551238 0.0
146.732012 3420.11700137207 13.37
146.739883 3420.491249329582 58.22
146.747754 3420.8654695588216 0.0
146.755625 3421.239662173374 39.42
146.763496 3421.6138272496705 0.0
146.771367 3421.9879649622267 0.0
146.779238 3422.362075376102 0.0
146.787109 3422.736158631398 0.0
146.79498 3423.110214842297 0.0
146.802852 3423.4843185499003 29.51
146.810723 3423.8583210008346 0.0
146.818594 3424.232296730611 36.85
146.826465 3424.606245884637 115.85
146.834336 3424.9801685777506 339.85
146.842207 3425.354064893937 200.08
146.850078 3425.72793501205 123.56
146.857949 3426.1017790000838 0.0
146.86582 3426.4755970090605 0.0
146.873691 3426.849389154506 0.0
146.881562 3427.2231555244934 28.61
146.889433 3427.5968963002315 150.92
146.897304 3427.970611551306 190.38
146.905175 3428.3443014346562 0.0
146.913046 3428.717966066538 0.0
146.920917 3429.091605539341 410.03
146.928788 3429.4652200367523 54.72
146.936659 3429.8388096300437 294.23
146.94453 3430.2123744823875 0.0
146.952401 3430.5859147108204 0.0
146.960272 3430.9594304122743 61.04
146.968143 3431.332921773057 0.0
146.976015 3431.706463226317 0.0
146.983886 3432.079906213951 0.0
146.991757 3432.4533252215824 95.69
146.999628 3432.8267203509286 0.0
147.007499 3433.20009179107 64.05
147.01537 3433.573439616928 295.09
147.023241 3433.946764005168 23.76
147.031112 3434.3200650745093 63.61
147.038983 3434.693342931738 0.0
147.046854 3435.066597768828 0.0
147.054725 3435.4398296626773 6.93
147.062596 3435.8130387972697 0.0
147.070467 3436.186225292214 20.63
147.078338 3436.559389259648 0.0
147.086209 3436.9325308945845 27.52
147.09408 3437.3056502760046 0.0
147.101951 3437.678747595615 0.0
147.109822 3438.051822973948 0.0
147.117693 3438.4248765288016 0.0
147.125564 3438.7979084583667 0.0
147.133435 3439.1709188438235 37.55
147.141306 3439.5439078850286 18.87
147.149177 3439.916875703481 40.47
147.157049 3440.2898966781245 0.0
147.16492 3440.6628224929186 30.22
147.172791 3441.0357274937833 0.0
147.180662 3441.4086118891537 0.0
147.188533 3441.7814758015434 0.0
147.196404 3442.1543193610164 0.0
147.204275 3442.5271427726143 0.0
147.212146 3442.899946122277 0.0
147.220017 3443.2727296275325 0.0
147.227888 3443.6454934119092 131.43
147.235759 3444.0182376121606 0.0
147.24363 3444.390962436972 71.76
147.251501 3444.7636679748593 0.0
147.259372 3445.1363544529518 142.31
147.267243 3445.5090219958283 0.0
147.275114 3445.8816707473134 80.91
147.282985 3446.254300919902 46.19
147.290856 3446.626912604826 139.76
147.298727 3446.9995060393617 472.32
147.306598 3447.372081349157 60.83
147.314469 3447.7446386855295 29.67
147.32234 3448.117178264947 0.0
147.330212 3448.4897743369634 0.0
147.338083 3448.8622788319153 233.16
147.345954 3449.234766038789 4.51
147.353825 3449.607236116798 172.78
147.361696 3449.979689286592 49.04
147.369567 3450.352125645289 0.0
147.377438 3450.7245454522017 28.19
147.385309 3451.096948835215 49.49
147.39318 3451.469335961944 60.13
147.401051 3451.8417070573673 0.0
147.408922 3452.214062221785 0.0
147.416793 3452.5864017265085 23.41
147.424664 3452.958725700549 0.0
147.432535 3453.331034320429 0.0
147.440406 3453.703327815634 0.0
147.448277 3454.075606289825 30.59
147.456148 3454.44787002701 42.05
147.464019 3454.8201191573366 0.0
147.47189 3455.1923538667716 0.0
147.479761 3455.564574389497 31.29
147.487632 3455.93678083272 0.0
147.495503 3456.308973493888 0.0
147.503374 3456.6811525042945 0.0
147.511246 3457.053392111745 34.36
147.519117 3457.425544445488 0.0
147.526988 3457.7976836745183 2.32
147.534859 3458.1698101104753 154.47
147.54273 3458.54192388584 4.9
147.550601 3458.9140252071807 562.47
147.558472 3459.2861143187156 0.0
147.566343 3459.65819133534 0.0
147.574214 3460.030256583768 0.0
147.582085 3460.402310197628 145.11
147.589956 3460.774352394772 17.91
147.597827 3461.1463834247243 0.0
147.605698 3461.51840340655 0.0
147.613569 3461.890412682939 191.91
147.62144 3462.2624113886604 67.58
147.629311 3462.6343997535487 0.0
147.637182 3463.0063780326514 20.95
147.645053 3463.3783463494387 61.47
147.652924 3463.750305063537 11.16
147.660795 3464.1222543108465 0.0
147.668666 3464.4941943339286 0.0
147.676537 3464.8661253935834 8.24
147.684409 3465.238121571395 0.0
147.69228 3465.610035332471 0.0
147.700151 3465.981940772892 149.93
147.708022 3466.3538381487047 0.0
147.715893 3466.7257277267386 57.17
147.723764 3467.0976096400336 27.64
147.731635 3467.469484285195 32.65
147.739506 3467.8413518003667 31.27
147.747377 3468.213212455982 106.63
147.755248 3468.5850665250973 0.0
147.763119 3468.9569141486095 408.75
147.77099 3469.3287557380436 70.14
147.778861 3469.700591435253 609.65
147.786732 3470.0724215259797 80.37
147.794603 3470.444246289757 0.0
147.802474 3470.816065877676 182.14
147.810345 3471.1878807133608 0.0
147.818216 3471.5596909443743 100.34
147.826087 3471.9314968727494 0.0
147.833958 3472.303298784758 55.42
147.841829 3472.6750968423903 0.0
147.8497 3473.0468914819467 0.0
147.857571 3473.418682857028 0.0
147.865443 3473.790545138377 144.66
147.873314 3474.1623309117936 0.0
147.881185 3474.5341142070506 4.56
147.889056 3474.9058954737875 70.56
147.896927 3475.2776748720066 292.41
147.904798 3475.649452739517 128.51
147.912669 3476.0212293769496 31.5
147.92054 3476.393004970368 471.15
147.928411 3476.7647799833308 0.0
147.936282 3477.1365545826197 0.0
147.944153 3477.508329125745 239.24
147.952024 3477.8801039209243 355.08
147.959895 3478.2518791675743 52.27
147.967766 3478.6236553438475 272.62
147.975637 3478.995432623712 362.99
147.983508 3479.3672113856883 24.7
147.991379 3479.7389919458856 759.09
147.99925 3480.110774518022 65.17
148.007121 3480.4825595955576 382.55
148.014992 3480.8543473600803 373.99
148.022863 3481.226138212529 345.87
148.030734 3481.597932477223 18.78
148.038606 3481.969804137769 117.31
148.046477 3482.341606190672 56.52
148.054348 3482.7134125841303 0.0
148.062219 3483.085223742944 38.14
148.07009 3483.4570400000457 0.0
148.077961 3483.82886160084 0.0
148.085832 3484.200689071762 368.58
148.093703 3484.5725226110812 0.0
148.101574 3484.944362669159 0.0
148.109445 3485.3162095878165 21.7
148.117316 3485.6880636300784 54.41
148.125187 3486.059925340076 69.47
148.133058 3486.431794925201 0.0
148.140929 3486.8036728631323 42.65
148.1488 3487.1755595049417 246.39
148.156671 3487.5474551325665 0.0
148.164542 3487.9193603087197 0.0
148.172413 3488.2912752504913 26.3
148.180284 3488.663200464775 11.62
148.188155 3489.035136312265 67.04
148.196026 3489.4070830952105 0.0
148.203897 3489.7790413958455 0.0
148.211768 3490.151011441579 0.0
148.21964 3490.523067424964 58.36
148.227511 3490.895062405172 0.0
148.235382 3491.26707036341 45.47
148.243253 3491.6390919025216 1.18
148.251124 3492.011127260903 27.14
148.258995 3492.3831770100714 0.0
148.266866 3492.7552415312607 140.61
148.274737 3493.127321171901 0.0
148.282608 3493.4994165564226 0.0
148.290479 3493.8715279349212 49.27
148.29835 3494.2436559147536 8.06
148.306221 3494.6158008880147 655.57
148.314092 3494.987963227358 0.0
148.321963 3495.360143579924 0.0
148.329834 3495.73234220828 15.35
148.337705 3496.1045597581992 9.69
148.345576 3496.4767966330855 0.0
148.353447 3496.849053232737 31.61
148.361318 3497.2213302282016 172.86
148.369189 3497.5936278953486 179.43
148.37706 3497.965946921157 30.5
148.384931 3498.338287720807 181.85
148.392803 3498.7107242829907 0.0
148.400674 3499.083110183199 96.54
148.408545 3499.455519272687 0.0
148.416416 3499.8279522825483 0.0
148.424287 3500.2004096403402 0.0
148.432158 3500.5728918064788 71.81
148.440029 3500.9453995038416 0.0
148.4479 3501.317933037665 37.05
148.455771 3501.6904931865342 0.0
148.463642 3502.063080390791 69.85
148.471513 3502.4356951448067 0.7
148.479384 3502.808338199443 153.55
148.487255 3503.1810098761525 99.87
148.495126 3503.553711004559 506.24
148.502997 3503.926442038326 6.53
148.510868 3504.299203508457 89.13
148.518739 3504.67199619534 0.0
148.52661 3505.044820437778 1.66
148.534481 3505.4176771202824 0.0
148.542352 3505.790566710404 79.49
148.550223 3506.1634897786944 0.0
148.558094 3506.536447136709 314.49
148.565965 3506.9094391418325 0.0
148.573837 3507.282540199641 0.0
148.581708 3507.6556038685394 0.0
148.589579 3508.0287042234368 2.37
148.59745 3508.401842108951 0.0
148.605321 3508.7750179023847 0.0
148.613192 3509.1482326107966 0.0
148.621063 3509.5214867314544 2.91
148.628934 3509.894780923679 0.0
148.636805 3510.2681160669026 78.79
148.644676 3510.6414925597855 0.0
148.652547 3511.01491147795 21.34
148.660418 3511.388373334416 47.58
148.668289 3511.761878838466 0.0
148.67616 3512.135428906355 16.33
148.684031 3512.5090239596766 5.23
148.691902 3512.882665148003 18.42
148.699773 3513.256353000793 92.16
148.707644 3513.6300882814166 33.24
148.715515 3514.0038719451077 0.0
148.723386 3514.377704438105 0.0
148.731257 3514.751586989807 23.37
148.739128 3515.1255201468252 0.0
148.747 3515.4995781011726 0.0
148.754871 3515.8736151117596 59.51
148.762742 3516.247705019091 179.41
148.770613 3516.6218491386253 0.0
148.778484 3516.9960480350605 1.34
148.786355 3517.3703025937375 0.0
148.794226 3517.744613855128 1.17
148.802097 3518.1189823205277 138.55
148.809968 3518.493409398624 119.02
148.817839 3518.8678956728286 40.16
148.82571 3519.242442097426 0.0
148.833581 3519.617049759333 0.0
148.841452 3519.991719190608 0.0
148.849323 3520.3664519008184 0.0
148.857194 3520.741248492927 107.56
148.865065 3521.1161099960887 21.55
148.872936 3521.491037546537 0.0
148.880807 3521.8660317095196 0.0
148.888678 3522.2410941038556 60.3
148.896549 3522.6162253529396 0.0
148.90442 3522.9914265673087 27.41
148.912291 3523.366698935598 0.0
148.920163 3523.7421163389686 13.24
148.928034 3524.117533959684 64.49
148.935905 3524.493025717644 0.0
148.943776 3524.8685928116925 0.0
148.951647 3525.24423648642 0.0
148.959518 3525.6199573816884 73.11
148.967389 3525.9957573629786 187.38
148.97526 3526.371637097634 935.06
148.983131 3526.7475978808643 416.96
148.991002 3527.1236410166134 238.71
148.998873 3527.4997672058976 263.19
149.006744 3527.875978415268 2.95
149.014615 3528.2522753546814 119.61
149.022486 3528.6286594243666 54.94
149.030357 3529.0051319914974 0.0
149.038228 3529.381693825807 72.19
149.046099 3529.7583469989368 0.0
149.05397 3530.1350922686074 18.74
149.061841 3530.5119311495923 0.0
149.069712 3530.8888650765 0.0
149.077583 3531.265894894556 5.94
149.085454 3531.6430227879828 0.0
149.093325 3532.0202495663534 0.0
149.101197 3532.3976500575213 14.62
149.109068 3532.775079400983 0.0
149.116939 3533.152611704051 0.0
149.12481 3533.5302492719734 0.0
149.132681 3533.9079929706754 0.0
149.140552 3534.285844576326 232.94
149.148423 3534.6638056727675 234.96
149.156294 3535.0418772792545 0.0
149.164165 3535.420061830649 31.25
149.172036 3535.7983602542017 149.36
149.179907 3536.1767744755175 0.0
149.187778 3536.5553061607698 0.0
149.195649 3536.93395642978 203.79
149.20352 3537.312727856692 125.79
149.211391 3537.6916214355665 619.17
149.219262 3538.070639255627 702.25
149.227133 3538.4497830712103 0.0
149.235004 3538.829054113011 0.0
149.242875 3539.2084551049857 191.56
149.250746 3539.5879871140924 18.52
149.258617 3539.9676524088677 0.0
149.266488 3540.3474528381744 0.0
149.27436 3540.7274628580326 0.0
149.282231 3541.107539161467 0.0
149.290102 3541.4877559847505 44.5
149.297973 3541.86811579275 0.0
149.305844 3542.2486205361847 0.0
149.313715 3542.629271702804 20.81
149.321586 3543.010072352215 11.96
149.329457 3543.391023718136 160.96
149.337328 3543.772128481434 150.25
149.345199 3544.1533887018995 231.41
149.35307 3544.5348060166266 64.13
149.360941 3544.916383672941 9.65
149.368812 3545.2981230000037 155.22
149.376683 3545.6800269161317 128.95
149.384554 3546.0620975984807 229.07
149.392425 3546.444336849415 39.59
149.400296 3546.826748119082 200.78
149.408167 3547.2093328413544 0.0
149.416038 3547.5920941958443 0.0
149.423909 3547.975034486179 117.73
149.43178 3548.358155697783 172.54
149.439651 3548.741461500209 720.74
149.447522 3549.1249534423746 641.16
149.455394 3549.508708009989 243.07
149.463265 3549.8925816273713 28.61
149.471136 3550.276649480491 0.0
149.479007 3550.66091547705 80.05
149.486878 3551.045381292577 145.1
149.494749 3551.4300507114226 0.0
149.50262 3551.814926321624 173.44
149.510491 3552.2000105363877 0.0
149.518362 3552.585307521102 0.0
149.526233 3552.970819090816 94.06
149.534104 3553.3565493802676 62.66
149.541975 3553.7425011370356 50.01
149.549846 3554.1286770246757 0.0
149.557717 3554.5150814883277 21.66
149.565588 3554.901716497045 0.0
149.573459 3555.288586572783 0.0
149.58133 3555.675694636001 93.97
149.589201 3556.0630436287347 0.0
149.597072 3556.450638300205 131.28
149.604943 3556.83848078973 0.0
149.612814 3557.2265760476234 0.0
149.620685 3557.6149271819886 0.0
149.628557 3558.003610387089 0.0
149.636428 3558.3924848887323 0.0
149.644299 3558.781625927801 0.0
149.65217 3559.1710389282375 28.72
149.660041 3559.5607272028706 0.0
149.667912 3559.9506943487254 80.26
149.675783 3560.3409458073625 31.12
149.683654 3560.7314841158163 0.0
149.691525 3561.12231522381 0.0
149.699396 3561.513442666341 75.19
149.707267 3561.904870426074 405.62
149.715138 3562.2966043380807 0.0
149.723009 3562.6886471717708 0.0
149.73088 3563.0810054602753 0.0
149.738751 3563.473682980927 54.41
149.746622 3563.8666841471445 9.76
149.754493 3564.2600152238683 0.0
149.762364 3564.6536792391335 168.29
149.770235 3565.047683374012 0.0
149.778106 3565.442031670652 0.0
149.785977 3565.8367290240867 32.99
149.793848 3566.231782169419 0.0
149.801719 3566.6271944230107 25.36
149.809591 3567.0230465567224 0.0
149.817462 3567.4191972057315 7.11
149.825333 3567.815724630505 21.03
149.833204 3568.212636082074 0.0
149.841075 3568.6099351988146 94.65
149.848946 3569.007630682195 0.0
149.856817 3569.4057271834095 48.49
149.864688 3569.8042307390606 0.0
149.872559 3570.2031491647185 0.0
149.88043 3570.6024864589403 0.0
149.888301 3571.002252215085 44.09
149.896172 3571.4024514339344 0.0
149.904043 3571.803090828748 12.44
149.911914 3572.204178834701 0.0
149.919785 3572.6057198539334 0.0
149.927656 3573.0077244732556 41.8
149.935527 3573.410198078443 11.64
149.943398 3573.8131481417904 12.81
149.951269 3574.2165837792336 1.62
149.95914 3574.620509845851 0.7
149.967011 3575.0249380355044 0.0
149.974882 3575.4298741588227 86.4
149.982754 3575.8353993522965 0.0
149.990625 3576.241377919914 0.0
149.998496 3576.6478879759375 171.7
150.006367 3577.0549424466294 92.36
150.014238 3577.4625476140136 0.0
150.022109 3577.8707127572584 79.08
150.02998 3578.2794485665654 0.0
150.037851 3578.6887609793575 19.9
150.045722 3579.0986642970665 40.27
150.053593 3579.5091653224995 0.0
150.061464 3579.920274408846 59.05
150.069335 3580.332003153958 164.03
150.077206 3580.7443581413772 0.41
150.085077 3581.157355204792 86.4
150.092948 3581.5710017253514 0.0
150.100819 3581.9853092622166 66.46
150.10869 3582.4002904133363 0.0
150.116561 3582.8159524915004 0.0
150.124432 3583.2323130365126 0.0
150.132303 3583.649380073106 150.28
150.140174 3584.0671665139794 66.83
150.148045 3584.4856860592317 120.09
150.155916 3584.90494684556 85.11
150.163788 3585.3250410791034 127.51
150.171659 3585.745832060873 56.74
150.17953 3586.1674068943053 0.0
150.187401 3586.58978049618 101.71
150.195272 3587.0129619837057 0.0
150.203143 3587.4369728007514 0.0
150.211014 3587.8618225426435 0.0
150.218885 3588.287527337171 134.82
150.226756 3588.7141034386127 69.4
150.234627 3589.1415612341043 0.0
150.242498 3589.569924067814 0.0
150.250369 3589.9992026486243 0.0
150.25824 3590.429415003317 0.0
150.266111 3590.860578857266 322.3
150.273982 3591.2927060410366 93.1
150.281853 3591.7258219699215 0.0
150.289724 3592.1599386099874 0.0
150.297595 3592.5950761036256 20.29
150.305466 3593.0312537911345 36.42
150.313337 3593.4684851399957 0.0
150.321208 3593.9067978135877 19.07
150.329079 3594.3462051957117 27.98
150.336951 3594.7868025271796 0.0
150.344822 3595.228465557023 142.87
150.352693 3595.6712822116187 0.0
150.360564 3596.115282584043 52.47
150.368435 3596.5604816537943 0.0
150.376306 3597.006904496553 16.02
150.384177 3597.4545741505676 13.99
150.392048 3597.903508012716 0.0
150.399919 3598.3537387754172 0.0
150.40779 3598.805283208336 0.0
150.415661 3599.2581692214844 107.72
150.423532 3599.712421941531 165.58
150.431403 3600.1680610942317 0.0
150.439274 3600.6251221271586 56.97
150.447145 3601.0836238091742 0.0
150.455016 3601.5435971207467 82.6
150.462887 3602.0050694333104 34.35
150.470758 3602.468063056004 208.36
150.478629 3602.932616314629 0.0
150.4865 3603.3987501959846 558.48
150.494371 3603.8664989592257 63.3
150.502242 3604.3358923612545 0.0
150.510113 3604.806955544662 87.92
150.517985 3605.2798025551974 87.87
150.525856 3605.754311491551 304.3
150.533727 3606.2305925975443 76.95
150.541598 3606.7086781288713 499.06
150.549469 3607.188596283713 71.04
150.55734 3607.6703912640364 141.71
150.565211 3608.15408913926 625.63
150.573082 3608.6397310829566 273.21
150.580953 3609.127351900176 126.56
150.588824 3609.616983021389 918.29
150.596695 3610.108671424287 908.72
150.604566 3610.6024459948935 257.67
150.612437 3611.098351297656 384.47
150.620308 3611.5964246546864 37.0
150.628179 3612.0967008045823 164.51
150.63605 3612.599229161163 609.07
150.643921 3613.104041531159 275.2
150.651792 3613.6111855429754 166.97
150.659663 3614.120700872371 0.0
150.667534 3614.632625483275 8.7
150.675405 3615.147010621081 248.44
150.683276 3615.6638910023994 44.3
150.691148 3616.183389506306 0.0
150.699019 3616.705402445477 470.44
150.70689 3617.230043202931 98.45
150.714761 3617.757363894154 4.86
150.722632 3618.287401954882 290.81
150.730503 3618.820208690561 0.0
150.738374 3619.3558271625134 72.5
150.746245 3619.8943004508324 996.93
150.754116 3620.4356800953888 233.39
150.761987 3620.980005795099 0.0
150.769858 3621.5273283798115 622.16
150.777729 3622.077691317293 42.69
150.7856 3622.631138736774 31.72
150.793471 3623.18771955498 410.26
150.801342 3623.7474749067264 0.0
150.809213 3624.3104525829885 5.16
150.817084 3624.8766950246513 336.6
150.824955 3625.4462455873436 0.0
150.832826 3626.01914778025 0.0
150.840697 3626.59544285466 0.0
150.848568 3627.1751720031616 0.0
150.856439 3627.7583746478194 547.16
150.864311 3628.34516369558 206.55
150.872182 3628.935428148639 74.06
150.880053 3629.529279956773 472.52
150.887924 3630.1267490105656 62.27
150.895795 3630.727869086887 34.13
150.903666 3631.332673131904 241.9
150.911537 3631.9411820818623 0.0
150.919408 3632.5534309268783 200.09
150.927279 3633.169432354383 45.66
150.93515 3633.7892112370814 707.43
150.943021 3634.4127889412694 328.91
150.950892 3635.040167591131 462.18
150.958763 3635.6713743972327 55.04
150.966634 3636.306397890446 622.03
150.974505 3636.9452502673416 776.29
150.982376 3637.5879358665147 1199.71
150.990247 3638.234432275913 0.0
150.998118 3638.88475503636 97.18
151.005989 3639.5388609626602 0.0
151.01386 3640.1967456061548 114.57
151.021731 3640.858390360574 0.0
151.029602 3641.5237427186444 386.89
151.037473 3642.1928024742447 0.0
151.045345 3642.865560409471 0.0
151.053216 3643.5418462608286 0.0
151.061087 3644.2216853891923 0.0
151.068958 3644.90499071349 0.0
151.076829 3645.591742646266 405.22
151.0847 3646.2818141255684 0.0
151.092571 3646.9751577015218 327.25
151.100442 3647.671693309442 163.98
151.108313 3648.371297132931 10.36
151.116184 3649.073927870829 0.0
151.124055 3649.77941082802 0.0
151.131926 3650.487675405005 0.0
151.139797 3651.1986069688537 0.0
151.147668 3651.9120462580277 0.0
151.155539 3652.6279301316717 17.02
151.16341 3653.346038027266 40.38
151.171281 3654.066278579111 179.96
151.179152 3654.7885046529727 0.0
151.187023 3655.512527111957 0.0
151.194894 3656.238263730654 104.33
151.202765 3656.965455330477 260.11
151.210636 3657.6939952695807 0.0
151.218508 3658.4237830428146 0.0
151.226379 3659.154464114502 0.0
151.23425 3659.886015513508 0.0
151.242121 3660.6181521005833 70.99
151.249992 3661.350760077607 0.59
151.257863 3662.0836504116332 35.42
151.265734 3662.8166070201983 170.48
151.273605 3663.5495290490294 49.98
151.281476 3664.2821219170996 0.0
151.289347 3665.0142743159267 28.59
151.297218 3665.7457942103647 1.27
151.305089 3666.476473013067 321.26
151.31296 3667.206213597803 37.22
151.320831 3667.9347299292876 151.43
151.328702 3668.6619225309096 0.0
151.336573 3669.3876095493642 23.82
151.344444 3670.1116031503975 0.0
151.352315 3670.833818237607 10.6
151.360186 3671.5539938444736 107.84
151.368057 3672.2720497225737 0.88
151.375928 3672.987825551873 671.86
151.383799 3673.701164276467 2.03
151.39167 3674.4119989888336 0.0
151.399542 3675.120178743592 28.17
151.407413 3675.8255018345367 73.94
151.415284 3676.5279100750777 6.95
151.423155 3677.227282755263 78.21
151.431026 3677.9235731291133 66.02
151.438897 3678.61660557699 122.29
151.446768 3679.306346688749 187.45
151.454639 3679.9926988397187 10.69
151.46251 3680.6755787753596 200.84
151.470381 3681.354959971257 45.43
151.478252 3682.030717037331 93.08
151.486123 3682.702837767154 0.0
151.493994 3683.371257764661 48.45
151.501865 3684.0359286048215 62.13
151.509736 3684.6968428318687 832.14
151.517607 3685.3539213070926 165.11
151.525478 3686.007170130076 90.18
151.533349 3686.6565552525394 272.88
151.54122 3687.3020580301168 301.05
151.549091 3687.9436873676564 0.0
151.556962 3688.5814036758857 57.1
151.564833 3689.215227468302 165.17
151.572705 3689.845222653042 597.16
151.580576 3690.4712492655976 0.0
151.588447 3691.093401838193 943.51
151.596318 3691.7116724537004 790.22
151.604189 3692.3260919476797 407.98
151.61206 3692.9366724489573 198.91
151.619931 3693.543436311371 1029.35
151.627802 3694.146414706101 1387.97
151.635673 3694.7456235592695 442.8
151.643544 3695.3411002778707 268.62
151.651415 3695.9328722139476 135.52
151.659286 3696.5209734956093 0.0
151.667157 3697.1054414240675 36.65
151.675028 3697.686308717674 0.0
151.682899 3698.2636162375984 344.5
151.69077 3698.837401912834 321.54
151.698641 3699.4077069847945 258.6
151.706512 3699.9745722032867 294.28
151.714383 3700.538041186064 3454.62
151.722254 3701.098155850959 764.54
151.730125 3701.6549608382898 227.19
151.737996 3702.208500881574 98.65
151.745867 3702.7588180945236 538.97
151.753739 3703.3060346656994 0.0
151.76161 3703.8500468192397 326.89
151.769481 3704.3909755799623 90.41
151.777352 3704.928866522886 369.89
151.785223 3705.4637615964084 85.57
151.793094 3705.99571343668 661.93
151.800965 3706.52476149869 476.38
151.808836 3707.0509554642244 225.3
151.816707 3707.5743399151174 960.12
151.824578 3708.09495558338 168.42
151.832449 3708.612855373616 29.99
151.84032 3709.1280762498113 220.11
151.848191 3709.6406676263337 201.06
151.856062 3710.150671908595 154.03
151.863933 3710.6581279353722 512.64
151.871804 3711.1630871808657 750.47
151.879675 3711.6655837641197 79.77
151.887546 3712.165665704642 1005.85
151.895417 3712.663372537476 362.12
151.903288 3713.15874081464 0.0
151.911159 3713.651819494032 65.07
151.91903 3714.142639730701 70.39
151.926902 3714.6313198358525 0.0
151.934773 3715.117751026962 150.22
151.942644 3715.6020400728994 88.18
151.950515 3716.0842327867554 37.72
151.958386 3716.564357396553 208.84
151.966257 3717.0424572390684 0.0
151.974128 3717.5185653299404 0.0
151.981999 3717.9927132187227 71.87
151.98987 3718.464943260956 489.43
151.997741 3718.9352808920157 609.76
152.005612 3719.4037666766462 0.0
152.013483 3719.8704303797085 0.0
152.021354 3720.3353010753294 0.0
152.029225 3720.798417576144 0.0
152.037096 3721.259802714469 52.82
152.044967 3721.7194942162046 15.86
152.052838 3722.1775187547655 29.8
152.060709 3722.6339030351683 159.57
152.06858 3723.0886823898313 0.0
152.076451 3723.5418772639305 5.03
152.084322 3723.9935225793415 0.0
152.092193 3724.443642133168 0.0
152.100064 3724.8922604018385 195.84
152.107936 3725.339481855155 0.0
152.115807 3725.7851796674126 75.69
152.123678 3726.2294587033275 22.9
152.131549 3726.6723401284503 145.26
152.13942 3727.113846344755 0.0
152.147291 3727.554006248882 0.0
152.155162 3727.9928361763095 165.38
152.163033 3728.430365779771 53.81
152.170904 3728.86661383792 91.23
152.178775 3729.3016008448544 0.0
152.186646 3729.735352819225 0.16
152.194517 3730.167884357361 32.61
152.202388 3730.5992227123584 66.33
152.210259 3731.0293845185547 0.0
152.21813 3731.4583885230804 9.01
152.226001 3731.8862581121903 0.0
152.233872 3732.3130063338645 18.77
152.241743 3732.7386582135814 10.69
152.249614 3733.1632284709226 0.0
152.257485 3733.5867342602837 0.0
152.265356 3734.0091965780243 34.04
152.273227 3734.4306270973193 208.21
152.281099 3734.851121248677 30.64
152.28897 3735.2705470022524 0.0
152.296841 3735.6889926526255 24.89
152.304712 3736.1064770407174 0.0
152.312583 3736.5230106209206 0.0
152.320454 3736.9386144752716 0.0
152.328325 3737.3533001149503 0.0
152.336196 3737.7670819306322 18.52
152.344067 3738.1799768225305 570.17
152.351938 3738.5919941656343 0.0
152.359809 3739.003153316185 27.0
152.36768 3739.413464451397 25.19
152.375551 3739.8229407717513 78.34
152.383422 3740.2315974372705 89.35
152.391293 3740.639442867144 5.28
152.399164 3741.0464948422864 168.99
152.407035 3741.4527623621784 0.0
152.414906 3741.858257549328 0.0
152.422777 3742.2629940065513 35.96
152.430648 3742.6669793064902 0.0
152.438519 3743.070229794381 0.0
152.44639 3743.4727534308654 0.0
152.454261 3743.8745613622064 0.0
152.462133 3744.2757382265613 38.23
152.470004 3744.6761459025042 0.0
152.477875 3745.075871945372 14.24
152.485746 3745.474923401566 0.0
152.493617 3745.873310531336 0.0
152.501488 3746.2710443050523 0.0
152.509359 3746.6681308796037 1.91
152.51723 3747.064584102144 0.0
152.525101 3747.4604102115477 0.0
152.532972 3747.8556186666515 0.0
152.540843 3748.2502193287764 0.0
152.548714 3748.6442177638783 0.0
152.556585 3749.037626737101 0.0
152.564456 3749.4304517753253 0.0
152.572327 3749.822701610475 68.92
152.580198 3750.21438511412 62.04
152.588069 3750.6055073267994 0.0
152.59594 3750.9960800290955 53.68
152.603811 3751.3861081198916 0.0
152.611682 3751.775599671167 134.62
152.619553 3752.1645626710438 0.0
152.627424 3752.5530016922453 0.0
152.635296 3752.9409999945346 0.0
152.643167 3753.3284171044884 130.7
152.651038 3753.7153329371467 60.91
152.658909 3754.101754692918 65.97
152.66678 3754.4876866130057 91.47
152.674651 3754.8731385930423 0.0
152.682522 3755.2581145750237 52.12
152.690393 3755.642621484354 164.12
152.698264 3756.026665816542 0.0
152.706135 3756.4102515216077 16.99
152.714006 3756.7933875885683 22.62
152.721877 3757.176077608147 0.0
152.729748 3757.558328008729 0.0
152.737619 3757.940144655595 0.0
152.74549 3758.321531233889 2.0
152.753361 3758.7024959173173 35.67
152.761232 3759.0830419822933 159.23
152.769103 3759.4631754038783 69.38
152.776974 3759.8429014834355 17.28
152.784845 3760.2222236646166 0.0
152.792716 3760.6011493874107 0.0
152.800587 3760.97968164651 0.0
152.808458 3761.357826002981 118.64
152.81633 3761.7356595622714 83.12
152.824201 3762.113040877235 31.7
152.832072 3762.4900490889686 36.07
152.839943 3762.8666869392077 129.51
152.847814 3763.24295960964 103.1
152.855685 3763.618871444664 272.55
152.863556 3763.994425464453 80.35
152.871427 3764.369627853256 36.63
152.879298 3764.744481125332 93.59
152.887169 3765.1189901157877 9.0
152.89504 3765.4931587627398 0.0
152.902911 3765.866989901057 4.37
152.910782 3766.2404891774754 0.0
152.918653 3766.613658901318 0.0
152.926524 3766.9865035899343 0.0
152.934395 3767.35902681651 0.0
152.942266 3767.7312312455783 325.33
152.950137 3768.1031220384216 24.59
152.958008 3768.4747013194333 0.0
152.965879 3768.845973314245 0.0
152.97375 3769.216941267912 0.0
152.981621 3769.5876076881023 0.0
152.989493 3769.9580495344476 0.0
152.997364 3770.3281242489497 257.64
153.005235 3770.6979080671467 0.0
153.013106 3771.067403939305 118.97
153.020977 3771.4366142278154 0.0
153.028848 3771.8055432584706 78.32
153.036719 3772.174192837162 8.69
153.04459 3772.5425666740025 133.44
153.052461 3772.9106674530703 0.0
153.060332 3773.278497403091 23.37
153.068203 3773.6460604900003 100.55
153.076074 3774.0133583824663 1441.12
153.083945 3774.380394563176 1156.33
153.091816 3774.7471714760936 0.0
153.099687 3775.1136912262355 103.21
153.107558 3775.4799574531908 0.0
153.115429 3775.8459717009932 452.2
153.1233 3776.2117372424814 0.0
153.131171 3776.5772563047894 18.1
153.139042 3776.9425308782647 7.31
153.146913 3777.3075643062257 103.78
153.154784 3777.6723580193398 0.0
153.162656 3778.0369872566 0.0
153.170527 3778.4013096955914 10.37
153.178398 3778.7653994137618 0.0
153.186269 3779.1292594855936 0.0
153.19414 3779.492891238468 90.85
153.202011 3779.856297571609 0.0
153.209882 3780.2194803391603 64.53
153.217753 3780.5824413256933 61.89
153.225624 3780.945183360703 0.0
153.233495 3781.307707677351 3.45
153.241366 3781.6700170088184 0.0
153.249237 3782.032113048537 11.65
153.257108 3782.393997489019 161.63
153.264979 3782.755672936644 49.83
153.27285 3783.117140538492 22.84
153.280721 3783.4784028737986 33.9
153.288592 3783.8394614902613 578.41
153.296463 3784.200317994595 43.88
153.304334 3784.5609747897747 416.69
153.312205 3784.92143294412 167.79
153.320076 3785.281694893979 39.69
153.327947 3785.641762054764 8.37
153.335818 3786.001635953131 0.0
153.34369 3786.36139088196 0.0
153.351561 3786.7208836585282 210.31
153.359432 3787.0801886897825 0.0
153.367303 3787.439307271245 147.66
153.375174 3787.798240854473 44.39
153.383045 3788.1569914875404 279.14
153.390916 3788.5155601004103 0.0
153.398787 3788.8739488728547 0.0
153.406658 3789.232158991054 67.85
153.414529 3789.5901918366385 0.0
153.4224 3789.9480493025976 157.51
153.430271 3790.3057322580917 62.62
153.438142 3790.6632427678983 20.15
153.446013 3791.020581918661 2.49
153.453884 3791.3777510265386 0.0
153.461755 3791.7347518425668 148.24
153.469626 3792.091585179982 0.0
153.477497 3792.4482529963707 9.98
153.485368 3792.8047562876777 17.38
153.493239 3793.161096308697 114.35
153.50111 3793.5172746804064 0.0
153.508981 3793.87329216454 83.25
153.516853 3794.229222610576 0.0
153.524724 3794.584922923975 0.0
153.532595 3794.9404663178275 32.85
153.540466 3795.295854294073 0.0
153.548337 3795.6510875669533 112.13
153.556208 3796.0061679004016 14.14
153.564079 3796.361096132344 0.0
153.57195 3796.715873405721 7.96
153.579821 3797.070501112969 0.0
153.587692 3797.4249799245 0.0
153.595563 3797.7793115169297 0.0
153.603434 3798.133496659178 0.0
153.611305 3798.487536443384 137.58
153.619176 3798.8414321613764 72.09
153.627047 3799.1951844430623 0.0
153.634918 3799.5487948833493 0.0
153.642789 3799.9022641880583 0.0
153.65066 3800.255593401534 0.0
153.658531 3800.6087837230866 10.36
153.666402 3800.9618357451495 42.01
153.674273 3801.3147509861033 0.0
153.682144 3801.6675300940246 10.63
153.690015 3802.0201740682537 0.0
153.697887 3802.372755925531 0.0
153.705758 3802.7251323975947 21.57
153.713629 3803.077376854501 0.0
153.7215 3803.429489891618 71.74
153.729371 3803.781472465691 0.0
153.737242 3804.1333256126136 0.0
153.745113 3804.485049857924 0.0
153.752984 3804.836646580792 25.76
153.760855 3805.1881163280987 15.93
153.768726 3805.539460016603 0.0
153.776597 3805.890678609864 38.38
153.784468 3806.2417726035537 0.0
153.792339 3806.592743313656 82.32
153.80021 3806.943591242572 0.0
153.808081 3807.294317269317 0.0
153.815952 3807.64492229071 0.0
153.823823 3807.995406774673 43.42
153.831694 3808.345771977809 0.0
153.839565 3808.6960183616943 3.16
153.847436 3809.0461467696887 0.0
153.855307 3809.3961580369773 0.0
153.863178 3809.7460526085397 31.94
153.87105 3810.095903495106 0.0
153.878921 3810.4455674736314 195.31
153.886792 3810.7951171880636 53.59
153.894663 3811.1445534167597 0.0
153.902534 3811.4938765920247 76.94
153.910405 3811.843087833509 0.0
153.918276 3812.1921875451444 0.0
153.926147 3812.5411765045747 117.37
153.934018 3812.890055437475 0.0
153.941889 3813.2388247640442 78.06
153.94976 3813.5874855338684 0.0
153.957631 3813.9360381294437 0.0
153.965502 3814.2844832982446 0.0
153.973373 3814.6328217171786 67.13
153.981244 3814.981053794768 8.08
153.989115 3815.329180515548 9.77
153.996986 3815.677202242015 0.0
154.004857 3816.0251196930712 0.0
154.012728 3816.3729335004464 143.52
154.020599 3816.7206440614 15.34
154.02847 3817.0682523000273 20.17
154.036341 3817.415758560148 4.09
154.044212 3817.763163533583 52.39
154.052084 3818.110539534072 0.0
154.059955 3818.457743483415 34.12
154.067826 3818.8048479903337 0.0
154.075697 3819.1518533811927 0.0
154.083568 3819.4987603220225 0.0
154.091439 3819.845569363944 110.18
154.09931 3820.1922808827526 0.0
154.107181 3820.5388956941683 28.0
154.115052 3820.8854141082256 41.76
154.122923 3821.231836766593 58.68
154.130794 3821.578164184338 160.43
154.138665 3821.92439672714 0.0
154.146536 3822.270535162028 0.0
154.154407 3822.6165797837525 44.48
154.162278 3822.962531210856 228.99
154.170149 3823.3083899249136 0.0
154.17802 3823.6541562818447 0.0
154.185891 3823.9998310033156 74.14
154.193762 3824.34541436976 0.0
154.201633 3824.690906977748 0.0
154.209504 3825.0363092777247 84.13
154.217375 3825.381621616201 115.15
154.225247 3825.726916307841 208.5
154.233118 3826.0720503337266 10.79
154.240989 3826.417095920187 73.55
154.24886 3826.762053488796 0.0
154.256731 3827.1069233769063 0.0
154.264602 3827.4517062245054 69.34
154.272473 3827.7964022860074 0.0
154.280344 3828.1410121171693 127.67
154.288215 3828.485536112618 46.8
154.296086 3828.8299746009525 69.73
154.303957 3829.174328185318 0.0
154.311828 3829.5185971083015 0.0
154.319699 3829.8627819067815 250.31
154.32757 3830.2068829502878 128.55
154.335441 3830.550900558982 0.95
154.343312 3830.89483530159 0.0
154.351183 3831.2386874095864 0.0
154.359054 3831.5824574018807 93.51
154.366925 3831.9261456246268 0.0
154.374796 3832.2697523898405 0.0
154.382667 3832.6132782340783 15.82
154.390538 3832.956723378367 0.0
154.398409 3833.300088324509 0.0
154.406281 3833.6434449390504 82.94
154.414152 3833.9866504275656 0.0
154.422023 3834.3297768529974 0.0
154.429894 3834.672824426544 111.73
154.437765 3835.015793633646 7.85
154.445636 3835.358684778385 0.0
154.453507 3835.7014981572966 0.0
154.461378 3836.044234248752 0.0
154.469249 3836.3868932547007 0.0
154.47712 3836.729475645059 0.0
154.484991 3837.071981704925 44.03
154.492862 3837.4144117235396 0.0
154.500733 3837.7567661529056 0.0
154.508604 3838.099045186255 0.0
154.516475 3838.441249278709 0.0
154.524346 3838.7833786976385 0.0
154.532217 3839.1254337252503 0.0
154.540088 3839.467414788843 0.0
154.547959 3839.809322073431 0.0
154.55583 3840.151156020029 0.0
154.563701 3840.492916879446 16.21
154.571572 3840.834604927106 97.21
154.579444 3841.176292019894 47.28
154.587315 3841.5178354163513 0.0
154.595186 3841.859307010026 0.0
154.603057 3842.2007070362856 28.06
154.610928 3842.542035763972 14.95
154.618799 3842.8832935755545 52.96
154.62667 3843.224480640992 65.27
154.634541 3843.5655973749526 0.0
154.642412 3843.906643998319 182.93
154.650283 3844.247620773634 0.0
154.658154 3844.588528062985 0.0
154.666025 3844.929366029424 34.97
154.673896 3845.270135075376 65.47
154.681767 3845.6108354081603 0.0
154.689638 3845.9514672842542 173.73
154.697509 3846.2920310466056 0.0
154.70538 3846.632526851745 20.67
154.713251 3846.972955090408 59.94
154.721122 3847.313315957215 0.0
154.728993 3847.653609702801 74.88
154.736864 3847.9938366521314 37.18
154.744735 3848.333996955577 94.25
154.752606 3848.6740909927103 201.19
154.760478 3849.014190305279 9.71
154.768349 3849.354152407771 65.4
154.77622 3849.694048979799 0.0
154.784091 3850.033880165907 17.29
154.791962 3850.3736463349665 91.48
154.799833 3850.7133476585927 74.38
154.807704 3851.052984376324 18.39
154.815575 3851.3925567803853 120.49
154.823446 3851.732065009808 0.0
154.831317 3852.071509423287 8.72
154.839188 3852.41089018198 94.42
154.847059 3852.750207520206 537.75
154.85493 3853.0894617152385 130.14
154.862801 3853.428652900894 40.04
154.870672 3853.7677814261483 176.4
154.878543 3854.106847442346 73.67
154.886414 3854.445851178779 0.0
154.894285 3854.784792898653 0.0
154.902156 3855.1236727308465 0.0
154.910027 3855.462491015049 250.98
154.917898 3855.801247893394 94.6
154.925769 3856.139943590336 87.7
154.933641 3856.478649625046 1.88
154.941512 3856.817223571506 213.42
154.949383 3857.155737041547 121.08
154.957254 3857.4941901686875 201.55
154.965125 3857.8325831726897 223.77
154.972996 3858.1709162910743 57.66
154.980867 3858.5091896436065 298.13
154.988738 3858.8474035525956 98.34
154.996609 3859.185558143429 0.0
155.00448 3859.5236536313955 4.87
155.012351 3859.861690242253 64.29
155.020222 3860.199668091564 0.0
155.028093 3860.5375874935476 0.0
155.035964 3860.8754485659433 109.6
155.043835 3861.2132515197404 40.65
155.051706 3861.5509965696046 61.44
155.059577 3861.888683827114 1.94
155.067448 3862.22631359876 169.87
155.075319 3862.5638859950886 27.74
155.08319 3862.9014012229554 539.33
155.091061 3863.2388594865633 0.0
155.098932 3863.5762608954224 32.67
155.106804 3863.913676924563 37.06
155.114675 3864.2509653095362 0.0
155.122546 3864.5881974438234 0.0
155.130417 3864.9253735217894 0.0
155.138288 3865.262493652233 0.0
155.146159 3865.5995581180114 0.0
155.15403 3865.9365670211464 0.0
155.161901 3866.2735205606728 0.0
155.169772 3866.6104189216367 0.0
155.177643 3866.9472622121484 0.0
155.185514 3867.2840507029046 0.0
155.193385 3867.620784492635 0.0
155.201256 3867.9574637767178 0.0
155.209127 3868.2940887313925 0.0
155.216998 3868.630659464084 0.0
155.224869 3868.967176233982 0.0
155.23274 3869.3036391366963 0.0
155.240611 3869.640048364094 0.0
155.248482 3869.9764040840996 0.0
155.256353 3870.3127064034443 0.0
155.264224 3870.6489555704375 0.0
155.272095 3870.985151677724 0.0
155.279966 3871.3212949138097 0.0
155.287838 3871.65745652415 0.0
155.295709 3871.993494433213 0.0
155.30358 3872.329479975225 0.0
155.311451 3872.665413240015 0.0
155.319322 3873.0012944128375 0.0
155.327193 3873.3371236463463 0.0
155.335064 3873.67290104588 0.0
155.342935 3874.0086268397317 0.0
155.350806 3874.3443011150557 0.0
155.358677 3874.679924054029 0.0
155.366548 3875.015495802269 0.0
155.374419 3875.351016464447 0.0
155.38229 3875.686486259623 0.0
155.390161 3876.0219052724156 0.0
155.398032 3876.357273682055 0.0
155.405903 3876.692591627501 0.0
155.413774 3877.0278592127734 0.0
155.421645 3877.3630766481865 0.0
155.429516 3877.698244015948 0.0
155.437387 3878.0333614924766 0.0
155.445258 3878.368429210428 0.0
155.453129 3878.703447273185 0.0
155.461001 3879.038486878351 0.0
155.468872 3879.373406104351 0.0
155.476743 3879.708276130842 0.0
155.484614 3880.043097084537 0.0
155.492485 3880.377869068174 0.0
155.500356 3880.712592275963 0.0
155.508227 3881.0472667856434 0.0
155.516098 3881.38189276837 0.0
155.523969 3881.7164703451954 0.0
155.53184 3882.0509996182686 0.0
155.539711 3882.3854807743514 0.0
155.547582 3882.71991388912 0.0
155.555453 3883.0542991313005 0.0
155.563324 3883.38863661658 0.0
155.571195 3883.7229264465377 0.0
155.579066 3884.0571688008818 0.0
155.586937 3884.391363753324 0.0
155.594808 3884.7255114702834 0.0
155.602679 3885.0596120623595 0.0
155.61055 3885.3936656305914 0.0
155.618421 3885.7276723479927 0.0
155.626292 3886.0616322864134 0.0
155.634163 3886.395545610086 0.0
155.642035 3886.729483326551 0.0
155.649906 3887.0633037228126 0.0
155.657777 3887.397077877315 0.0
155.665648 3887.730805860141 0.0
155.673519 3888.0644878334283 0.0
155.68139 3888.398123898392 0.0
155.689261 3888.7317141550543 0.0
155.697132 3889.0652587640816 0.0
155.705003 3889.398757793874 0.0
155.712874 3889.7322114046224 0.0
155.720745 3890.0656196931864 0.0
155.728616 3890.3989827591445 0.0
155.736487 3890.7323007574428 0.0
155.744358 3891.065573754893 0.0
155.752229 3891.398801909845 0.0
155.7601 3891.7319853150266 0.0
155.767971 3892.0651240696056 0.0
155.775842 3892.3982183230987 0.0
155.783713 3892.731268140809 0.0
155.791584 3893.0642736793648 0.0
155.799455 3893.39723502756 0.0
155.807326 3893.7301522841917 0.0
155.815198 3894.063096405778 0.0
155.823069 3894.395925822241 0.0
155.83094 3894.7287115103954 0.0
155.838811 3895.061453555316 0.0
155.846682 3895.3941520554463 0.0
155.854553 3895.726807150275 0.0
155.862424 3896.0594189023195 0.0
155.870295 3896.391987465078 0.0
155.878166 3896.7245129200664 0.0
155.886037 3897.056995365437 0.0
155.893908 3897.389434936029 0.0
155.901779 3897.721831693079 0.0
155.90965 3898.054185788694 0.0
155.917521 3898.3864973010036 0.0
155.925392 3898.7187663279096 0.0
155.933263 3899.050992999834 0.0
155.941134 3899.3831773768034 0.0
155.949005 3899.715319609644 0.0
155.956876 3900.0474197732547 0.0
155.964747 3900.379477965337 0.0
155.972618 3900.7114943121132 0.0
